	ensembl_id	gene_name
0	ENSG00000186092	OR4F5
1	ENSG00000187634	SAMD11
2	ENSG00000188976	NOC2L
3	ENSG00000187961	KLHL17
4	ENSG00000187583	PLEKHN1
5	ENSG00000187642	PERM1
6	ENSG00000188290	HES4
7	ENSG00000187608	ISG15
8	ENSG00000188157	AGRN
9	ENSG00000237330	RNF223
10	ENSG00000131591	C1orf159
11	ENSG00000162571	TTLL10
12	ENSG00000186891	TNFRSF18
13	ENSG00000186827	TNFRSF4
14	ENSG00000078808	SDF4
15	ENSG00000176022	B3GALT6
16	ENSG00000184163	C1QTNF12
17	ENSG00000160087	UBE2J2
18	ENSG00000162572	SCNN1D
19	ENSG00000131584	ACAP3
20	ENSG00000169972	PUSL1
21	ENSG00000127054	INTS11
22	ENSG00000224051	CPTP
23	ENSG00000169962	TAS1R3
24	ENSG00000107404	DVL1
25	ENSG00000162576	MXRA8
26	ENSG00000175756	AURKAIP1
27	ENSG00000221978	CCNL2
28	ENSG00000242485	MRPL20
29	ENSG00000235098	ANKRD65
30	ENSG00000205116	TMEM88B
31	ENSG00000179403	VWA1
32	ENSG00000215915	ATAD3C
33	ENSG00000160072	ATAD3B
34	ENSG00000197785	ATAD3A
35	ENSG00000205090	TMEM240
36	ENSG00000160075	SSU72
37	ENSG00000228594	FNDC10
38	ENSG00000197530	MIB2
39	ENSG00000189409	MMP23B
40	ENSG00000248333	CDK11B
41	ENSG00000189339	SLC35E2B
42	ENSG00000008128	CDK11A
43	ENSG00000008130	NADK
44	ENSG00000078369	GNB1
45	ENSG00000169885	CALML6
46	ENSG00000178821	TMEM52
47	ENSG00000142609	CFAP74
48	ENSG00000187730	GABRD
49	ENSG00000067606	PRKCZ
50	ENSG00000162585	FAAP20
51	ENSG00000157933	SKI
52	ENSG00000116151	MORN1
53	ENSG00000157916	RER1
54	ENSG00000157911	PEX10
55	ENSG00000149527	PLCH2
56	ENSG00000157881	PANK4
57	ENSG00000197921	HES5
58	ENSG00000157873	TNFRSF14
59	ENSG00000157870	PRXL2B
60	ENSG00000142606	MMEL1
61	ENSG00000215912	TTC34
62	ENSG00000169717	ACTRT2
63	ENSG00000142611	PRDM16
64	ENSG00000130762	ARHGEF16
65	ENSG00000162591	MEGF6
66	ENSG00000158109	TPRG1L
67	ENSG00000116213	WRAP73
68	ENSG00000078900	TP73
69	ENSG00000162592	CCDC27
70	ENSG00000235169	SMIM1
71	ENSG00000130764	LRRC47
72	ENSG00000116198	CEP104
73	ENSG00000169598	DFFB
74	ENSG00000198912	C1orf174
75	ENSG00000131697	NPHP4
76	ENSG00000069424	KCNAB2
77	ENSG00000116254	CHD5
78	ENSG00000116251	RPL22
79	ENSG00000158286	RNF207
80	ENSG00000116237	ICMT
81	ENSG00000173673	HES3
82	ENSG00000158292	GPR153
83	ENSG00000097021	ACOT7
84	ENSG00000069812	HES2
85	ENSG00000187017	ESPN
86	ENSG00000215788	TNFRSF25
87	ENSG00000171680	PLEKHG5
88	ENSG00000162408	NOL9
89	ENSG00000173662	TAS1R1
90	ENSG00000204859	ZBTB48
91	ENSG00000162413	KLHL21
92	ENSG00000116273	PHF13
93	ENSG00000041988	THAP3
94	ENSG00000007923	DNAJC11
95	ENSG00000171735	CAMTA1
96	ENSG00000049245	VAMP3
97	ENSG00000049246	PER3
98	ENSG00000049247	UTS2
99	ENSG00000049249	TNFRSF9
100	ENSG00000116288	PARK7
101	ENSG00000116285	ERRFI1
102	ENSG00000162426	SLC45A1
103	ENSG00000142599	RERE
104	ENSG00000074800	ENO1
105	ENSG00000131686	CA6
106	ENSG00000197241	SLC2A7
107	ENSG00000142583	SLC2A5
108	ENSG00000180758	GPR157
109	ENSG00000049239	H6PD
110	ENSG00000171621	SPSB1
111	ENSG00000171612	SLC25A33
112	ENSG00000188807	TMEM201
113	ENSG00000171608	PIK3CD
114	ENSG00000171603	CLSTN1
115	ENSG00000178585	CTNNBIP1
116	ENSG00000162441	LZIC
117	ENSG00000173614	NMNAT1
118	ENSG00000162444	RBP7
119	ENSG00000130939	UBE4B
120	ENSG00000054523	KIF1B
121	ENSG00000142657	PGD
122	ENSG00000175279	CENPS
123	ENSG00000241563	CORT
124	ENSG00000160049	DFFA
125	ENSG00000142655	PEX14
126	ENSG00000130940	CASZ1
127	ENSG00000175262	C1orf127
128	ENSG00000120948	TARDBP
129	ENSG00000009724	MASP2
130	ENSG00000116649	SRM
131	ENSG00000171824	EXOSC10
132	ENSG00000198793	MTOR
133	ENSG00000171819	ANGPTL7
134	ENSG00000120942	UBIAD1
135	ENSG00000204624	DISP3
136	ENSG00000116661	FBXO2
137	ENSG00000132879	FBXO44
138	ENSG00000116663	FBXO6
139	ENSG00000116670	MAD2L2
140	ENSG00000162490	DRAXIN
141	ENSG00000177674	AGTRAP
142	ENSG00000215910	C1orf167
143	ENSG00000177000	MTHFR
144	ENSG00000011021	CLCN6
145	ENSG00000175206	NPPA
146	ENSG00000120937	NPPB
147	ENSG00000116685	KIAA2013
148	ENSG00000083444	PLOD1
149	ENSG00000116688	MFN2
150	ENSG00000116691	MIIP
151	ENSG00000120949	TNFRSF8
152	ENSG00000028137	TNFRSF1B
153	ENSG00000048707	VPS13D
154	ENSG00000162496	DHRS3
155	ENSG00000204518	AADACL4
156	ENSG00000188984	AADACL3
157	ENSG00000157330	C1orf158
158	ENSG00000116726	PRAMEF12
159	ENSG00000116721	PRAMEF1
161	ENSG00000179172	HNRNPCL1
162	ENSG00000120952	PRAMEF2
163	ENSG00000243073	PRAMEF4
164	ENSG00000204510	PRAMEF7
165	ENSG00000232423	PRAMEF6
166	ENSG00000274764	PRAMEF27
168	ENSG00000229571	PRAMEF25
170	ENSG00000280267	PRAMEF26
171	ENSG00000179412	HNRNPCL4
172	ENSG00000204505	PRAMEF9
173	ENSG00000279169	PRAMEF13
176	ENSG00000182330	PRAMEF8
177	ENSG00000237700	PRAMEF33
178	ENSG00000204501	PRAMEF15
179	ENSG00000204481	PRAMEF14
180	ENSG00000204479	PRAMEF17
181	ENSG00000204478	PRAMEF20
182	ENSG00000162494	LRRC38
183	ENSG00000162493	PDPN
184	ENSG00000116731	PRDM2
185	ENSG00000189337	KAZN
186	ENSG00000171729	TMEM51
187	ENSG00000142621	FHAD1
188	ENSG00000142634	EFHD2
189	ENSG00000162438	CTRC
190	ENSG00000142615	CELA2A
191	ENSG00000215704	CELA2B
192	ENSG00000132906	CASP9
193	ENSG00000116138	DNAJC16
194	ENSG00000116771	AGMAT
195	ENSG00000197312	DDI2
196	ENSG00000215695	RSC1A1
197	ENSG00000116786	PLEKHM2
198	ENSG00000162461	SLC25A34
199	ENSG00000162460	TMEM82
200	ENSG00000162458	FBLIM1
201	ENSG00000233954	UQCRHL
202	ENSG00000065526	SPEN
203	ENSG00000116809	ZBTB17
204	ENSG00000183888	SRARP
205	ENSG00000173641	HSPB7
206	ENSG00000186510	CLCNKA
207	ENSG00000184908	CLCNKB
208	ENSG00000185519	FAM131C
209	ENSG00000142627	EPHA2
210	ENSG00000142632	ARHGEF19
211	ENSG00000132881	CPLANE2
212	ENSG00000037637	FBXO42
213	ENSG00000055070	SZRD1
214	ENSG00000187144	SPATA21
215	ENSG00000157191	NECAP2
216	ENSG00000219481	NBPF1
217	ENSG00000058453	CROCC
218	ENSG00000117122	MFAP2
219	ENSG00000159363	ATP13A2
220	ENSG00000117118	SDHB
221	ENSG00000117115	PADI2
222	ENSG00000142623	PADI1
223	ENSG00000142619	PADI3
224	ENSG00000159339	PADI4
225	ENSG00000276747	PADI6
226	ENSG00000179051	RCC2
227	ENSG00000074964	ARHGEF10L
228	ENSG00000117148	ACTL8
229	ENSG00000117154	IGSF21
230	ENSG00000179023	KLHDC7A
231	ENSG00000009709	PAX7
232	ENSG00000159423	ALDH4A1
233	ENSG00000169991	IFFO2
234	ENSG00000127481	UBR4
235	ENSG00000127463	EMC1
236	ENSG00000053372	MRTO4
237	ENSG00000162482	AKR7A3
238	ENSG00000053371	AKR7A2
239	ENSG00000040487	SLC66A1
240	ENSG00000077549	CAPZB
241	ENSG00000173436	MICOS10
242	ENSG00000158747	NBL1
243	ENSG00000158748	HTR6
244	ENSG00000162542	TMCO4
245	ENSG00000178828	RNF186
246	ENSG00000169914	OTUD3
247	ENSG00000188784	PLA2G2E
248	ENSG00000188257	PLA2G2A
249	ENSG00000127472	PLA2G5
250	ENSG00000117215	PLA2G2D
251	ENSG00000158786	PLA2G2F
252	ENSG00000187980	PLA2G2C
253	ENSG00000162543	UBXN10
254	ENSG00000158816	VWA5B1
255	ENSG00000162545	CAMK2N1
256	ENSG00000090432	MUL1
257	ENSG00000183114	FAM43B
258	ENSG00000158825	CDA
259	ENSG00000158828	PINK1
260	ENSG00000244038	DDOST
261	ENSG00000117245	KIF17
262	ENSG00000189410	SH2D5
263	ENSG00000127483	HP1BP3
264	ENSG00000075151	EIF4G3
265	ENSG00000117298	ECE1
266	ENSG00000142794	NBPF3
267	ENSG00000162551	ALPL
268	ENSG00000076864	RAP1GAP
269	ENSG00000090686	USP48
270	ENSG00000187942	LDLRAD2
271	ENSG00000142798	HSPG2
272	ENSG00000219073	CELA3B
273	ENSG00000142789	CELA3A
274	ENSG00000070831	CDC42
275	ENSG00000162552	WNT4
276	ENSG00000184677	ZBTB40
277	ENSG00000070886	EPHA8
278	ENSG00000173372	C1QA
279	ENSG00000159189	C1QC
280	ENSG00000173369	C1QB
281	ENSG00000133216	EPHB2
282	ENSG00000227868	TEX46
283	ENSG00000004487	KDM1A
284	ENSG00000169641	LUZP1
285	ENSG00000179546	HTR1D
286	ENSG00000125944	HNRNPR
287	ENSG00000125945	ZNF436
288	ENSG00000204219	TCEA3
289	ENSG00000088280	ASAP3
290	ENSG00000007968	E2F2
291	ENSG00000117318	ID3
292	ENSG00000142676	RPL11
293	ENSG00000011007	ELOA
294	ENSG00000057757	PITHD1
295	ENSG00000011009	LYPLA2
296	ENSG00000117308	GALE
297	ENSG00000117305	HMGCL
298	ENSG00000179163	FUCA1
299	ENSG00000188822	CNR2
300	ENSG00000189266	PNRC2
301	ENSG00000188529	SRSF10
302	ENSG00000142661	MYOM3
303	ENSG00000142677	IL22RA1
304	ENSG00000185436	IFNLR1
305	ENSG00000158055	GRHL3
306	ENSG00000001460	STPG1
307	ENSG00000001461	NIPAL3
308	ENSG00000117602	RCAN3
309	ENSG00000184454	NCMAP
310	ENSG00000133226	SRRM1
311	ENSG00000169504	CLIC4
312	ENSG00000020633	RUNX3
313	ENSG00000117614	SYF2
314	ENSG00000117616	RSRP1
315	ENSG00000187010	RHD
316	ENSG00000183726	TMEM50A
317	ENSG00000188672	RHCE
318	ENSG00000204178	MACO1
319	ENSG00000157978	LDLRAP1
320	ENSG00000117643	MAN1C1
321	ENSG00000162430	SELENON
322	ENSG00000117640	MTFR1L
323	ENSG00000127423	AUNIP
324	ENSG00000182749	PAQR7
325	ENSG00000117632	STMN1
326	ENSG00000158006	PAFAH2
327	ENSG00000158008	EXTL1
328	ENSG00000158014	SLC30A2
329	ENSG00000158022	TRIM63
330	ENSG00000175087	PDIK1L
331	ENSG00000197245	FAM110D
332	ENSG00000282872	C1orf232
333	ENSG00000236782	ZNF593OS
334	ENSG00000142675	CNKSR1
335	ENSG00000188782	CATSPER4
336	ENSG00000130695	CEP85
337	ENSG00000142669	SH3BGRL3
338	ENSG00000158062	UBXN11
339	ENSG00000169442	CD52
340	ENSG00000176092	CRYBG2
341	ENSG00000131914	LIN28A
342	ENSG00000117682	DHDDS
343	ENSG00000198830	HMGN2
344	ENSG00000117676	RPS6KA1
345	ENSG00000117713	ARID1A
346	ENSG00000060642	PIGV
347	ENSG00000204160	ZDHHC18
348	ENSG00000175793	SFN
349	ENSG00000142751	GPN2
350	ENSG00000198746	GPATCH3
351	ENSG00000090273	NUDC
352	ENSG00000131910	NR0B2
353	ENSG00000175707	KDF1
354	ENSG00000253368	TRNP1
355	ENSG00000158246	TENT5B
356	ENSG00000090020	SLC9A1
357	ENSG00000142784	WDTC1
358	ENSG00000186501	TMEM222
359	ENSG00000142765	SYTL1
360	ENSG00000142733	MAP3K6
361	ENSG00000142748	FCN3
362	ENSG00000174950	CD164L2
363	ENSG00000181773	GPR3
364	ENSG00000158195	WASF2
365	ENSG00000126705	AHDC1
366	ENSG00000000938	FGR
367	ENSG00000126709	IFI6
368	ENSG00000009780	FAM76A
369	ENSG00000117758	STX12
370	ENSG00000117751	PPP1R8
371	ENSG00000130775	THEMIS2
372	ENSG00000117748	RPA2
373	ENSG00000130768	SMPDL3B
374	ENSG00000158156	XKR8
375	ENSG00000158161	EYA3
376	ENSG00000169403	PTAFR
377	ENSG00000126698	DNAJC8
378	ENSG00000130770	ATP5IF1
379	ENSG00000130766	SESN2
380	ENSG00000130772	MED18
381	ENSG00000204138	PHACTR4
382	ENSG00000180198	RCC1
383	ENSG00000180098	TRNAU1AP
384	ENSG00000120656	TAF12
385	ENSG00000188060	RAB42
386	ENSG00000162419	GMEB1
387	ENSG00000198492	YTHDF2
388	ENSG00000116329	OPRD1
389	ENSG00000159023	EPB41
390	ENSG00000253304	TMEM200B
391	ENSG00000116350	SRSF4
392	ENSG00000116353	MECR
393	ENSG00000060656	PTPRU
394	ENSG00000162510	MATN1
395	ENSG00000162511	LAPTM5
396	ENSG00000162512	SDC3
397	ENSG00000134644	PUM1
398	ENSG00000084628	NKAIN1
399	ENSG00000060688	SNRNP40
400	ENSG00000121766	ZCCHC17
401	ENSG00000121769	FABP3
402	ENSG00000168528	SERINC2
403	ENSG00000142910	TINAGL1
404	ENSG00000121764	HCRTR1
405	ENSG00000162517	PEF1
406	ENSG00000084636	COL16A1
407	ENSG00000121753	ADGRB2
408	ENSG00000134668	SPOCD1
409	ENSG00000184007	PTP4A2
410	ENSG00000121774	KHDRBS1
411	ENSG00000121775	TMEM39B
412	ENSG00000025800	KPNA6
413	ENSG00000084652	TXLNA
414	ENSG00000160050	CCDC28B
415	ENSG00000160051	IQCC
416	ENSG00000222046	DCDC2B
417	ENSG00000160055	TMEM234
418	ENSG00000084623	EIF3I
419	ENSG00000183615	FAM167B
420	ENSG00000182866	LCK
421	ENSG00000116478	HDAC1
422	ENSG00000175130	MARCKSL1
423	ENSG00000162526	TSSK3
424	ENSG00000225828	FAM229A
425	ENSG00000160058	BSDC1
426	ENSG00000160062	ZBTB8A
427	ENSG00000176261	ZBTB8OS
428	ENSG00000162521	RBBP4
429	ENSG00000162520	SYNC
430	ENSG00000162522	KIAA1522
431	ENSG00000134684	YARS1
432	ENSG00000116497	S100PBP
433	ENSG00000160097	FNDC5
434	ENSG00000121905	HPCA
435	ENSG00000121900	TMEM54
436	ENSG00000116514	RNF19B
437	ENSG00000004455	AK2
438	ENSG00000142920	AZIN2
439	ENSG00000116525	TRIM62
440	ENSG00000160094	ZNF362
441	ENSG00000134686	PHC2
442	ENSG00000121903	ZSCAN20
443	ENSG00000121904	CSMD2
444	ENSG00000176256	HMGB4
445	ENSG00000142698	C1orf94
446	ENSG00000163866	SMIM12
447	ENSG00000189280	GJB5
448	ENSG00000189433	GJB4
449	ENSG00000188910	GJB3
450	ENSG00000187513	GJA4
451	ENSG00000116544	DLGAP3
452	ENSG00000243749	TMEM35B
453	ENSG00000163867	ZMYM6
454	ENSG00000197056	ZMYM1
455	ENSG00000116560	SFPQ
456	ENSG00000146463	ZMYM4
457	ENSG00000142687	KIAA0319L
458	ENSG00000020129	NCDN
459	ENSG00000116819	TFAP2E
460	ENSG00000126067	PSMB2
461	ENSG00000142686	C1orf216
462	ENSG00000092853	CLSPN
463	ENSG00000134698	AGO4
464	ENSG00000092850	TEKT2
465	ENSG00000116863	ADPRS
466	ENSG00000171812	COL8A2
467	ENSG00000054116	TRAPPC3
468	ENSG00000116871	MAP7D1
469	ENSG00000054118	THRAP3
470	ENSG00000214193	SH3D21
471	ENSG00000196182	STK40
472	ENSG00000181817	LSM10
473	ENSG00000116885	OSCP1
474	ENSG00000116898	MRPS15
475	ENSG00000119535	CSF3R
476	ENSG00000163873	GRIK3
477	ENSG00000163874	ZC3H12A
478	ENSG00000163875	MEAF6
479	ENSG00000163877	SNIP1
480	ENSG00000163879	DNALI1
481	ENSG00000134697	GNL2
482	ENSG00000169218	RSPO1
483	ENSG00000116922	C1orf109
484	ENSG00000134690	CDCA8
485	ENSG00000183317	EPHA10
486	ENSG00000185090	MANEAL
487	ENSG00000196449	YRDC
488	ENSG00000197982	C1orf122
489	ENSG00000188786	MTF1
490	ENSG00000204084	INPP5B
491	ENSG00000183431	SF3A3
492	ENSG00000183386	FHL3
493	ENSG00000183520	UTP11
494	ENSG00000185668	POU3F1
495	ENSG00000116954	RRAGC
496	ENSG00000214114	MYCBP
497	ENSG00000131233	GJA9
498	ENSG00000158315	RHBDL2
499	ENSG00000174574	AKIRIN1
500	ENSG00000168653	NDUFS5
501	ENSG00000127603	MACF1
502	ENSG00000183682	BMP8A
503	ENSG00000090621	PABPC4
504	ENSG00000163909	HEYL
505	ENSG00000116981	NT5C1A
506	ENSG00000116983	HPCAL4
507	ENSG00000084072	PPIE
508	ENSG00000116985	BMP8B
509	ENSG00000198754	OXCT2
510	ENSG00000043514	TRIT1
511	ENSG00000116990	MYCL
512	ENSG00000168389	MFSD2A
513	ENSG00000131236	CAP1
514	ENSG00000131238	PPT1
515	ENSG00000117000	RLF
516	ENSG00000188800	TMCO2
517	ENSG00000084073	ZMPSTE24
518	ENSG00000049089	COL9A2
519	ENSG00000084070	SMAP2
520	ENSG00000187801	ZFP69B
521	ENSG00000187815	ZFP69
522	ENSG00000164002	EXO5
523	ENSG00000117010	ZNF684
524	ENSG00000117016	RIMS3
525	ENSG00000066136	NFYC
526	ENSG00000117013	KCNQ4
527	ENSG00000179862	CITED4
528	ENSG00000171793	CTPS1
529	ENSG00000171790	SLFNL1
530	ENSG00000010803	SCMH1
532	ENSG00000127129	EDN2
533	ENSG00000127124	HIVEP3
534	ENSG00000044012	GUCA2B
535	ENSG00000197273	GUCA2A
536	ENSG00000198815	FOXJ3
537	ENSG00000177181	RIMKLA
538	ENSG00000066185	ZMYND12
539	ENSG00000127125	PPCS
540	ENSG00000186409	CCDC30
541	ENSG00000171960	PPIH
542	ENSG00000065978	YBX1
543	ENSG00000164007	CLDN19
544	ENSG00000117385	P3H1
545	ENSG00000164008	C1orf50
546	ENSG00000274386	TMEM269
547	ENSG00000177868	SVBP
548	ENSG00000164010	ERMAP
549	ENSG00000164011	ZNF691
550	ENSG00000117394	SLC2A1
551	ENSG00000186973	FAM183A
552	ENSG00000117395	EBNA1BP2
553	ENSG00000243710	CFAP57
554	ENSG00000179178	TMEM125
555	ENSG00000253313	C1orf210
556	ENSG00000066056	TIE1
557	ENSG00000117400	MPL
558	ENSG00000117399	CDC20
559	ENSG00000066322	ELOVL1
560	ENSG00000159479	MED8
561	ENSG00000198198	SZT2
562	ENSG00000142949	PTPRF
563	ENSG00000066135	KDM4A
564	ENSG00000126091	ST3GAL3
565	ENSG00000117407	ARTN
566	ENSG00000117408	IPO13
567	ENSG00000132768	DPH2
568	ENSG00000117410	ATP6V0B
569	ENSG00000117411	B4GALT2
570	ENSG00000159214	CCDC24
571	ENSG00000196517	SLC6A9
572	ENSG00000171872	KLF17
573	ENSG00000178028	DMAP1
574	ENSG00000117419	ERI3
575	ENSG00000187147	RNF220
576	ENSG00000126106	TMEM53
577	ENSG00000198520	ARMH1
578	ENSG00000142945	KIF2C
579	ENSG00000142937	RPS8
580	ENSG00000142959	BEST4
581	ENSG00000173846	PLK3
582	ENSG00000188396	DYNLT4
583	ENSG00000222009	BTBD19
584	ENSG00000117425	PTCH2
585	ENSG00000070785	EIF2B3
586	ENSG00000126107	HECTD3
587	ENSG00000126088	UROD
588	ENSG00000162415	ZSWIM5
589	ENSG00000186603	HPDL
590	ENSG00000132781	MUTYH
591	ENSG00000132773	TOE1
592	ENSG00000070759	TESK2
593	ENSG00000280670	CCDC163
594	ENSG00000132763	MMACHC
595	ENSG00000117450	PRDX1
596	ENSG00000117448	AKR1A1
597	ENSG00000132780	NASP
598	ENSG00000159588	CCDC17
599	ENSG00000159592	GPBP1L1
600	ENSG00000159596	TMEM69
601	ENSG00000197429	IPP
602	ENSG00000086015	MAST2
603	ENSG00000117461	PIK3R3
604	ENSG00000117472	TSPAN1
605	ENSG00000250719	P3R3URF
606	ENSG00000085998	POMGNT1
607	ENSG00000171357	LURAP1
608	ENSG00000085999	RAD54L
609	ENSG00000132128	LRRC41
610	ENSG00000173660	UQCRH
611	ENSG00000117481	NSUN4
612	ENSG00000117480	FAAH
613	ENSG00000197587	DMBX1
614	ENSG00000282881	TMEM275
615	ENSG00000162456	KNCN
616	ENSG00000079277	MKNK1
617	ENSG00000142961	MOB3C
618	ENSG00000123472	ATPAF1
619	ENSG00000186118	TEX38
620	ENSG00000159658	EFCAB14
621	ENSG00000142973	CYP4B1
622	ENSG00000187048	CYP4A11
623	ENSG00000186377	CYP4X1
624	ENSG00000186160	CYP4Z1
625	ENSG00000162365	CYP4A22
626	ENSG00000162366	PDZK1IP1
627	ENSG00000162367	TAL1
628	ENSG00000123473	STIL
629	ENSG00000162368	CMPK1
630	ENSG00000186790	FOXE3
631	ENSG00000186564	FOXD2
632	ENSG00000269113	TRABD2B
633	ENSG00000117834	SLC5A9
634	ENSG00000132122	SPATA6
635	ENSG00000186094	AGBL4
636	ENSG00000162373	BEND5
637	ENSG00000162374	ELAVL4
638	ENSG00000142700	DMRTA2
639	ENSG00000185104	FAF1
640	ENSG00000123080	CDKN2C
641	ENSG00000204006	C1orf185
642	ENSG00000123091	RNF11
643	ENSG00000085831	TTC39A
644	ENSG00000085832	EPS15
645	ENSG00000117859	OSBPL9
646	ENSG00000078618	NRDC
647	ENSG00000117862	TXNDC12
648	ENSG00000198841	KTI12
649	ENSG00000134717	BTF3L4
650	ENSG00000157077	ZFYVE9
651	ENSG00000154222	CC2D1B
652	ENSG00000085840	ORC1
653	ENSG00000134748	PRPF38A
654	ENSG00000134744	TUT4
655	ENSG00000116157	GPX7
656	ENSG00000182183	SHISAL2A
657	ENSG00000162377	COA7
658	ENSG00000162378	ZYG11B
659	ENSG00000203995	ZYG11A
660	ENSG00000121310	ECHDC2
661	ENSG00000116171	SCP2
662	ENSG00000174348	PODN
663	ENSG00000162383	SLC1A7
664	ENSG00000157184	CPT2
665	ENSG00000162384	CZIB
666	ENSG00000162385	MAGOH
667	ENSG00000157193	LRP8
668	ENSG00000143006	DMRTB1
669	ENSG00000174332	GLIS1
670	ENSG00000058804	NDC1
671	ENSG00000058799	YIPF1
672	ENSG00000211452	DIO1
673	ENSG00000081870	HSPB11
674	ENSG00000116212	LRRC42
675	ENSG00000203985	LDLRAD1
676	ENSG00000116209	TMEM59
677	ENSG00000116205	TCEANC2
678	ENSG00000157211	CDCP2
679	ENSG00000215883	CYB5RL
680	ENSG00000116221	MRPL37
681	ENSG00000157216	SSBP3
682	ENSG00000162390	ACOT11
683	ENSG00000162391	FAM151A
684	ENSG00000184313	MROH7
685	ENSG00000243725	TTC4
686	ENSG00000162396	PARS2
687	ENSG00000006555	TTC22
688	ENSG00000162398	LEXM
689	ENSG00000116133	DHCR24
690	ENSG00000143001	TMEM61
691	ENSG00000162399	BSND
692	ENSG00000169174	PCSK9
693	ENSG00000162402	USP24
694	ENSG00000162407	PLPP3
695	ENSG00000162409	PRKAA2
696	ENSG00000187889	FYB2
697	ENSG00000157131	C8A
698	ENSG00000021852	C8B
699	ENSG00000173406	DAB1
700	ENSG00000162600	OMA1
701	ENSG00000184292	TACSTD2
702	ENSG00000162601	MYSM1
703	ENSG00000177606	JUN
704	ENSG00000172456	FGGY
705	ENSG00000134709	HOOK1
706	ENSG00000134716	CYP2J2
707	ENSG00000162598	C1orf87
708	ENSG00000162599	NFIA
709	ENSG00000162604	TM2D1
710	ENSG00000132849	PATJ
711	ENSG00000240563	L1TD1
712	ENSG00000132854	KANK4
713	ENSG00000162607	USP1
714	ENSG00000116641	DOCK7
715	ENSG00000132855	ANGPTL3
716	ENSG00000125703	ATG4C
717	ENSG00000187140	FOXD3
718	ENSG00000088035	ALG6
719	ENSG00000142856	ITGB3BP
720	ENSG00000203965	EFCAB7
721	ENSG00000079739	PGM1
722	ENSG00000185483	ROR1
723	ENSG00000177414	UBE2U
724	ENSG00000158966	CACHD1
725	ENSG00000162437	RAVER2
726	ENSG00000162434	JAK1
727	ENSG00000162433	AK4
728	ENSG00000116675	DNAJC6
729	ENSG00000213625	LEPROT
730	ENSG00000116678	LEPR
731	ENSG00000184588	PDE4B
732	ENSG00000118473	SGIP1
733	ENSG00000152760	DYNLT5
734	ENSG00000172410	INSL5
735	ENSG00000152763	DNAI4
736	ENSG00000198160	MIER1
737	ENSG00000116704	SLC35D1
738	ENSG00000203963	C1orf141
739	ENSG00000162594	IL23R
740	ENSG00000081985	IL12RB2
741	ENSG00000142864	SERBP1
742	ENSG00000116717	GADD45A
743	ENSG00000172380	GNG12
744	ENSG00000162595	DIRAS3
745	ENSG00000116729	WLS
746	ENSG00000116745	RPE65
747	ENSG00000024526	DEPDC1
748	ENSG00000066557	LRRC40
749	ENSG00000116754	SRSF11
750	ENSG00000118454	ANKRD13C
751	ENSG00000116761	CTH
752	ENSG00000050628	PTGER3
753	ENSG00000132485	ZRANB2
754	ENSG00000162620	LRRIQ3
755	ENSG00000254685	FPGT
756	ENSG00000116783	TNNI3K
757	ENSG00000162621	LRRC53
758	ENSG00000178965	ERICH3
759	ENSG00000116791	CRYZ
760	ENSG00000162623	TYW3
761	ENSG00000162624	LHX8
762	ENSG00000137968	SLC44A5
763	ENSG00000117054	ACADM
764	ENSG00000137955	RABGGTB
765	ENSG00000057468	MSH4
766	ENSG00000154007	ASB17
767	ENSG00000184005	ST6GALNAC3
768	ENSG00000117069	ST6GALNAC5
769	ENSG00000142892	PIGK
770	ENSG00000154027	AK5
771	ENSG00000036549	ZZZ3
772	ENSG00000077254	USP33
773	ENSG00000180488	MIGA1
774	ENSG00000162614	NEXN
775	ENSG00000162613	FUBP1
776	ENSG00000162616	DNAJB4
777	ENSG00000137960	GIPC2
778	ENSG00000122420	PTGFR
779	ENSG00000137959	IFI44L
780	ENSG00000137965	IFI44
781	ENSG00000162618	ADGRL4
782	ENSG00000117114	ADGRL2
783	ENSG00000137941	TTLL7
784	ENSG00000142875	PRKACB
785	ENSG00000203943	SAMD13
786	ENSG00000137976	DNASE2B
787	ENSG00000117133	RPF1
788	ENSG00000174021	GNG5
789	ENSG00000122432	SPATA1
790	ENSG00000117151	CTBS
791	ENSG00000117155	SSX2IP
792	ENSG00000171517	LPAR3
793	ENSG00000153898	MCOLN2
794	ENSG00000162643	DNAI3
795	ENSG00000055732	MCOLN3
796	ENSG00000097096	SYDE2
797	ENSG00000162642	C1orf52
798	ENSG00000142867	BCL10
799	ENSG00000153904	DDAH1
800	ENSG00000142871	CCN1
801	ENSG00000117174	ZNHIT6
802	ENSG00000171502	COL24A1
803	ENSG00000122417	ODF2L
804	ENSG00000137975	CLCA2
805	ENSG00000016490	CLCA1
806	ENSG00000016602	CLCA4
807	ENSG00000097033	SH3GLB1
808	ENSG00000183291	SELENOF
809	ENSG00000153936	HS2ST1
810	ENSG00000143013	LMO4
811	ENSG00000065243	PKN2
812	ENSG00000137947	GTF2B
813	ENSG00000137944	KYAT3
814	ENSG00000213516	RBMXL1
815	ENSG00000117226	GBP3
816	ENSG00000117228	GBP1
817	ENSG00000162645	GBP2
818	ENSG00000213512	GBP7
819	ENSG00000162654	GBP4
820	ENSG00000154451	GBP5
821	ENSG00000183347	GBP6
822	ENSG00000197147	LRRC8B
823	ENSG00000171488	LRRC8C
824	ENSG00000171492	LRRC8D
825	ENSG00000162664	ZNF326
826	ENSG00000143032	BARHL2
827	ENSG00000122482	ZNF644
828	ENSG00000162669	HFM1
829	ENSG00000097046	CDC7
830	ENSG00000069702	TGFBR3
831	ENSG00000137948	BRDT
832	ENSG00000172031	EPHX4
833	ENSG00000189195	BTBD8
834	ENSG00000203910	C1orf146
835	ENSG00000174842	GLMN
836	ENSG00000162676	GFI1
837	ENSG00000067208	EVI5
838	ENSG00000122406	RPL5
839	ENSG00000154511	DIPK1A
840	ENSG00000143033	MTF2
841	ENSG00000117500	TMED5
842	ENSG00000122483	CCDC18
843	ENSG00000117505	DR1
844	ENSG00000137942	FNBP1L
845	ENSG00000137936	BCAR3
846	ENSG00000067334	DNTTIP2
847	ENSG00000023909	GCLM
848	ENSG00000198691	ABCA4
849	ENSG00000137962	ARHGAP29
850	ENSG00000117528	ABCD3
851	ENSG00000117525	F3
852	ENSG00000143036	SLC44A3
853	ENSG00000117519	CNN3
854	ENSG00000172339	ALG14
855	ENSG00000152078	TLCD4
856	ENSG00000122481	RWDD3
857	ENSG00000188641	DPYD
858	ENSG00000162627	SNX7
859	ENSG00000117598	PLPPR5
860	ENSG00000117600	PLPPR4
861	ENSG00000099260	PALMD
862	ENSG00000156869	FRRS1
863	ENSG00000162688	AGL
864	ENSG00000156875	MFSD14A
865	ENSG00000156876	SASS6
866	ENSG00000122435	TRMT13
867	ENSG00000122477	LRRC39
868	ENSG00000137992	DBT
869	ENSG00000137996	RTCA
870	ENSG00000079335	CDC14A
871	ENSG00000181656	GPR88
872	ENSG00000162692	VCAM1
873	ENSG00000162694	EXTL2
874	ENSG00000162695	SLC30A7
875	ENSG00000117543	DPH5
876	ENSG00000170989	S1PR1
877	ENSG00000118733	OLFM3
878	ENSG00000060718	COL11A1
879	ENSG00000185946	RNPC3
880	ENSG00000240038	AMY2B
881	ENSG00000243480	AMY2A
882	ENSG00000237763	AMY1A
883	ENSG00000174876	AMY1B
884	ENSG00000187733	AMY1C
885	ENSG00000198890	PRMT6
886	ENSG00000162631	NTNG1
887	ENSG00000134215	VAV3
888	ENSG00000085491	SLC25A24
889	ENSG00000196427	NBPF4
890	ENSG00000186086	NBPF6
891	ENSG00000162636	FAM102B
892	ENSG00000162639	HENMT1
893	ENSG00000134186	PRPF38B
894	ENSG00000143107	FNDC7
895	ENSG00000116266	STXBP3
896	ENSG00000162641	AKNAD1
897	ENSG00000121957	GPSM2
898	ENSG00000121940	CLCC1
899	ENSG00000085433	WDR47
900	ENSG00000197780	TAF13
901	ENSG00000215717	TMEM167B
902	ENSG00000179902	C1orf194
903	ENSG00000116299	ELAPOR1
904	ENSG00000031698	SARS1
905	ENSG00000143126	CELSR2
906	ENSG00000134222	PSRC1
907	ENSG00000221986	MYBPHL
908	ENSG00000134243	SORT1
909	ENSG00000143106	PSMA5
910	ENSG00000143028	SYPL2
911	ENSG00000162650	ATXN7L2
912	ENSG00000174151	CYB561D1
913	ENSG00000181754	AMIGO1
914	ENSG00000156097	GPR61
915	ENSG00000065135	GNAI3
916	ENSG00000134183	GNAT2
917	ENSG00000116337	AMPD2
918	ENSG00000168765	GSTM4
919	ENSG00000213366	GSTM2
920	ENSG00000134184	GSTM1
921	ENSG00000134201	GSTM5
922	ENSG00000134202	GSTM3
923	ENSG00000198758	EPS8L3
924	ENSG00000184371	CSF1
925	ENSG00000168710	AHCYL1
926	ENSG00000143093	STRIP1
927	ENSG00000156150	ALX3
928	ENSG00000186150	UBL4B
929	ENSG00000197106	SLC6A17
930	ENSG00000162775	RBM15
931	ENSG00000168679	SLC16A4
932	ENSG00000134248	LAMTOR5
933	ENSG00000143125	PROK1
934	ENSG00000143105	KCNA10
935	ENSG00000177301	KCNA2
936	ENSG00000177272	KCNA3
937	ENSG00000143119	CD53
938	ENSG00000121931	LRIF1
939	ENSG00000156171	DRAM2
940	ENSG00000134255	CEPT1
941	ENSG00000162777	DENND2D
942	ENSG00000064886	CHI3L2
943	ENSG00000134216	CHIA
944	ENSG00000173947	PIFO
945	ENSG00000085465	OVGP1
946	ENSG00000116455	WDR77
947	ENSG00000116459	ATP5PB
948	ENSG00000143110	C1orf162
949	ENSG00000121933	TMIGD3
950	ENSG00000282608	ADORA3
951	ENSG00000116473	RAP1A
952	ENSG00000197852	INKA2
953	ENSG00000064703	DDX20
954	ENSG00000171385	KCND3
955	ENSG00000143079	CTTNBP2NL
956	ENSG00000134245	WNT2B
957	ENSG00000007341	ST7L
958	ENSG00000116489	CAPZA1
959	ENSG00000155363	MOV10
960	ENSG00000155366	RHOC
961	ENSG00000155367	PPM1J
962	ENSG00000184599	TAFA3
963	ENSG00000155380	SLC16A1
964	ENSG00000198799	LRIG2
965	ENSG00000081026	MAGI3
966	ENSG00000116793	PHTF1
967	ENSG00000081019	RSBN1
968	ENSG00000134242	PTPN22
969	ENSG00000188761	BCL2L15
970	ENSG00000134262	AP4B1
971	ENSG00000118655	DCLRE1B
972	ENSG00000163349	HIPK1
973	ENSG00000116774	OLFML3
974	ENSG00000134207	SYT6
975	ENSG00000197323	TRIM33
976	ENSG00000116752	BCAS2
977	ENSG00000175984	DENND2C
978	ENSG00000213281	NRAS
979	ENSG00000009307	CSDE1
980	ENSG00000052723	SIKE1
981	ENSG00000198765	SYCP1
982	ENSG00000134200	TSHB
983	ENSG00000134198	TSPAN2
984	ENSG00000134259	NGF
985	ENSG00000173218	VANGL1
986	ENSG00000118729	CASQ2
987	ENSG00000177551	NHLH2
988	ENSG00000163393	SLC22A15
989	ENSG00000173212	MAB21L3
990	ENSG00000163399	ATP1A1
991	ENSG00000116815	CD58
992	ENSG00000143061	IGSF3
993	ENSG00000116824	CD2
994	ENSG00000134247	PTGFRN
995	ENSG00000134256	CD101
996	ENSG00000116830	TTF2
997	ENSG00000134253	TRIM45
998	ENSG00000134258	VTCN1
999	ENSG00000198162	MAN1A2
1000	ENSG00000183508	TENT5C
1001	ENSG00000196505	GDAP2
1002	ENSG00000065183	WDR3
1003	ENSG00000155761	SPAG17
1004	ENSG00000092607	TBX15
1005	ENSG00000116874	WARS2
1006	ENSG00000116882	HAO2
1007	ENSG00000203859	HSD3B2
1008	ENSG00000203857	HSD3B1
1009	ENSG00000143067	ZNF697
1010	ENSG00000092621	PHGDH
1011	ENSG00000134240	HMGCS2
1012	ENSG00000134193	REG4
1013	ENSG00000134249	ADAM30
1014	ENSG00000134250	NOTCH2
1015	ENSG00000265808	SEC22B
1017	ENSG00000273136	NBPF26
1018	ENSG00000263353	PPIAL4A
1019	ENSG00000198019	FCGR1B
1020	ENSG00000188610	FAM72B
1021	ENSG00000171943	SRGAP2C
1023	ENSG00000263513	FAM72C
1024	ENSG00000271567	PPIAL4E
1025	ENSG00000266338	NBPF15
1027	ENSG00000196369	SRGAP2B
1028	ENSG00000215784	FAM72D
1030	ENSG00000162825	NBPF20
1031	ENSG00000117262	GPR89A
1032	ENSG00000174827	PDZK1
1033	ENSG00000117281	CD160
1034	ENSG00000265491	RNF115
1035	ENSG00000186141	POLR3C
1036	ENSG00000186364	NUDT17
1037	ENSG00000131788	PIAS3
1038	ENSG00000198483	ANKRD35
1039	ENSG00000143127	ITGA10
1040	ENSG00000131779	PEX11B
1041	ENSG00000265241	RBM8A
1042	ENSG00000271601	LIX1L
1043	ENSG00000272031	ANKRD34A
1044	ENSG00000121851	POLR3GL
1045	ENSG00000265972	TXNIP
1046	ENSG00000168509	HJV
1047	ENSG00000271425	NBPF10
1048	ENSG00000264343	NOTCH2NLA
1049	ENSG00000270339	PPIAL4H
1050	ENSG00000268043	NBPF12
1051	ENSG00000131791	PRKAB2
1052	ENSG00000131781	FMO5
1053	ENSG00000131778	CHD1L
1054	ENSG00000116128	BCL9
1055	ENSG00000162836	ACP6
1056	ENSG00000265107	GJA5
1057	ENSG00000188092	GPR89B
1058	ENSG00000263956	NBPF11
1059	ENSG00000236334	PPIAL4G
1060	ENSG00000270629	NBPF14
1062	ENSG00000177144	NUDT4B
1063	ENSG00000178104	PDE4DIP
1064	ENSG00000269713	NBPF9
1066	ENSG00000271383	NBPF19
1068	ENSG00000150337	FCGR1A
1069	ENSG00000203814	H2BC18
1070	ENSG00000183598	H3C13
1071	ENSG00000270882	H4C14
1072	ENSG00000203811	H3C14
1075	ENSG00000203852	H3C15
1076	ENSG00000270276	H4C15
1077	ENSG00000184678	H2BC21
1078	ENSG00000184260	H2AC20
1079	ENSG00000184270	H2AC21
1080	ENSG00000178096	BOLA1
1081	ENSG00000159164	SV2A
1082	ENSG00000143368	SF3B4
1083	ENSG00000014914	MTMR11
1084	ENSG00000264522	OTUD7B
1085	ENSG00000136631	VPS45
1086	ENSG00000023902	PLEKHO1
1087	ENSG00000143401	ANP32E
1088	ENSG00000118298	CA14
1089	ENSG00000117362	APH1A
1090	ENSG00000118292	C1orf54
1091	ENSG00000159208	CIART
1092	ENSG00000266472	MRPS21
1093	ENSG00000117360	PRPF3
1094	ENSG00000163125	RPRD2
1095	ENSG00000143374	TARS2
1096	ENSG00000143369	ECM1
1097	ENSG00000143382	ADAMTSL4
1098	ENSG00000143384	MCL1
1099	ENSG00000143420	ENSA
1100	ENSG00000143457	GOLPH3L
1101	ENSG00000143452	HORMAD1
1102	ENSG00000163131	CTSS
1103	ENSG00000143387	CTSK
1104	ENSG00000143437	ARNT
1105	ENSG00000283324	CTXND2
1106	ENSG00000143379	SETDB1
1107	ENSG00000143418	CERS2
1108	ENSG00000143412	ANXA9
1109	ENSG00000143409	MINDY1
1110	ENSG00000143363	PRUNE1
1111	ENSG00000163141	BNIPL
1112	ENSG00000143443	C1orf56
1113	ENSG00000197622	CDC42SE1
1114	ENSG00000213190	MLLT11
1115	ENSG00000143458	GABPB2
1116	ENSG00000143434	SEMA6C
1117	ENSG00000163154	TNFAIP8L2
1118	ENSG00000163156	SCNM1
1119	ENSG00000163155	LYSMD1
1120	ENSG00000163157	TMOD4
1121	ENSG00000163159	VPS72
1122	ENSG00000143398	PIP5K1A
1123	ENSG00000159352	PSMD4
1124	ENSG00000143373	ZNF687
1125	ENSG00000143393	PI4KB
1126	ENSG00000143390	RFX5
1127	ENSG00000143416	SELENBP1
1128	ENSG00000159377	PSMB4
1129	ENSG00000143442	POGZ
1130	ENSG00000143375	CGN
1131	ENSG00000143367	TUFT1
1132	ENSG00000143376	SNX27
1133	ENSG00000159409	CELF3
1134	ENSG00000178796	RIIAD1
1135	ENSG00000143436	MRPL9
1136	ENSG00000143450	OAZ3
1137	ENSG00000182134	TDRKH
1138	ENSG00000213171	LINGO4
1139	ENSG00000143365	RORC
1140	ENSG00000225556	C2CD4D
1141	ENSG00000196407	THEM5
1142	ENSG00000159445	THEM4
1143	ENSG00000197747	S100A10
1144	ENSG00000163191	S100A11
1145	ENSG00000182898	TCHHL1
1146	ENSG00000159450	TCHH
1147	ENSG00000215853	RPTN
1148	ENSG00000197915	HRNR
1149	ENSG00000143631	FLG
1150	ENSG00000143520	FLG2
1151	ENSG00000143536	CRNN
1152	ENSG00000186207	LCE5A
1153	ENSG00000169509	CRCT1
1154	ENSG00000185966	LCE3E
1155	ENSG00000163202	LCE3D
1156	ENSG00000244057	LCE3C
1157	ENSG00000187223	LCE2D
1158	ENSG00000187180	LCE2C
1159	ENSG00000159455	LCE2B
1160	ENSG00000187173	LCE2A
1161	ENSG00000187170	LCE4A
1162	ENSG00000198854	C1orf68
1163	ENSG00000203786	KPRP
1164	ENSG00000240386	LCE1F
1165	ENSG00000186226	LCE1E
1166	ENSG00000172155	LCE1D
1167	ENSG00000197084	LCE1C
1168	ENSG00000196734	LCE1B
1169	ENSG00000186844	LCE1A
1170	ENSG00000235942	LCE6A
1171	ENSG00000163206	SMCP
1172	ENSG00000163207	IVL
1173	ENSG00000283227	SPRR5
1174	ENSG00000184148	SPRR4
1175	ENSG00000163209	SPRR3
1176	ENSG00000169469	SPRR1B
1177	ENSG00000163216	SPRR2D
1178	ENSG00000241794	SPRR2A
1179	ENSG00000196805	SPRR2B
1180	ENSG00000203785	SPRR2E
1181	ENSG00000244094	SPRR2F
1182	ENSG00000159516	SPRR2G
1183	ENSG00000203784	LELP1
1184	ENSG00000203783	PRR9
1185	ENSG00000203782	LORICRIN
1186	ENSG00000159527	PGLYRP3
1187	ENSG00000163218	PGLYRP4
1188	ENSG00000163220	S100A9
1189	ENSG00000163221	S100A12
1190	ENSG00000143546	S100A8
1191	ENSG00000184330	S100A7A
1192	ENSG00000143556	S100A7
1193	ENSG00000197956	S100A6
1194	ENSG00000196420	S100A5
1195	ENSG00000196154	S100A4
1196	ENSG00000188015	S100A3
1197	ENSG00000196754	S100A2
1198	ENSG00000188643	S100A16
1199	ENSG00000189334	S100A14
1200	ENSG00000189171	S100A13
1201	ENSG00000160678	S100A1
1202	ENSG00000160679	CHTOP
1203	ENSG00000143553	SNAPIN
1204	ENSG00000143621	ILF2
1205	ENSG00000169418	NPR1
1206	ENSG00000143624	INTS3
1207	ENSG00000143554	SLC27A3
1208	ENSG00000143614	GATAD2B
1209	ENSG00000198837	DENND4B
1210	ENSG00000160741	CRTC2
1211	ENSG00000143570	SLC39A1
1212	ENSG00000143578	CREB3L4
1213	ENSG00000143543	JTB
1214	ENSG00000143545	RAB13
1215	ENSG00000177954	RPS27
1216	ENSG00000143552	NUP210L
1217	ENSG00000143549	TPM3
1218	ENSG00000163263	C1orf189
1219	ENSG00000143612	C1orf43
1220	ENSG00000143569	UBAP2L
1221	ENSG00000143575	HAX1
1222	ENSG00000143595	AQP10
1223	ENSG00000143515	ATP8B2
1224	ENSG00000160712	IL6R
1225	ENSG00000169291	SHE
1226	ENSG00000163239	TDRD10
1227	ENSG00000160714	UBE2Q1
1228	ENSG00000160716	CHRNB2
1229	ENSG00000160710	ADAR
1230	ENSG00000163344	PMVK
1231	ENSG00000163346	PBXIP1
1232	ENSG00000163348	PYGO2
1233	ENSG00000160691	SHC1
1234	ENSG00000173207	CKS1B
1235	ENSG00000160688	FLAD1
1236	ENSG00000163352	LENEP
1237	ENSG00000160685	ZBTB7B
1238	ENSG00000163357	DCST1
1239	ENSG00000143537	ADAM15
1240	ENSG00000243364	EFNA4
1241	ENSG00000143590	EFNA3
1242	ENSG00000169242	EFNA1
1243	ENSG00000169241	SLC50A1
1244	ENSG00000179085	DPM3
1245	ENSG00000163463	KRTCAP2
1246	ENSG00000163462	TRIM46
1247	ENSG00000185499	MUC1
1248	ENSG00000169231	THBS3
1249	ENSG00000173171	MTX1
1250	ENSG00000177628	GBA
1251	ENSG00000160767	FAM189B
1252	ENSG00000116521	SCAMP3
1253	ENSG00000176444	CLK2
1254	ENSG00000143630	HCN3
1255	ENSG00000143627	PKLR
1256	ENSG00000160752	FDPS
1257	ENSG00000160753	RUSC1
1258	ENSG00000116539	ASH1L
1259	ENSG00000125459	MSTO1
1260	ENSG00000163374	YY1AP1
1261	ENSG00000132676	DAP3
1262	ENSG00000116580	GON4L
1263	ENSG00000132718	SYT11
1264	ENSG00000143622	RIT1
1265	ENSG00000132680	KHDC4
1266	ENSG00000173080	RXFP4
1267	ENSG00000116584	ARHGEF2
1268	ENSG00000163479	SSR2
1269	ENSG00000160803	UBQLN4
1270	ENSG00000116586	LAMTOR2
1271	ENSG00000132698	RAB25
1272	ENSG00000254726	MEX3A
1273	ENSG00000160789	LMNA
1274	ENSG00000196189	SEMA4A
1275	ENSG00000160785	SLC25A44
1276	ENSG00000160783	PMF1
1277	ENSG00000242252	BGLAP
1278	ENSG00000160781	PAQR6
1279	ENSG00000198952	SMG5
1280	ENSG00000163472	TMEM79
1281	ENSG00000198715	GLMP
1282	ENSG00000189030	VHLL
1283	ENSG00000163468	CCT3
1284	ENSG00000163467	TSACC
1285	ENSG00000132677	RHBG
1286	ENSG00000116604	MEF2D
1287	ENSG00000183856	IQGAP3
1288	ENSG00000187862	TTC24
1289	ENSG00000163382	NAXE
1290	ENSG00000160818	GPATCH4
1291	ENSG00000132702	HAPLN2
1292	ENSG00000132692	BCAN
1293	ENSG00000132688	NES
1294	ENSG00000143320	CRABP2
1295	ENSG00000143319	ISG20L2
1296	ENSG00000143303	METTL25B
1297	ENSG00000143314	MRPL24
1298	ENSG00000143321	HDGF
1299	ENSG00000143294	PRCC
1300	ENSG00000027869	SH2D2A
1301	ENSG00000198400	NTRK1
1302	ENSG00000027644	INSRR
1303	ENSG00000187800	PEAR1
1304	ENSG00000160838	LRRC71
1305	ENSG00000132694	ARHGEF11
1306	ENSG00000253831	ETV3L
1307	ENSG00000117036	ETV3
1308	ENSG00000143297	FCRL5
1309	ENSG00000163518	FCRL4
1310	ENSG00000160856	FCRL3
1311	ENSG00000132704	FCRL2
1312	ENSG00000163534	FCRL1
1313	ENSG00000073754	CD5L
1314	ENSG00000183853	KIRREL1
1316	ENSG00000158473	CD1D
1317	ENSG00000158477	CD1A
1318	ENSG00000158481	CD1C
1319	ENSG00000158485	CD1B
1320	ENSG00000158488	CD1E
1321	ENSG00000180708	OR10K2
1322	ENSG00000173285	OR10K1
1323	ENSG00000198965	OR10R2
1324	ENSG00000197532	OR6Y1
1325	ENSG00000186440	OR6P1
1326	ENSG00000198967	OR10Z1
1327	ENSG00000163554	SPTA1
1328	ENSG00000203757	OR6K3
1329	ENSG00000197403	OR6N1
1330	ENSG00000180433	OR6K6
1331	ENSG00000188340	OR6N2
1332	ENSG00000163563	MNDA
1333	ENSG00000163564	PYHIN1
1334	ENSG00000163565	IFI16
1335	ENSG00000163568	AIM2
1336	ENSG00000162706	CADM3
1337	ENSG00000213088	ACKR1
1338	ENSG00000179639	FCER1A
1339	ENSG00000196184	OR10J1
1340	ENSG00000132703	APCS
1341	ENSG00000132693	CRP
1342	ENSG00000158716	DUSP23
1343	ENSG00000181036	FCRL6
1344	ENSG00000158714	SLAMF8
1345	ENSG00000243284	VSIG8
1346	ENSG00000213085	CFAP45
1347	ENSG00000158710	TAGLN2
1348	ENSG00000085552	IGSF9
1349	ENSG00000162723	SLAMF9
1350	ENSG00000177807	KCNJ10
1351	ENSG00000143315	PIGM
1352	ENSG00000162728	KCNJ9
1353	ENSG00000162729	IGSF8
1354	ENSG00000018625	ATP1A2
1355	ENSG00000132681	ATP1A4
1356	ENSG00000143318	CASQ1
1357	ENSG00000162734	PEA15
1358	ENSG00000132716	DCAF8
1359	ENSG00000162735	PEX19
1360	ENSG00000122218	COPA
1361	ENSG00000162736	NCSTN
1362	ENSG00000171786	NHLH1
1363	ENSG00000162738	VANGL2
1364	ENSG00000162739	SLAMF6
1365	ENSG00000066294	CD84
1366	ENSG00000117090	SLAMF1
1367	ENSG00000117091	CD48
1368	ENSG00000026751	SLAMF7
1369	ENSG00000122224	LY9
1370	ENSG00000122223	CD244
1371	ENSG00000179914	ITLN1
1372	ENSG00000158764	ITLN2
1373	ENSG00000158769	F11R
1374	ENSG00000215845	TSTD1
1375	ENSG00000158773	USF1
1376	ENSG00000186517	ARHGAP30
1377	ENSG00000143217	NECTIN4
1378	ENSG00000162755	KLHDC9
1379	ENSG00000143256	PFDN2
1380	ENSG00000158793	NIT1
1381	ENSG00000158796	DEDD
1382	ENSG00000143222	UFC1
1383	ENSG00000143258	USP21
1384	ENSG00000143224	PPOX
1385	ENSG00000158850	B4GALT3
1386	ENSG00000158859	ADAMTS4
1387	ENSG00000158864	NDUFS2
1388	ENSG00000158869	FCER1G
1389	ENSG00000158874	APOA2
1390	ENSG00000158882	TOMM40L
1391	ENSG00000143257	NR1I3
1392	ENSG00000248485	PCP4L1
1393	ENSG00000158887	MPZ
1394	ENSG00000143252	SDHC
1395	ENSG00000188931	CFAP126
1396	ENSG00000143226	FCGR2A
1397	ENSG00000173110	HSPA6
1398	ENSG00000203747	FCGR3A
1399	ENSG00000162747	FCGR3B
1400	ENSG00000072694	FCGR2B
1401	ENSG00000132185	FCRLA
1402	ENSG00000162746	FCRLB
1403	ENSG00000081721	DUSP12
1404	ENSG00000118217	ATF6
1405	ENSG00000162745	OLFML2B
1406	ENSG00000198929	NOS1AP
1407	ENSG00000171722	SPATA46
1408	ENSG00000239887	C1orf226
1409	ENSG00000198574	SH2D1B
1410	ENSG00000152332	UHMK1
1411	ENSG00000117143	UAP1
1412	ENSG00000162733	DDR2
1413	ENSG00000132196	HSD17B7
1414	ENSG00000185860	CCDC190
1415	ENSG00000117152	RGS4
1416	ENSG00000143248	RGS5
1417	ENSG00000143228	NUF2
1418	ENSG00000185630	PBX1
1419	ENSG00000162761	LMX1A
1420	ENSG00000143171	RXRG
1421	ENSG00000162763	LRRC52
1422	ENSG00000143198	MGST3
1423	ENSG00000143149	ALDH9A1
1424	ENSG00000143183	TMCO1
1425	ENSG00000143179	UCK2
1426	ENSG00000188859	FAM78B
1427	ENSG00000143157	POGK
1428	ENSG00000152382	TADA1
1429	ENSG00000143194	MAEL
1430	ENSG00000143167	GPA33
1431	ENSG00000198842	STYXL2
1432	ENSG00000198821	CD247
1433	ENSG00000143162	CREG1
1434	ENSG00000198771	RCSD1
1435	ENSG00000197965	MPZL1
1436	ENSG00000143199	ADCY10
1437	ENSG00000143158	MPC2
1438	ENSG00000143164	DCAF6
1439	ENSG00000143147	GPR161
1440	ENSG00000143155	TIPRL
1441	ENSG00000143178	TBX19
1442	ENSG00000143185	XCL2
1443	ENSG00000143184	XCL1
1444	ENSG00000143196	DPT
1445	ENSG00000143153	ATP1B1
1446	ENSG00000143156	NME7
1447	ENSG00000117475	BLZF1
1448	ENSG00000117477	CCDC181
1449	ENSG00000117479	SLC19A2
1450	ENSG00000198734	F5
1451	ENSG00000174175	SELP
1452	ENSG00000000460	C1orf112
1453	ENSG00000188404	SELL
1454	ENSG00000007908	SELE
1455	ENSG00000171806	METTL18
1456	ENSG00000000457	SCYL3
1457	ENSG00000075945	KIFAP3
1458	ENSG00000203740	NTMT2
1459	ENSG00000120370	GORAB
1460	ENSG00000116132	PRRX1
1461	ENSG00000117501	MROH9
1462	ENSG00000007933	FMO3
1463	ENSG00000094963	FMO2
1464	ENSG00000010932	FMO1
1465	ENSG00000076258	FMO4
1466	ENSG00000117523	PRRC2C
1467	ENSG00000283683	MYOCOS
1468	ENSG00000034971	MYOC
1469	ENSG00000117533	VAMP4
1470	ENSG00000010165	METTL13
1471	ENSG00000197959	DNM3
1472	ENSG00000135845	PIGC
1473	ENSG00000180999	C1orf105
1474	ENSG00000094975	SUCO
1475	ENSG00000117560	FASLG
1476	ENSG00000120337	TNFSF18
1477	ENSG00000117586	TNFSF4
1478	ENSG00000117592	PRDX6
1479	ENSG00000162753	SLC9C2
1480	ENSG00000183831	ANKRD45
1481	ENSG00000232113	TEX50
1482	ENSG00000076321	KLHL20
1483	ENSG00000120334	CENPL
1484	ENSG00000117593	DARS2
1485	ENSG00000117601	SERPINC1
1486	ENSG00000135870	RC3H1
1487	ENSG00000152061	RABGAP1L
1488	ENSG00000203737	GPR52
1489	ENSG00000116161	CACYBP
1490	ENSG00000120333	MRPS14
1491	ENSG00000120332	TNN
1492	ENSG00000235750	KIAA0040
1493	ENSG00000116147	TNR
1494	ENSG00000143207	COP1
1495	ENSG00000116183	PAPPA2
1496	ENSG00000152092	ASTN1
1497	ENSG00000198797	BRINP2
1498	ENSG00000120341	SEC16B
1499	ENSG00000188585	CLEC20A
1500	ENSG00000240021	TEX35
1501	ENSG00000116191	RALGPS2
1502	ENSG00000116194	ANGPTL1
1503	ENSG00000116199	FAM20B
1504	ENSG00000186283	TOR3A
1505	ENSG00000143322	ABL2
1506	ENSG00000057252	SOAT1
1507	ENSG00000162779	AXDND1
1508	ENSG00000116218	NPHS2
1509	ENSG00000162782	TDRD5
1510	ENSG00000143340	FAM163A
1511	ENSG00000169905	TOR1AIP2
1512	ENSG00000143337	TOR1AIP1
1513	ENSG00000135837	CEP350
1514	ENSG00000116260	QSOX1
1515	ENSG00000121454	LHX4
1516	ENSG00000230124	ACBD6
1517	ENSG00000143324	XPR1
1518	ENSG00000135835	KIAA1614
1519	ENSG00000135823	STX6
1520	ENSG00000153029	MR1
1521	ENSG00000162783	IER5
1522	ENSG00000198216	CACNA1E
1523	ENSG00000179930	ZNF648
1524	ENSG00000135821	GLUL
1525	ENSG00000203730	TEDDM1
1526	ENSG00000121446	RGSL1
1527	ENSG00000135828	RNASEL
1528	ENSG00000143333	RGS16
1529	ENSG00000135824	RGS8
1530	ENSG00000135838	NPL
1531	ENSG00000135829	DHX9
1532	ENSG00000157060	SHCBP1L
1533	ENSG00000135862	LAMC1
1534	ENSG00000058085	LAMC2
1535	ENSG00000157064	NMNAT2
1536	ENSG00000116698	SMG7
1537	ENSG00000116701	NCF2
1538	ENSG00000162704	ARPC5
1539	ENSG00000143344	RGL1
1540	ENSG00000173627	APOBEC4
1541	ENSG00000198756	COLGALT2
1542	ENSG00000198860	TSEN15
1543	ENSG00000116667	C1orf21
1544	ENSG00000116406	EDEM3
1545	ENSG00000135842	NIBAN1
1546	ENSG00000121481	RNF2
1547	ENSG00000121486	TRMT1L
1548	ENSG00000116668	SWT1
1549	ENSG00000116679	IVNS1ABP
1550	ENSG00000143341	HMCN1
1551	ENSG00000116690	PRG4
1552	ENSG00000047410	TPR
1553	ENSG00000157181	ODR4
1554	ENSG00000116703	PDC
1555	ENSG00000073756	PTGS2
1556	ENSG00000116711	PLA2G4A
1557	ENSG00000162670	BRINP3
1558	ENSG00000150681	RGS18
1559	ENSG00000253148	RGS21
1560	ENSG00000090104	RGS1
1561	ENSG00000127074	RGS13
1562	ENSG00000116741	RGS2
1563	ENSG00000116750	UCHL5
1564	ENSG00000116747	RO60
1565	ENSG00000023572	GLRX2
1566	ENSG00000134371	CDC73
1567	ENSG00000162630	B3GALT2
1568	ENSG00000162687	KCNT2
1569	ENSG00000000971	CFH
1570	ENSG00000116785	CFHR3
1571	ENSG00000244414	CFHR1
1572	ENSG00000134365	CFHR4
1573	ENSG00000080910	CFHR2
1574	ENSG00000134389	CFHR5
1575	ENSG00000143278	F13B
1576	ENSG00000066279	ASPM
1577	ENSG00000177888	ZBTB41
1578	ENSG00000134376	CRB1
1579	ENSG00000213047	DENND1B
1580	ENSG00000203724	C1orf53
1581	ENSG00000143355	LHX9
1582	ENSG00000151414	NEK7
1583	ENSG00000151418	ATP6V1G3
1584	ENSG00000081237	PTPRC
1585	ENSG00000116833	NR5A2
1586	ENSG00000162702	ZNF281
1587	ENSG00000118193	KIF14
1588	ENSG00000118197	DDX59
1589	ENSG00000118200	CAMSAP2
1590	ENSG00000170128	GPR25
1591	ENSG00000163362	INAVA
1592	ENSG00000116852	KIF21B
1593	ENSG00000081248	CACNA1S
1594	ENSG00000232237	ASCL5
1595	ENSG00000116857	TMEM9
1596	ENSG00000163395	IGFN1
1597	ENSG00000081277	PKP1
1598	ENSG00000118194	TNNT2
1599	ENSG00000159166	LAD1
1600	ENSG00000159173	TNNI1
1601	ENSG00000174307	PHLDA3
1602	ENSG00000159176	CSRP1
1603	ENSG00000134369	NAV1
1604	ENSG00000198700	IPO9
1605	ENSG00000198892	SHISA4
1606	ENSG00000163431	LMOD1
1607	ENSG00000134375	TIMM17A
1608	ENSG00000176393	RNPEP
1609	ENSG00000163435	ELF3
1610	ENSG00000170075	GPR37L1
1611	ENSG00000143862	ARL8A
1612	ENSG00000143851	PTPN7
1613	ENSG00000133067	LGR6
1614	ENSG00000077152	UBE2T
1615	ENSG00000143858	SYT2
1616	ENSG00000117139	KDM5B
1617	ENSG00000183155	RABIF
1618	ENSG00000117153	KLHL12
1619	ENSG00000159346	ADIPOR1
1620	ENSG00000159348	CYB5R1
1621	ENSG00000163444	TMEM183A
1622	ENSG00000143847	PPFIA4
1623	ENSG00000122180	MYOG
1624	ENSG00000163485	ADORA1
1625	ENSG00000133055	MYBPH
1626	ENSG00000133048	CHI3L1
1627	ENSG00000133063	CHIT1
1628	ENSG00000159388	BTG2
1629	ENSG00000122176	FMOD
1630	ENSG00000188783	PRELP
1631	ENSG00000188770	OPTC
1632	ENSG00000058668	ATP2B4
1633	ENSG00000122188	LAX1
1634	ENSG00000058673	ZC3H11A
1635	ENSG00000257315	ZBED6
1636	ENSG00000182004	SNRPE
1637	ENSG00000143842	SOX13
1638	ENSG00000143845	ETNK2
1639	ENSG00000143839	REN
1640	ENSG00000170498	KISS1
1641	ENSG00000174567	GOLT1A
1642	ENSG00000143850	PLEKHA6
1643	ENSG00000158615	PPP1R15B
1644	ENSG00000133056	PIK3C2B
1645	ENSG00000198625	MDM4
1646	ENSG00000170382	LRRN2
1647	ENSG00000163531	NFASC
1648	ENSG00000184144	CNTN2
1649	ENSG00000174529	TMEM81
1650	ENSG00000117222	RBBP5
1651	ENSG00000133059	DSTYK
1652	ENSG00000133069	TMCC2
1653	ENSG00000163545	NUAK2
1654	ENSG00000162873	KLHDC8A
1655	ENSG00000186007	LEMD1
1657	ENSG00000117266	CDK18
1658	ENSG00000174514	MFSD4A
1659	ENSG00000158711	ELK4
1660	ENSG00000158715	SLC45A3
1661	ENSG00000069275	NUCKS1
1662	ENSG00000117280	RAB29
1663	ENSG00000133065	SLC41A1
1664	ENSG00000162877	PM20D1
1665	ENSG00000174502	SLC26A9
1666	ENSG00000276600	RAB7B
1667	ENSG00000196188	CTSE
1668	ENSG00000263961	RHEX
1669	ENSG00000198049	AVPR1B
1670	ENSG00000196550	FAM72A
1671	ENSG00000266028	SRGAP2
1672	ENSG00000263528	IKBKE
1673	ENSG00000266094	RASSF5
1674	ENSG00000143486	EIF2D
1675	ENSG00000143479	DYRK3
1676	ENSG00000162889	MAPKAPK2
1677	ENSG00000136634	IL10
1678	ENSG00000142224	IL19
1679	ENSG00000162891	IL20
1680	ENSG00000162892	IL24
1681	ENSG00000162894	FCMR
1682	ENSG00000162896	PIGR
1683	ENSG00000162897	FCAMR
1684	ENSG00000182795	C1orf116
1685	ENSG00000123836	PFKFB2
1686	ENSG00000180667	YOD1
1687	ENSG00000123843	C4BPB
1688	ENSG00000123838	C4BPA
1689	ENSG00000196352	CD55
1690	ENSG00000117322	CR2
1691	ENSG00000203710	CR1
1692	ENSG00000117335	CD46
1693	ENSG00000174059	CD34
1694	ENSG00000076356	PLXNA2
1695	ENSG00000008118	CAMK1G
1696	ENSG00000196878	LAMB3
1697	ENSG00000123689	G0S2
1698	ENSG00000117594	HSD11B1
1699	ENSG00000009790	TRAF3IP3
1700	ENSG00000162757	C1orf74
1701	ENSG00000117595	IRF6
1702	ENSG00000117597	UTP25
1703	ENSG00000082497	SERTAD4
1704	ENSG00000054392	HHAT
1705	ENSG00000143473	KCNH1
1706	ENSG00000117625	RCOR3
1707	ENSG00000082512	TRAF5
1708	ENSG00000198570	RD3
1709	ENSG00000170385	SLC30A1
1710	ENSG00000117650	NEK2
1711	ENSG00000123684	LPGAT1
1712	ENSG00000143493	INTS7
1713	ENSG00000143476	DTL
1714	ENSG00000066027	PPP2R5A
1715	ENSG00000065600	PACC1
1716	ENSG00000117691	NENF
1717	ENSG00000162772	ATF3
1718	ENSG00000162771	FAM71A
1719	ENSG00000123685	BATF3
1720	ENSG00000203705	TATDN3
1721	ENSG00000185523	SPATA45
1722	ENSG00000162769	FLVCR1
1723	ENSG00000143494	VASH2
1724	ENSG00000174606	ANGEL2
1725	ENSG00000136643	RPS6KC1
1726	ENSG00000117707	PROX1
1727	ENSG00000143499	SMYD2
1728	ENSG00000152104	PTPN14
1729	ENSG00000117724	CENPF
1730	ENSG00000082482	KCNK2
1731	ENSG00000136636	KCTD3
1732	ENSG00000042781	USH2A
1733	ENSG00000196482	ESRRG
1734	ENSG00000092978	GPATCH2
1735	ENSG00000162814	SPATA17
1736	ENSG00000067533	RRP15
1737	ENSG00000092969	TGFB2
1738	ENSG00000143353	LYPLAL1
1739	ENSG00000215817	ZC3H11B
1740	ENSG00000196660	SLC30A10
1741	ENSG00000136628	EPRS1
1742	ENSG00000162813	BPNT1
1743	ENSG00000067704	IARS2
1744	ENSG00000118873	RAB3GAP2
1745	ENSG00000116141	MARK1
1746	ENSG00000162817	C1orf115
1747	ENSG00000117791	MTARC2
1748	ENSG00000186205	MTARC1
1749	ENSG00000136630	HLX
1750	ENSG00000143507	DUSP10
1751	ENSG00000143512	HHIPL2
1752	ENSG00000143498	TAF1A
1753	ENSG00000154305	MIA3
1754	ENSG00000186063	AIDA
1755	ENSG00000162819	BROX
1756	ENSG00000197520	FAM177B
1757	ENSG00000154309	DISP1
1758	ENSG00000187554	TLR5
1759	ENSG00000143502	SUSD4
1760	ENSG00000178395	CCDC185
1761	ENSG00000203697	CAPN8
1762	ENSG00000162909	CAPN2
1763	ENSG00000143514	TP53BP2
1764	ENSG00000143756	FBXO28
1765	ENSG00000143753	DEGS1
1766	ENSG00000143748	NVL
1767	ENSG00000143771	CNIH4
1768	ENSG00000162923	WDR26
1769	ENSG00000143786	CNIH3
1770	ENSG00000185842	DNAH14
1771	ENSG00000143815	LBR
1772	ENSG00000143742	SRP9
1773	ENSG00000143819	EPHX1
1774	ENSG00000196187	TMEM63A
1775	ENSG00000243709	LEFTY1
1776	ENSG00000143811	PYCR2
1777	ENSG00000143768	LEFTY2
1778	ENSG00000143751	SDE2
1779	ENSG00000163041	H3-3A
1780	ENSG00000182827	ACBD3
1781	ENSG00000185155	MIXL1
1782	ENSG00000183814	LIN9
1783	ENSG00000143799	PARP1
1784	ENSG00000203685	STUM
1785	ENSG00000143772	ITPKB
1786	ENSG00000143801	PSEN2
1787	ENSG00000163050	COQ8A
1788	ENSG00000143776	CDC42BPA
1789	ENSG00000181450	ZNF678
1790	ENSG00000143740	SNAP47
1791	ENSG00000081692	JMJD4
1792	ENSG00000185888	PRSS38
1793	ENSG00000143816	WNT9A
1794	ENSG00000154342	WNT3A
1795	ENSG00000143761	ARF1
1796	ENSG00000143793	C1orf35
1797	ENSG00000162910	MRPL55
1798	ENSG00000143774	GUK1
1799	ENSG00000198835	GJC2
1800	ENSG00000181873	IBA57
1801	ENSG00000154358	OBSCN
1802	ENSG00000154370	TRIM11
1803	ENSG00000162931	TRIM17
1804	ENSG00000168148	H3-4
1805	ENSG00000181218	H2AW
1806	ENSG00000196890	H2BU1
1807	ENSG00000168159	RNF187
1808	ENSG00000116574	RHOU
1809	ENSG00000168118	RAB4A
1810	ENSG00000154429	CCSAP
1811	ENSG00000143632	ACTA1
1812	ENSG00000069248	NUP133
1813	ENSG00000135776	ABCB10
1814	ENSG00000135801	TAF5L
1815	ENSG00000135763	URB2
1816	ENSG00000143641	GALNT2
1817	ENSG00000177614	PGBD5
1818	ENSG00000135775	COG2
1819	ENSG00000135744	AGT
1820	ENSG00000135773	CAPN9
1821	ENSG00000119280	C1orf198
1822	ENSG00000143643	TTC13
1823	ENSG00000173409	ARV1
1824	ENSG00000182118	FAM89A
1825	ENSG00000119283	TRIM67
1826	ENSG00000143633	C1orf131
1827	ENSG00000116906	GNPAT
1828	ENSG00000116903	EXOC8
1829	ENSG00000010072	SPRTN
1830	ENSG00000135766	EGLN1
1831	ENSG00000116918	TSNAX
1832	ENSG00000162946	DISC1
1833	ENSG00000116991	SIPA1L2
1834	ENSG00000212916	MAP10
1835	ENSG00000135778	NTPCR
1836	ENSG00000135749	PCNX2
1837	ENSG00000143674	MAP3K21
1838	ENSG00000135750	KCNK1
1839	ENSG00000183780	SLC35F3
1840	ENSG00000168275	COA6
1841	ENSG00000059588	TARBP1
1842	ENSG00000168264	IRF2BP2
1843	ENSG00000173726	TOMM20
1844	ENSG00000188739	RBM34
1845	ENSG00000054267	ARID4B
1846	ENSG00000152904	GGPS1
1848	ENSG00000162885	B3GALNT2
1849	ENSG00000168243	GNG4
1850	ENSG00000143669	LYST
1851	ENSG00000116962	NID1
1852	ENSG00000077585	GPR137B
1853	ENSG00000086619	ERO1B
1854	ENSG00000186197	EDARADD
1855	ENSG00000116977	LGALS8
1856	ENSG00000119285	HEATR1
1857	ENSG00000077522	ACTN2
1858	ENSG00000116984	MTR
1859	ENSG00000244020	MT1HL1
1860	ENSG00000198626	RYR2
1861	ENSG00000116996	ZP4
1862	ENSG00000270188	MTRNR2L11
1863	ENSG00000133019	CHRM3
1864	ENSG00000155816	FMN2
1865	ENSG00000180875	GREM2
1866	ENSG00000182901	RGS7
1867	ENSG00000091483	FH
1868	ENSG00000117009	KMO
1869	ENSG00000054277	OPN3
1870	ENSG00000203668	CHML
1871	ENSG00000162843	WDR64
1872	ENSG00000174371	EXO1
1873	ENSG00000197769	MAP1LC3C
1874	ENSG00000180287	PLD5
1875	ENSG00000143702	CEP170
1876	ENSG00000054282	SDCCAG8
1877	ENSG00000117020	AKT3
1878	ENSG00000179456	ZBTB18
1879	ENSG00000173728	C1orf100
1880	ENSG00000035687	ADSS2
1881	ENSG00000179397	CATSPERE
1882	ENSG00000121644	DESI2
1883	ENSG00000203667	COX20
1884	ENSG00000153187	HNRNPU
1885	ENSG00000203666	EFCAB2
1886	ENSG00000162849	KIF26B
1887	ENSG00000185420	SMYD3
1888	ENSG00000162851	TFB2M
1889	ENSG00000162852	CNST
1890	ENSG00000143653	SCCPDH
1891	ENSG00000153207	AHCTF1
1892	ENSG00000197472	ZNF695
1893	ENSG00000277462	ZNF670
1894	ENSG00000188295	ZNF669
1895	ENSG00000196418	ZNF124
1896	ENSG00000162714	ZNF496
1897	ENSG00000162711	NLRP3
1898	ENSG00000177535	OR2B11
1899	ENSG00000169224	GCSAML
1900	ENSG00000196242	OR2C3
1902	ENSG00000197437	OR13G1
1903	ENSG00000169214	OR6F1
1904	ENSG00000221888	OR1C1
1905	ENSG00000196772	OR14A16
1906	ENSG00000162722	TRIM58
1907	ENSG00000177462	OR2T8
1908	ENSG00000177275	OR2AJ1
1909	ENSG00000187080	OR2AK2
1910	ENSG00000197454	OR2L5
1911	ENSG00000203663	OR2L2
1912	ENSG00000198128	OR2L3
1913	ENSG00000196071	OR2L13
1914	ENSG00000198601	OR2M2
1915	ENSG00000228198	OR2M3
1916	ENSG00000171180	OR2M4
1917	ENSG00000177212	OR2T33
1918	ENSG00000177201	OR2T12
1922	ENSG00000196539	OR2T3
1924	ENSG00000188558	OR2G6
1925	ENSG00000182783	OR2T29
1926	ENSG00000184022	OR2T10
1928	ENSG00000177151	OR2T35
1929	ENSG00000187701	OR2T27
1930	ENSG00000189181	OR14I1
1931	ENSG00000259823	LYPD8
1932	ENSG00000175137	SH3BP5L
1933	ENSG00000171161	ZNF672
1934	ENSG00000171163	ZNF692
1935	ENSG00000185220	PGBD2
1936	ENSG00000184731	FAM110C
1937	ENSG00000035115	SH3YL1
1938	ENSG00000143727	ACP1
1939	ENSG00000189292	ALKAL2
1940	ENSG00000151353	TMEM18
1941	ENSG00000172554	SNTG2
1942	ENSG00000115705	TPO
1943	ENSG00000130508	PXDN
1944	ENSG00000186487	MYT1L
1945	ENSG00000032389	EIPR1
1946	ENSG00000171853	TRAPPC12
1947	ENSG00000182551	ADI1
1948	ENSG00000171865	RNASEH1
1949	ENSG00000171863	RPS7
1950	ENSG00000118004	COLEC11
1951	ENSG00000151360	ALLC
1952	ENSG00000214866	DCDC2C
1953	ENSG00000176887	SOX11
1954	ENSG00000134326	CMPK2
1955	ENSG00000134321	RSAD2
1956	ENSG00000151692	RNF144A
1957	ENSG00000115738	ID2
1958	ENSG00000134313	KIDINS220
1959	ENSG00000143797	MBOAT2
1960	ENSG00000151693	ASAP2
1961	ENSG00000119185	ITGB1BP1
1962	ENSG00000119203	CPSF3
1963	ENSG00000134330	IAH1
1964	ENSG00000151694	ADAM17
1965	ENSG00000134308	YWHAQ
1966	ENSG00000115750	TAF1B
1967	ENSG00000134317	GRHL1
1968	ENSG00000172059	KLF11
1969	ENSG00000205795	CYS1
1970	ENSG00000171848	RRM2
1971	ENSG00000115756	HPCAL1
1972	ENSG00000115758	ODC1
1973	ENSG00000115761	NOL10
1974	ENSG00000143882	ATP6V1C2
1975	ENSG00000143870	PDIA6
1976	ENSG00000162975	KCNF1
1977	ENSG00000150873	C2orf50
1978	ENSG00000162976	SLC66A3
1979	ENSG00000134318	ROCK2
1980	ENSG00000169016	E2F6
1981	ENSG00000196208	GREB1
1982	ENSG00000169006	NTSR2
1983	ENSG00000134324	LPIN1
1984	ENSG00000071575	TRIB2
1985	ENSG00000162981	LRATD1
1986	ENSG00000151779	NBAS
1987	ENSG00000079785	DDX1
1988	ENSG00000134323	MYCN
1989	ENSG00000197872	CYRIA
1990	ENSG00000214842	RAD51AP2
1991	ENSG00000163032	VSNL1
1992	ENSG00000163029	SMC6
1993	ENSG00000178295	GEN1
1994	ENSG00000151379	MSGN1
1995	ENSG00000170745	KCNS3
1996	ENSG00000240857	RDH14
1997	ENSG00000185013	NT5C1B
1998	ENSG00000143867	OSR1
1999	ENSG00000183891	TTC32
2000	ENSG00000118965	WDR35
2001	ENSG00000132031	MATN3
2002	ENSG00000068697	LAPTM4A
2003	ENSG00000115884	SDC1
2004	ENSG00000055917	PUM2
2005	ENSG00000143878	RHOB
2006	ENSG00000118960	HS1BP3
2007	ENSG00000143869	GDF7
2008	ENSG00000118961	LDAH
2009	ENSG00000084674	APOB
2010	ENSG00000218819	TDRD15
2011	ENSG00000119771	KLHL29
2012	ENSG00000119778	ATAD2B
2013	ENSG00000173960	UBXN2A
2014	ENSG00000205639	MFSD2B
2015	ENSG00000163026	WDCP
2016	ENSG00000119782	FKBP1B
2017	ENSG00000115128	SF3B6
2018	ENSG00000219626	FAM228B
2019	ENSG00000115129	TP53I3
2020	ENSG00000176732	PFN4
2021	ENSG00000186453	FAM228A
2022	ENSG00000198399	ITSN2
2023	ENSG00000084676	NCOA1
2024	ENSG00000184924	PTRHD1
2025	ENSG00000138092	CENPO
2026	ENSG00000138031	ADCY3
2027	ENSG00000115137	DNAJC27
2028	ENSG00000084710	EFR3B
2029	ENSG00000115138	POMC
2030	ENSG00000119772	DNMT3A
2031	ENSG00000138101	DTNB
2032	ENSG00000143970	ASXL2
2033	ENSG00000084731	KIF3C
2034	ENSG00000084733	RAB10
2035	ENSG00000157833	GAREM2
2036	ENSG00000084754	HADHA
2037	ENSG00000138029	HADHB
2038	ENSG00000173567	ADGRF3
2039	ENSG00000138018	SELENOI
2040	ENSG00000157856	DRC1
2041	ENSG00000115155	OTOF
2042	ENSG00000173557	FAM166C
2043	ENSG00000157884	CIB4
2044	ENSG00000171303	KCNK3
2045	ENSG00000213699	SLC35F6
2046	ENSG00000115163	CENPA
2047	ENSG00000157851	DPYSL5
2048	ENSG00000084764	MAPRE3
2049	ENSG00000119777	TMEM214
2050	ENSG00000084693	AGBL5
2051	ENSG00000228474	OST4
2052	ENSG00000138080	EMILIN1
2053	ENSG00000138030	KHK
2054	ENSG00000138028	CGREF1
2055	ENSG00000143994	ABHD1
2056	ENSG00000138073	PREB
2057	ENSG00000186143	PRR30
2058	ENSG00000163792	TCF23
2059	ENSG00000138074	SLC5A6
2060	ENSG00000138085	ATRAID
2061	ENSG00000084774	CAD
2062	ENSG00000115194	SLC30A3
2063	ENSG00000163793	DNAJC5G
2064	ENSG00000138100	TRIM54
2065	ENSG00000163794	UCN
2066	ENSG00000115204	MPV17
2067	ENSG00000115207	GTF3C2
2068	ENSG00000115211	EIF2B4
2069	ENSG00000115234	SNX17
2070	ENSG00000163795	ZNF513
2071	ENSG00000115241	PPM1G
2072	ENSG00000115216	NRBP1
2073	ENSG00000157992	KRTCAP3
2074	ENSG00000138002	IFT172
2075	ENSG00000115226	FNDC4
2076	ENSG00000084734	GCKR
2077	ENSG00000221843	C2orf16
2078	ENSG00000243943	ZNF512
2079	ENSG00000176714	CCDC121
2080	ENSG00000198522	GPN1
2081	ENSG00000119760	SUPT7L
2082	ENSG00000163798	SLC4A1AP
2083	ENSG00000243147	MRPL33
2084	ENSG00000171174	RBKS
2085	ENSG00000158019	BABAM2
2086	ENSG00000075426	FOSL2
2087	ENSG00000163803	PLB1
2088	ENSG00000213639	PPP1CB
2089	ENSG00000163806	SPDYA
2090	ENSG00000171103	TRMT61B
2091	ENSG00000163811	WDR43
2092	ENSG00000189350	TOGARAM2
2093	ENSG00000179270	PCARE
2094	ENSG00000115295	CLIP4
2095	ENSG00000171094	ALK
2096	ENSG00000119801	YPEL5
2097	ENSG00000213626	LBH
2098	ENSG00000172954	LCLAT1
2099	ENSG00000162949	CAPN13
2100	ENSG00000158089	GALNT14
2101	ENSG00000214711	CAPN14
2102	ENSG00000013016	EHD3
2103	ENSG00000158125	XDH
2104	ENSG00000277893	SRD5A2
2105	ENSG00000162959	MEMO1
2106	ENSG00000162961	DPY30
2107	ENSG00000021574	SPAST
2108	ENSG00000152683	SLC30A6
2109	ENSG00000115760	BIRC6
2110	ENSG00000018699	TTC27
2111	ENSG00000049323	LTBP1
2112	ENSG00000152689	RASGRP3
2113	ENSG00000119812	FAM98A
2114	ENSG00000150938	CRIM1
2115	ENSG00000171055	FEZ2
2116	ENSG00000205221	VIT
2117	ENSG00000008869	HEATR5B
2118	ENSG00000152133	GPATCH11
2119	ENSG00000055332	EIF2AK2
2120	ENSG00000138068	SULT6B1
2121	ENSG00000218739	CEBPZOS
2122	ENSG00000115816	CEBPZ
2123	ENSG00000003509	NDUFAF7
2124	ENSG00000115825	PRKD3
2125	ENSG00000115828	QPCT
2126	ENSG00000163171	CDC42EP3
2127	ENSG00000115841	RMDN2
2128	ENSG00000138061	CYP1B1
2129	ENSG00000119787	ATL2
2130	ENSG00000143889	HNRNPLL
2131	ENSG00000143891	GALM
2132	ENSG00000115875	SRSF7
2133	ENSG00000152147	GEMIN6
2134	ENSG00000163214	DHX57
2135	ENSG00000188010	MORN2
2136	ENSG00000214694	ARHGEF33
2137	ENSG00000115904	SOS1
2138	ENSG00000205111	CDKL4
2139	ENSG00000011566	MAP4K3
2140	ENSG00000152154	TMEM178A
2141	ENSG00000138050	THUMPD2
2142	ENSG00000162878	PKDCC
2143	ENSG00000143924	EML4
2144	ENSG00000115944	COX7A2L
2145	ENSG00000171126	KCNG3
2146	ENSG00000057935	MTA3
2147	ENSG00000162881	OXER1
2148	ENSG00000162882	HAAO
2149	ENSG00000152518	ZFP36L2
2150	ENSG00000115970	THADA
2151	ENSG00000152527	PLEKHH2
2152	ENSG00000223658	C1GALT1C1L
2153	ENSG00000138036	DYNC2LI1
2154	ENSG00000138075	ABCG5
2155	ENSG00000143921	ABCG8
2156	ENSG00000138095	LRPPRC
2157	ENSG00000138032	PPM1B
2158	ENSG00000138079	SLC3A1
2159	ENSG00000138078	PREPL
2160	ENSG00000143919	CAMKMT
2161	ENSG00000138083	SIX3
2162	ENSG00000170577	SIX2
2163	ENSG00000068784	SRBD1
2164	ENSG00000171132	PRKCE
2165	ENSG00000116016	EPAS1
2166	ENSG00000250565	ATP6V1E2
2167	ENSG00000119729	RHOQ
2168	ENSG00000151665	PIGF
2169	ENSG00000119878	CRIPT
2170	ENSG00000171150	SOCS5
2171	ENSG00000180398	MCFD2
2172	ENSG00000068724	TTC7A
2173	ENSG00000239605	STPG4
2174	ENSG00000143933	CALM2
2175	ENSG00000119888	EPCAM
2176	ENSG00000095002	MSH2
2177	ENSG00000116062	MSH6
2178	ENSG00000138081	FBXO11
2179	ENSG00000170802	FOXN2
2180	ENSG00000162869	PPP1R21
2181	ENSG00000243244	STON1
2182	ENSG00000068781	STON1-GTF2A1L
2183	ENSG00000242441	GTF2A1L
2184	ENSG00000138039	LHCGR
2185	ENSG00000170820	FSHR
2186	ENSG00000179915	NRXN1
2187	ENSG00000115239	ASB3
2188	ENSG00000143942	CHAC2
2189	ENSG00000068912	ERLEC1
2190	ENSG00000119737	GPR75
2191	ENSG00000068878	PSME4
2192	ENSG00000170634	ACYP2
2193	ENSG00000178021	TSPYL6
2194	ENSG00000177994	C2orf73
2195	ENSG00000115306	SPTBN1
2196	ENSG00000214595	EML6
2197	ENSG00000115310	RTN4
2198	ENSG00000162994	CLHC1
2199	ENSG00000143947	RPS27A
2200	ENSG00000085760	MTIF2
2201	ENSG00000115355	CCDC88A
2202	ENSG00000163001	CFAP36
2203	ENSG00000275052	PPP4R3B
2204	ENSG00000138035	PNPT1
2205	ENSG00000115380	EFEMP1
2206	ENSG00000055813	CCDC85A
2207	ENSG00000028116	VRK2
2208	ENSG00000115392	FANCL
2209	ENSG00000119866	BCL11A
2210	ENSG00000115421	PAPOLG
2211	ENSG00000162924	REL
2212	ENSG00000162927	PUS10
2213	ENSG00000162928	PEX13
2214	ENSG00000162929	SANBR
2215	ENSG00000237651	C2orf74
2216	ENSG00000115464	USP34
2217	ENSG00000082898	XPO1
2218	ENSG00000170264	FAM161A
2219	ENSG00000115484	CCT4
2220	ENSG00000173163	COMMD1
2221	ENSG00000170340	B3GNT2
2222	ENSG00000186889	TMEM17
2223	ENSG00000115504	EHBP1
2224	ENSG00000115507	OTX1
2225	ENSG00000143951	WDPCP
2226	ENSG00000014641	MDH1
2227	ENSG00000169764	UGP2
2228	ENSG00000143952	VPS54
2229	ENSG00000197329	PELI1
2230	ENSG00000119862	LGALSL
2231	ENSG00000119844	AFTPH
2232	ENSG00000179833	SERTAD2
2233	ENSG00000115902	SLC1A4
2234	ENSG00000011523	CEP68
2235	ENSG00000138069	RAB1A
2236	ENSG00000138071	ACTR2
2237	ENSG00000198369	SPRED2
2238	ENSG00000143995	MEIS1
2239	ENSG00000143971	ETAA1
2240	ENSG00000197223	C1D
2241	ENSG00000243667	DNAAF10
2242	ENSG00000115946	PNO1
2243	ENSG00000221823	PPP3R1
2244	ENSG00000119865	CNRIP1
2245	ENSG00000115956	PLEK
2246	ENSG00000204923	FBXO48
2247	ENSG00000169621	APLF
2248	ENSG00000169618	PROKR1
2249	ENSG00000163219	ARHGAP25
2250	ENSG00000163217	BMP10
2251	ENSG00000183607	GKN2
2252	ENSG00000169605	GKN1
2253	ENSG00000169604	ANTXR1
2254	ENSG00000198380	GFPT1
2255	ENSG00000169599	NFU1
2256	ENSG00000196975	ANXA4
2257	ENSG00000087338	GMCL1
2258	ENSG00000124380	SNRNP27
2259	ENSG00000059728	MXD1
2261	ENSG00000169564	PCBP1
2262	ENSG00000115998	C2orf42
2263	ENSG00000116001	TIA1
2264	ENSG00000116005	PCYOX1
2265	ENSG00000143977	SNRPG
2266	ENSG00000035141	FAM136A
2267	ENSG00000163235	TGFA
2268	ENSG00000075340	ADD2
2269	ENSG00000183733	FIGLA
2270	ENSG00000152672	CLEC4F
2271	ENSG00000116031	CD207
2272	ENSG00000116035	VAX2
2273	ENSG00000116039	ATP6V1B1
2274	ENSG00000144031	ANKRD53
2275	ENSG00000144043	TEX261
2276	ENSG00000124357	NAGK
2277	ENSG00000124370	MCEE
2278	ENSG00000124383	MPHOSPH10
2279	ENSG00000124374	PAIP2B
2280	ENSG00000075292	ZNF638
2281	ENSG00000135636	DYSF
2282	ENSG00000003137	CYP26B1
2283	ENSG00000144036	EXOC6B
2284	ENSG00000116096	SPR
2285	ENSG00000135638	EMX1
2286	ENSG00000144040	SFXN5
2287	ENSG00000135631	RAB11FIP5
2288	ENSG00000214513	NOTO
2289	ENSG00000135632	SMYD5
2290	ENSG00000135617	PRADC1
2291	ENSG00000135624	CCT7
2292	ENSG00000163013	FBXO41
2293	ENSG00000135625	EGR4
2294	ENSG00000116127	ALMS1
2295	ENSG00000144035	NAT8
2296	ENSG00000144034	TPRKB
2297	ENSG00000144048	DUSP11
2298	ENSG00000187833	C2orf78
2299	ENSG00000124356	STAMBP
2300	ENSG00000163017	ACTG2
2301	ENSG00000114956	DGUOK
2302	ENSG00000187605	TET3
2303	ENSG00000163170	BOLA3
2304	ENSG00000114978	MOB1A
2305	ENSG00000065911	MTHFD2
2306	ENSG00000188687	SLC4A5
2307	ENSG00000204843	DCTN1
2308	ENSG00000284308	C2orf81
2309	ENSG00000005448	WDR54
2310	ENSG00000114993	RTKN
2311	ENSG00000115274	INO80B
2312	ENSG00000239779	WBP1
2313	ENSG00000115275	MOGS
2314	ENSG00000135637	CCDC142
2315	ENSG00000115282	TTC31
2316	ENSG00000179528	LBX2
2317	ENSG00000115289	PCGF1
2318	ENSG00000115297	TLX2
2319	ENSG00000144045	DQX1
2320	ENSG00000115307	AUP1
2321	ENSG00000115317	HTRA2
2322	ENSG00000115318	LOXL3
2323	ENSG00000115325	DOK1
2324	ENSG00000159374	M1AP
2325	ENSG00000135622	SEMA4F
2326	ENSG00000159399	HK2
2327	ENSG00000115350	POLE4
2328	ENSG00000115353	TACR1
2329	ENSG00000115363	EVA1A
2330	ENSG00000115364	MRPL19
2331	ENSG00000005436	GCFC2
2332	ENSG00000176204	LRRTM4
2333	ENSG00000143954	REG3G
2334	ENSG00000172023	REG1B
2335	ENSG00000115386	REG1A
2336	ENSG00000172016	REG3A
2337	ENSG00000066032	CTNNA2
2338	ENSG00000162951	LRRTM1
2339	ENSG00000163541	SUCLG1
2340	ENSG00000115423	DNAH6
2341	ENSG00000186854	TRABD2A
2342	ENSG00000034510	TMSB10
2343	ENSG00000176407	KCMF1
2344	ENSG00000152284	TCF7L1
2345	ENSG00000152291	TGOLN2
2346	ENSG00000042445	RETSAT
2347	ENSG00000115459	ELMOD3
2348	ENSG00000042493	CAPG
2349	ENSG00000152292	SH2D6
2350	ENSG00000168906	MAT2A
2351	ENSG00000115486	GGCX
2352	ENSG00000118640	VAMP8
2353	ENSG00000168899	VAMP5
2354	ENSG00000168894	RNF181
2355	ENSG00000168890	TMEM150A
2356	ENSG00000168883	USP39
2357	ENSG00000168887	C2orf68
2358	ENSG00000168878	SFTPB
2359	ENSG00000115523	GNLY
2360	ENSG00000168874	ATOH8
2361	ENSG00000115525	ST3GAL5
2362	ENSG00000068654	POLR1A
2363	ENSG00000132300	PTCD3
2364	ENSG00000132305	IMMT
2365	ENSG00000132313	MRPL35
2366	ENSG00000068615	REEP1
2367	ENSG00000115548	KDM3A
2368	ENSG00000115561	CHMP3
2369	ENSG00000239305	RNF103
2370	ENSG00000153561	RMND5A
2371	ENSG00000153563	CD8A
2372	ENSG00000172116	CD8B
2373	ENSG00000187627	RGPD1
2374	ENSG00000183281	PLGLB1
2375	ENSG00000125551	PLGLB2
2376	ENSG00000185304	RGPD2
2377	ENSG00000172086	KRCC1
2378	ENSG00000115593	SMYD1
2379	ENSG00000163586	FABP1
2380	ENSG00000144115	THNSL2
2381	ENSG00000214336	FOXI3
2382	ENSG00000172073	TEX37
2383	ENSG00000172071	EIF2AK3
2384	ENSG00000153574	RPIA
2385	ENSG00000163060	TEKT4
2386	ENSG00000172005	MAL
2387	ENSG00000144029	MRPS5
2388	ENSG00000144026	ZNF514
2389	ENSG00000275111	ZNF2
2390	ENSG00000155066	PROM2
2391	ENSG00000115041	KCNIP3
2392	ENSG00000115042	FAHD2A
2393	ENSG00000144015	TRIM43
2394	ENSG00000174501	ANKRD36C
2395	ENSG00000186281	GPAT2
2396	ENSG00000274286	ADRA2B
2397	ENSG00000188886	ASTL
2398	ENSG00000158050	DUSP2
2399	ENSG00000084090	STARD7
2400	ENSG00000135956	TMEM127
2401	ENSG00000144021	CIAO1
2402	ENSG00000144028	SNRNP200
2403	ENSG00000198885	ITPRIPL1
2404	ENSG00000121152	NCAPH
2405	ENSG00000163121	NEURL3
2406	ENSG00000196843	ARID5A
2407	ENSG00000114982	KANSL3
2408	ENSG00000249715	FER1L5
2409	ENSG00000114988	LMAN2L
2410	ENSG00000158158	CNNM4
2411	ENSG00000168763	CNNM3
2412	ENSG00000163126	ANKRD23
2413	ENSG00000213337	ANKRD39
2414	ENSG00000168758	SEMA4C
2415	ENSG00000168754	FAM178B
2416	ENSG00000144199	FAHD2B
2417	ENSG00000135976	ANKRD36
2418	ENSG00000196912	ANKRD36B
2419	ENSG00000135940	COX5B
2420	ENSG00000115073	ACTR1B
2421	ENSG00000228486	C2orf92
2422	ENSG00000115085	ZAP70
2423	ENSG00000075568	TMEM131
2424	ENSG00000168658	VWA3B
2425	ENSG00000144191	CNGA3
2426	ENSG00000040933	INPP4A
2427	ENSG00000183513	COA5
2428	ENSG00000115446	UNC50
2429	ENSG00000071073	MGAT4A
2430	ENSG00000196872	CRACDL
2431	ENSG00000135951	TSGA10
2432	ENSG00000273045	C2orf15
2433	ENSG00000144182	LIPT1
2434	ENSG00000158411	MITD1
2435	ENSG00000185414	MRPL30
2436	ENSG00000185674	LYG2
2437	ENSG00000144214	LYG1
2438	ENSG00000115514	TXNDC9
2439	ENSG00000158417	EIF5B
2440	ENSG00000135945	REV1
2441	ENSG00000144218	AFF3
2442	ENSG00000115526	CHST10
2443	ENSG00000115539	PDCL3
2444	ENSG00000170485	NPAS2
2445	ENSG00000071082	RPL31
2446	ENSG00000204634	TBC1D8
2447	ENSG00000158435	CNOT11
2448	ENSG00000163162	RNF149
2449	ENSG00000175874	CREG2
2450	ENSG00000196460	RFX8
2451	ENSG00000071054	MAP4K4
2452	ENSG00000115590	IL1R2
2453	ENSG00000115594	IL1R1
2454	ENSG00000115598	IL1RL2
2455	ENSG00000115602	IL1RL1
2456	ENSG00000115604	IL18R1
2457	ENSG00000115607	IL18RAP
2458	ENSG00000180251	SLC9A4
2459	ENSG00000115616	SLC9A2
2460	ENSG00000135953	MFSD9
2461	ENSG00000170417	TMEM182
2462	ENSG00000198914	POU3F3
2463	ENSG00000135972	MRPS9
2464	ENSG00000135973	GPR45
2465	ENSG00000135966	TGFBRAP1
2466	ENSG00000135974	C2orf49
2467	ENSG00000115641	FHL2
2468	ENSG00000071051	NCK2
2469	ENSG00000119147	ECRG4
2470	ENSG00000115652	UXS1
2471	ENSG00000153165	RGPD3
2473	ENSG00000144057	ST6GAL2
2474	ENSG00000196862	RGPD4
2475	ENSG00000115665	SLC5A7
2476	ENSG00000196228	SULT1C3
2477	ENSG00000198203	SULT1C2
2478	ENSG00000198075	SULT1C4
2479	ENSG00000135968	GCC2
2480	ENSG00000169756	LIMS1
2481	ENSG00000153201	RANBP2
2482	ENSG00000163006	CCDC138
2483	ENSG00000135960	EDAR
2484	ENSG00000172985	SH3RF3
2485	ENSG00000186522	SEPTIN10
2486	ENSG00000198142	SOWAHC
2487	ENSG00000015568	RGPD5
2488	ENSG00000256977	LIMS3
2489	ENSG00000144063	MALL
2490	ENSG00000144061	NPHP1
2491	ENSG00000175701	MTLN
2492	ENSG00000256671	LIMS4
2493	ENSG00000183054	RGPD6
2494	ENSG00000169679	BUB1
2495	ENSG00000153093	ACOXL
2496	ENSG00000153094	BCL2L11
2497	ENSG00000153107	ANAPC1
2498	ENSG00000153208	MERTK
2499	ENSG00000153214	TMEM87B
2500	ENSG00000144152	FBLN7
2501	ENSG00000144161	ZC3H8
2502	ENSG00000188177	ZC3H6
2503	ENSG00000169629	RGPD8
2504	ENSG00000125630	POLR1B
2505	ENSG00000125611	CHCHD5
2506	ENSG00000144136	SLC20A1
2507	ENSG00000144130	NT5DC4
2508	ENSG00000169607	CKAP2L
2509	ENSG00000115008	IL1A
2510	ENSG00000125538	IL1B
2511	ENSG00000125571	IL37
2512	ENSG00000136688	IL36G
2513	ENSG00000136696	IL36B
2514	ENSG00000136695	IL36RN
2515	ENSG00000136697	IL1F10
2516	ENSG00000136689	IL1RN
2517	ENSG00000125637	PSD4
2518	ENSG00000125618	PAX8
2519	ENSG00000136682	CBWD2
2520	ENSG00000184492	FOXD4L1
2521	ENSG00000144134	RABL2A
2522	ENSG00000115084	SLC35F5
2523	ENSG00000115091	ACTR3
2524	ENSG00000175497	DPP10
2525	ENSG00000088205	DDX18
2526	ENSG00000125633	CCDC93
2527	ENSG00000125629	INSIG2
2528	ENSG00000163064	EN1
2529	ENSG00000019169	MARCO
2530	ENSG00000144119	C1QL2
2531	ENSG00000115107	STEAP3
2532	ENSG00000186132	C2orf76
2533	ENSG00000155368	DBI
2534	ENSG00000171227	TMEM37
2535	ENSG00000080293	SCTR
2536	ENSG00000163075	CFAP221
2537	ENSG00000144120	TMEM177
2538	ENSG00000088179	PTPN4
2539	ENSG00000115109	EPB41L5
2540	ENSG00000226479	TMEM185B
2541	ENSG00000144118	RALB
2542	ENSG00000163083	INHBB
2543	ENSG00000074047	GLI2
2544	ENSG00000115112	TFCP2L1
2545	ENSG00000074054	CLASP1
2546	ENSG00000155438	NIFK
2547	ENSG00000211460	TSN
2548	ENSG00000155052	CNTNAP5
2549	ENSG00000136732	GYPC
2550	ENSG00000237524	TEX51
2551	ENSG00000136717	BIN1
2552	ENSG00000186684	CYP27C1
2553	ENSG00000163161	ERCC3
2554	ENSG00000169967	MAP3K2
2555	ENSG00000115718	PROC
2556	ENSG00000163166	IWS1
2557	ENSG00000169994	MYO7B
2558	ENSG00000072163	LIMS2
2559	ENSG00000144230	GPR17
2560	ENSG00000136709	WDR33
2561	ENSG00000144231	POLR2D
2562	ENSG00000144233	AMMECR1L
2563	ENSG00000136715	SAP130
2564	ENSG00000136731	UGGT1
2565	ENSG00000136720	HS6ST1
2566	ENSG00000222014	RAB6C
2567	ENSG00000196604	POTEF
2568	ENSG00000152076	CCDC74B
2569	ENSG00000136699	SMPD4
2570	ENSG00000152082	MZT2B
2571	ENSG00000152086	TUBA3E
2572	ENSG00000136710	CCDC115
2573	ENSG00000136718	IMP4
2574	ENSG00000072135	PTPN18
2575	ENSG00000196834	POTEI
2576	ENSG00000152093	CFC1B
2577	ENSG00000136698	CFC1
2578	ENSG00000222038	POTEJ
2579	ENSG00000173302	GPR148
2580	ENSG00000178171	AMER3
2581	ENSG00000136002	ARHGEF4
2582	ENSG00000152102	FAM168B
2583	ENSG00000115762	PLEKHB2
2584	ENSG00000188219	POTEE
2585	ENSG00000233087	RAB6D
2586	ENSG00000173272	MZT2A
2587	ENSG00000075886	TUBA3D
2588	ENSG00000163040	CCDC74A
2589	ENSG00000163046	ANKRD30BL
2590	ENSG00000183840	GPR39
2591	ENSG00000150551	LYPD1
2592	ENSG00000176771	NCKAP5
2593	ENSG00000152127	MGAT5
2594	ENSG00000152128	TMEM163
2595	ENSG00000153086	ACMSD
2596	ENSG00000082258	CCNT2
2597	ENSG00000176601	MAP3K19
2598	ENSG00000115839	RAB3GAP1
2599	ENSG00000121988	ZRANB3
2600	ENSG00000048991	R3HDM1
2601	ENSG00000144224	UBXN4
2602	ENSG00000115850	LCT
2603	ENSG00000076003	MCM6
2604	ENSG00000115866	DARS1
2605	ENSG00000121966	CXCR4
2606	ENSG00000144229	THSD7B
2607	ENSG00000150540	HNMT
2608	ENSG00000144228	SPOPL
2609	ENSG00000144227	NXPH2
2610	ENSG00000168702	LRP1B
2611	ENSG00000075884	ARHGAP15
2612	ENSG00000121964	GTDC1
2613	ENSG00000169554	ZEB2
2614	ENSG00000121989	ACVR2A
2615	ENSG00000115947	ORC4
2616	ENSG00000204406	MBD5
2617	ENSG00000135999	EPC2
2618	ENSG00000168280	KIF5C
2619	ENSG00000150556	LYPD6B
2620	ENSG00000187123	LYPD6
2621	ENSG00000168288	MMADHC
2622	ENSG00000115963	RND3
2623	ENSG00000184898	RBM43
2624	ENSG00000123609	NMI
2625	ENSG00000123610	TNFAIP6
2626	ENSG00000080345	RIF1
2627	ENSG00000183091	NEB
2628	ENSG00000162980	ARL5A
2629	ENSG00000182389	CACNB4
2630	ENSG00000115145	STAM2
2631	ENSG00000157827	FMNL2
2632	ENSG00000196504	PRPF40A
2633	ENSG00000177917	ARL6IP6
2634	ENSG00000177519	RPRM
2635	ENSG00000144278	GALNT13
2636	ENSG00000162989	KCNJ3
2637	ENSG00000153234	NR4A2
2638	ENSG00000115159	GPD2
2639	ENSG00000136542	GALNT5
2640	ENSG00000136541	ERMN
2641	ENSG00000115165	CYTIP
2642	ENSG00000123612	ACVR1C
2643	ENSG00000115170	ACVR1
2644	ENSG00000007001	UPP2
2645	ENSG00000153237	CCDC148
2646	ENSG00000144283	PKP4
2647	ENSG00000163331	DAPL1
2648	ENSG00000115183	TANC1
2649	ENSG00000196151	WDSUB1
2650	ENSG00000123636	BAZ2B
2651	ENSG00000136536	MARCHF7
2652	ENSG00000241399	CD302
2653	ENSG00000054219	LY75
2654	ENSG00000153246	PLA2R1
2655	ENSG00000115221	ITGB6
2656	ENSG00000153250	RBMS1
2657	ENSG00000136560	TANK
2658	ENSG00000115233	PSMD14
2659	ENSG00000136535	TBR1
2660	ENSG00000144290	SLC4A10
2661	ENSG00000197635	DPP4
2662	ENSG00000115263	GCG
2663	ENSG00000078098	FAP
2664	ENSG00000115267	IFIH1
2665	ENSG00000115271	GCA
2666	ENSG00000184611	KCNH7
2667	ENSG00000182263	FIGN
2668	ENSG00000115290	GRB14
2669	ENSG00000082438	COBLL1
2670	ENSG00000169507	SLC38A11
2671	ENSG00000153253	SCN3A
2672	ENSG00000136531	SCN2A
2673	ENSG00000178662	CSRNP3
2674	ENSG00000115339	GALNT3
2675	ENSG00000123607	TTC21B
2676	ENSG00000144285	SCN1A
2677	ENSG00000169432	SCN9A
2678	ENSG00000136546	SCN7A
2679	ENSG00000163092	XIRP2
2680	ENSG00000172318	B3GALT1
2681	ENSG00000198648	STK39
2682	ENSG00000172292	CERS6
2683	ENSG00000163072	NOSTRIN
2684	ENSG00000152253	SPC25
2685	ENSG00000152254	G6PC2
2687	ENSG00000073737	DHRS9
2688	ENSG00000081479	LRP2
2689	ENSG00000163093	BBS5
2690	ENSG00000239474	KLHL41
2691	ENSG00000138399	FASTKD1
2692	ENSG00000138398	PPIG
2693	ENSG00000154479	CCDC173
2694	ENSG00000213160	KLHL23
2695	ENSG00000138385	SSB
2696	ENSG00000138382	METTL5
2697	ENSG00000144357	UBR3
2698	ENSG00000071909	MYO3B
2699	ENSG00000204335	SP5
2700	ENSG00000204334	ERICH2
2701	ENSG00000128683	GAD1
2702	ENSG00000115806	GORASP2
2703	ENSG00000198586	TLK1
2704	ENSG00000123600	METTL8
2705	ENSG00000115827	DCAF17
2706	ENSG00000071967	CYBRD1
2707	ENSG00000077380	DYNC1I2
2708	ENSG00000115840	SLC25A12
2709	ENSG00000128708	HAT1
2710	ENSG00000172878	METAP1D
2711	ENSG00000144355	DLX1
2712	ENSG00000115844	DLX2
2713	ENSG00000091409	ITGA6
2714	ENSG00000091428	RAPGEF4
2715	ENSG00000091436	MAP3K20
2716	ENSG00000144354	CDCA7
2717	ENSG00000172845	SP3
2718	ENSG00000138430	OLA1
2719	ENSG00000217236	SP9
2720	ENSG00000138433	CIR1
2721	ENSG00000144306	SCRN3
2722	ENSG00000163328	GPR155
2723	ENSG00000115935	WIPF1
2724	ENSG00000138435	CHRNA1
2725	ENSG00000128656	CHN1
2726	ENSG00000115966	ATF2
2727	ENSG00000154518	ATP5MC3
2728	ENSG00000144320	LNPK
2729	ENSG00000174279	EVX2
2730	ENSG00000128714	HOXD13
2731	ENSG00000170178	HOXD12
2732	ENSG00000128713	HOXD11
2733	ENSG00000128710	HOXD10
2734	ENSG00000128709	HOXD9
2735	ENSG00000175879	HOXD8
2736	ENSG00000128652	HOXD3
2737	ENSG00000170166	HOXD4
2738	ENSG00000128645	HOXD1
2739	ENSG00000128654	MTX2
2740	ENSG00000170144	HNRNPA3
2741	ENSG00000116044	NFE2L2
2742	ENSG00000018510	AGPS
2743	ENSG00000196659	TTC30B
2744	ENSG00000197557	TTC30A
2745	ENSG00000128655	PDE11A
2746	ENSG00000155636	RBM45
2747	ENSG00000079156	OSBPL6
2748	ENSG00000180228	PRKRA
2749	ENSG00000204311	PJVK
2750	ENSG00000079150	FKBP7
2751	ENSG00000155657	TTN
2752	ENSG00000163492	CCDC141
2753	ENSG00000187231	SESTD1
2754	ENSG00000144331	ZNF385B
2755	ENSG00000163510	CWC22
2756	ENSG00000170035	UBE2E3
2757	ENSG00000115232	ITGA4
2758	ENSG00000188452	CERKL
2759	ENSG00000162992	NEUROD1
2760	ENSG00000138434	ITPRID2
2761	ENSG00000150722	PPP1R1C
2762	ENSG00000115252	PDE1A
2763	ENSG00000162998	FRZB
2764	ENSG00000162999	DUSP19
2765	ENSG00000163002	NUP35
2766	ENSG00000170396	ZNF804A
2767	ENSG00000188738	FSIP2
2768	ENSG00000065548	ZC3H15
2769	ENSG00000138448	ITGAV
2770	ENSG00000144369	FAM171B
2771	ENSG00000163012	ZSWIM2
2772	ENSG00000064989	CALCRL
2773	ENSG00000003436	TFPI
2774	ENSG00000144366	GULP1
2775	ENSG00000168542	COL3A1
2776	ENSG00000204262	COL5A2
2777	ENSG00000115368	WDR75
2778	ENSG00000138449	SLC40A1
2779	ENSG00000138381	ASNSD1
2781	ENSG00000151687	ANKAR
2782	ENSG00000128694	OSGEPL1
2783	ENSG00000128699	ORMDL1
2784	ENSG00000064933	PMS1
2785	ENSG00000187699	C2orf88
2786	ENSG00000138379	MSTN
2787	ENSG00000198130	HIBCH
2788	ENSG00000151689	INPP1
2789	ENSG00000151690	MFSD6
2790	ENSG00000189362	NEMP2
2791	ENSG00000138386	NAB1
2792	ENSG00000115419	GLS
2793	ENSG00000115415	STAT1
2794	ENSG00000138378	STAT4
2795	ENSG00000128641	MYO1B
2796	ENSG00000168497	CAVIN2
2797	ENSG00000144339	TMEFF2
2798	ENSG00000196950	SLC39A10
2799	ENSG00000118997	DNAH7
2800	ENSG00000081320	STK17B
2801	ENSG00000138411	HECW2
2802	ENSG00000144395	CCDC150
2803	ENSG00000119041	GTF3C3
2804	ENSG00000187944	C2orf66
2805	ENSG00000197121	PGAP1
2806	ENSG00000065413	ANKRD44
2807	ENSG00000115524	SF3B1
2808	ENSG00000115520	COQ10B
2809	ENSG00000144381	HSPD1
2810	ENSG00000115541	HSPE1
2811	ENSG00000115540	MOB4
2812	ENSG00000162944	RFTN2
2813	ENSG00000247626	MARS2
2814	ENSG00000152430	BOLL
2815	ENSG00000115896	PLCL1
2816	ENSG00000119042	SATB2
2817	ENSG00000226124	FTCDNL1
2818	ENSG00000178074	C2orf69
2819	ENSG00000162971	TYW5
2820	ENSG00000162972	MAIP1
2821	ENSG00000196141	SPATS2L
2822	ENSG00000155729	KCTD18
2823	ENSG00000163535	SGO2
2824	ENSG00000138356	AOX1
2825	ENSG00000082153	BZW1
2826	ENSG00000013441	CLK1
2827	ENSG00000240344	PPIL3
2828	ENSG00000196290	NIF3L1
2829	ENSG00000115942	ORC2
2830	ENSG00000155744	FAM126B
2831	ENSG00000119013	NDUFB3
2832	ENSG00000003400	CASP10
2833	ENSG00000064012	CASP8
2834	ENSG00000155749	FLACC1
2835	ENSG00000115993	TRAK2
2836	ENSG00000082146	STRADB
2837	ENSG00000155754	C2CD6
2838	ENSG00000155755	TMEM237
2839	ENSG00000082126	MPP4
2840	ENSG00000003393	ALS2
2841	ENSG00000138395	CDK15
2842	ENSG00000155760	FZD7
2843	ENSG00000182329	KIAA2012
2844	ENSG00000116030	SUMO1
2845	ENSG00000055044	NOP58
2846	ENSG00000204217	BMPR2
2847	ENSG00000138439	FAM117B
2848	ENSG00000163596	ICA1L
2849	ENSG00000138442	WDR12
2850	ENSG00000138380	CARF
2851	ENSG00000144426	NBEAL1
2852	ENSG00000119004	CYP20A1
2853	ENSG00000173166	RAPH1
2854	ENSG00000178562	CD28
2855	ENSG00000163599	CTLA4
2856	ENSG00000163600	ICOS
2857	ENSG00000116117	PARD3B
2858	ENSG00000118257	NRP2
2859	ENSG00000023228	NDUFS1
2860	ENSG00000114942	EEF1B2
2861	ENSG00000183671	CMKLR2
2862	ENSG00000204186	ZDBF2
2863	ENSG00000114948	ADAM23
2864	ENSG00000235118	FAM237A
2865	ENSG00000232125	DYTN
2866	ENSG00000138400	MDH1B
2867	ENSG00000118246	FASTKD2
2868	ENSG00000144410	CPO
2869	ENSG00000118263	KLF7
2870	ENSG00000118260	CREB1
2871	ENSG00000144401	METTL21A
2872	ENSG00000163249	CCNYL1
2873	ENSG00000163251	FZD5
2874	ENSG00000178385	PLEKHM3
2875	ENSG00000118231	CRYGD
2876	ENSG00000163254	CRYGC
2877	ENSG00000182187	CRYGB
2878	ENSG00000168582	CRYGA
2879	ENSG00000188674	C2orf80
2880	ENSG00000138413	IDH1
2881	ENSG00000115020	PIKFYVE
2882	ENSG00000144407	PTH2R
2883	ENSG00000078018	MAP2
2884	ENSG00000144406	UNC80
2885	ENSG00000197713	RPE
2886	ENSG00000144445	KANSL1L
2887	ENSG00000115361	ACADL
2888	ENSG00000168530	MYL1
2889	ENSG00000115365	LANCL1
2890	ENSG00000021826	CPS1
2891	ENSG00000178568	ERBB4
2892	ENSG00000030419	IKZF2
2893	ENSG00000144451	SPAG16
2894	ENSG00000174453	VWC2L
2895	ENSG00000138376	BARD1
2896	ENSG00000144452	ABCA12
2897	ENSG00000138363	ATIC
2898	ENSG00000115414	FN1
2899	ENSG00000118242	MREG
2900	ENSG00000115425	PECR
2901	ENSG00000163449	TMEM169
2902	ENSG00000079246	XRCC5
2903	ENSG00000144583	MARCHF4
2904	ENSG00000138375	SMARCAL1
2905	ENSG00000197756	RPL37A
2906	ENSG00000115457	IGFBP2
2907	ENSG00000115461	IGFBP5
2908	ENSG00000118245	TNP1
2909	ENSG00000079308	TNS1
2910	ENSG00000188282	RUFY4
2911	ENSG00000180871	CXCR2
2912	ENSG00000163464	CXCR1
2913	ENSG00000163466	ARPC2
2914	ENSG00000179921	GPBAR1
2915	ENSG00000127837	AAMP
2916	ENSG00000127838	PNKD
2917	ENSG00000135926	TMBIM1
2918	ENSG00000158428	CATIP
2919	ENSG00000018280	SLC11A1
2920	ENSG00000144579	CTDSP1
2921	ENSG00000127831	VIL1
2922	ENSG00000135913	USP37
2923	ENSG00000144580	CNOT9
2924	ENSG00000115556	PLCD4
2925	ENSG00000115568	ZNF142
2926	ENSG00000074582	BCS1L
2927	ENSG00000163481	RNF25
2928	ENSG00000163482	STK36
2929	ENSG00000135912	TTLL4
2930	ENSG00000135929	CYP27A1
2931	ENSG00000115592	PRKAG3
2932	ENSG00000115596	WNT6
2933	ENSG00000135925	WNT10A
2934	ENSG00000171450	CDK5R2
2935	ENSG00000163497	FEV
2936	ENSG00000163499	CRYBA2
2937	ENSG00000181378	CFAP65
2938	ENSG00000163501	IHH
2939	ENSG00000187736	NHEJ1
2940	ENSG00000213901	SLC23A3
2941	ENSG00000115649	CNPPD1
2942	ENSG00000144567	RETREG2
2943	ENSG00000158552	ZFAND2B
2944	ENSG00000115657	ABCB6
2945	ENSG00000198925	ATG9A
2946	ENSG00000163516	ANKZF1
2947	ENSG00000163521	GLB1L
2948	ENSG00000115661	STK16
2949	ENSG00000127824	TUBA4A
2950	ENSG00000243910	TUBA4B
2951	ENSG00000135924	DNAJB2
2952	ENSG00000054356	PTPRN
2953	ENSG00000182698	RESP18
2954	ENSG00000123992	DNPEP
2955	ENSG00000175084	DES
2956	ENSG00000072195	SPEG
2958	ENSG00000144591	GMPPA
2959	ENSG00000072182	ASIC4
2960	ENSG00000123989	CHPF
2961	ENSG00000188760	TMEM198
2962	ENSG00000124006	OBSL1
2963	ENSG00000123999	INHA
2964	ENSG00000144589	STK11IP
2965	ENSG00000114923	SLC4A3
2966	ENSG00000116106	EPHA4
2967	ENSG00000135903	PAX3
2968	ENSG00000163082	SGPP2
2969	ENSG00000116120	FARSB
2970	ENSG00000124003	MOGAT1
2971	ENSG00000123983	ACSL3
2972	ENSG00000152049	KCNE4
2973	ENSG00000171951	SCG2
2974	ENSG00000152056	AP1S3
2975	ENSG00000085449	WDFY1
2976	ENSG00000135900	MRPL44
2977	ENSG00000135919	SERPINE2
2978	ENSG00000124019	FAM124B
2979	ENSG00000036257	CUL3
2980	ENSG00000135905	DOCK10
2981	ENSG00000144460	NYAP2
2982	ENSG00000169047	IRS1
2983	ENSG00000144468	RHBDD1
2984	ENSG00000081052	COL4A4
2985	ENSG00000169031	COL4A3
2986	ENSG00000168958	MFF
2987	ENSG00000168955	TM4SF20
2988	ENSG00000173744	AGFG1
2990	ENSG00000135917	SLC19A3
2992	ENSG00000115009	CCL20
2993	ENSG00000123977	DAW1
2994	ENSG00000153820	SPHKAP
2995	ENSG00000153823	PID1
2996	ENSG00000187957	DNER
2997	ENSG00000153827	TRIP12
2998	ENSG00000153832	FBXO36
2999	ENSG00000163053	SLC16A14
3000	ENSG00000135899	SP110
3001	ENSG00000079263	SP140
3002	ENSG00000185404	SP140L
3003	ENSG00000067066	SP100
3004	ENSG00000135932	CAB39
3005	ENSG00000135916	ITM2C
3006	ENSG00000135898	GPR55
3007	ENSG00000173699	SPATA3
3008	ENSG00000204128	C2orf72
3009	ENSG00000173692	PSMD1
3010	ENSG00000135914	HTR2B
3011	ENSG00000135931	ARMC9
3012	ENSG00000156966	B3GNT7
3013	ENSG00000115053	NCL
3014	ENSG00000171596	NMUR1
3015	ENSG00000177673	TEX44
3016	ENSG00000187514	PTMA
3017	ENSG00000156973	PDE6D
3018	ENSG00000144524	COPS7B
3019	ENSG00000163273	NPPC
3020	ENSG00000144535	DIS3L2
3021	ENSG00000163283	ALPP
3022	ENSG00000163286	ALPG
3023	ENSG00000163295	ALPI
3024	ENSG00000171551	ECEL1
3025	ENSG00000237412	PRSS56
3026	ENSG00000135902	CHRND
3027	ENSG00000196811	CHRNG
3028	ENSG00000221944	TIGD1
3029	ENSG00000135930	EIF4E2
3030	ENSG00000115468	EFHD1
3031	ENSG00000204120	GIGYF2
3032	ENSG00000115474	KCNJ13
3033	ENSG00000182600	SNORC
3034	ENSG00000066248	NGEF
3035	ENSG00000168918	INPP5D
3036	ENSG00000085978	ATG16L1
3037	ENSG00000130561	SAG
3038	ENSG00000077044	DGKD
3039	ENSG00000085982	USP40
3040	ENSG00000242366	UGT1A8
3041	ENSG00000242515	UGT1A10
3042	ENSG00000241119	UGT1A9
3043	ENSG00000244122	UGT1A7
3044	ENSG00000167165	UGT1A6
3046	ENSG00000244474	UGT1A4
3048	ENSG00000241635	UGT1A1
3049	ENSG00000185038	MROH2A
3050	ENSG00000123485	HJURP
3051	ENSG00000144481	TRPM8
3052	ENSG00000072080	SPP2
3053	ENSG00000188042	ARL4C
3054	ENSG00000130147	SH3BP4
3055	ENSG00000157985	AGAP1
3056	ENSG00000168505	GBX2
3057	ENSG00000182177	ASB18
3058	ENSG00000132321	IQCA1
3059	ENSG00000144476	ACKR3
3060	ENSG00000198612	COPS8
3061	ENSG00000163359	COL6A3
3062	ENSG00000115648	MLPH
3063	ENSG00000124839	RAB17
3064	ENSG00000124831	LRRFIP1
3065	ENSG00000177483	RBM44
3066	ENSG00000132329	RAMP1
3067	ENSG00000184182	UBE2F
3068	ENSG00000132330	SCLY
3069	ENSG00000144488	ESPNL
3070	ENSG00000168427	KLHL30
3071	ENSG00000178752	ERFE
3072	ENSG00000132323	ILKAP
3073	ENSG00000144485	HES6
3074	ENSG00000132326	PER2
3075	ENSG00000204104	TRAF3IP1
3076	ENSG00000065802	ASB1
3077	ENSG00000233608	TWIST2
3078	ENSG00000068024	HDAC4
3079	ENSG00000130414	NDUFA10
3080	ENSG00000172428	COPS9
3081	ENSG00000178602	OTOS
3082	ENSG00000063660	GPC1
3083	ENSG00000144504	ANKMY1
3084	ENSG00000188542	DUSP28
3085	ENSG00000142327	RNPEPL1
3086	ENSG00000142330	CAPN10
3087	ENSG00000178623	GPR35
3088	ENSG00000185176	AQP12B
3089	ENSG00000184945	AQP12A
3090	ENSG00000130294	KIF1A
3091	ENSG00000172482	AGXT
3092	ENSG00000172478	MAB21L4
3093	ENSG00000226321	CROCC2
3094	ENSG00000162804	SNED1
3095	ENSG00000122085	MTERF4
3096	ENSG00000115687	PASK
3097	ENSG00000115685	PPP1R7
3098	ENSG00000146205	ANO7
3099	ENSG00000115677	HDLBP
3100	ENSG00000168385	SEPTIN2
3101	ENSG00000006607	FARP2
3102	ENSG00000115694	STK25
3103	ENSG00000176720	BOK
3104	ENSG00000176946	THAP4
3105	ENSG00000168397	ATG4B
3106	ENSG00000168393	DTYMK
3107	ENSG00000168395	ING5
3108	ENSG00000180902	D2HGDH
3109	ENSG00000154252	GAL3ST2
3110	ENSG00000204099	NEU4
3111	ENSG00000188389	PDCD1
3112	ENSG00000188011	RTP5
3113	ENSG00000216921	FAM240C
3114	ENSG00000134121	CHL1
3115	ENSG00000134115	CNTN6
3116	ENSG00000144619	CNTN4
3117	ENSG00000091181	IL5RA
3118	ENSG00000072756	TRNT1
3119	ENSG00000113851	CRBN
3120	ENSG00000144455	SUMF1
3121	ENSG00000175928	LRRN1
3122	ENSG00000170364	SETMAR
3123	ENSG00000150995	ITPR1
3124	ENSG00000134107	BHLHE40
3125	ENSG00000134108	ARL8B
3126	ENSG00000134109	EDEM1
3127	ENSG00000196277	GRM7
3128	ENSG00000071282	LMCD1
3129	ENSG00000125046	SSUH2
3130	ENSG00000182533	CAV3
3131	ENSG00000180914	OXTR
3132	ENSG00000070950	RAD18
3133	ENSG00000196220	SRGAP3
3134	ENSG00000134077	THUMPD3
3135	ENSG00000168137	SETD5
3136	ENSG00000156959	LHFPL4
3137	ENSG00000163719	MTMR14
3138	ENSG00000144550	CPNE9
3139	ENSG00000156983	BRPF1
3140	ENSG00000114026	OGG1
3141	ENSG00000134072	CAMK1
3142	ENSG00000171148	TADA3
3143	ENSG00000241553	ARPC4
3144	ENSG00000214021	TTLL3
3145	ENSG00000156990	RPUSD3
3146	ENSG00000187288	CIDEC
3147	ENSG00000171135	JAGN1
3148	ENSG00000163701	IL17RE
3149	ENSG00000163702	IL17RC
3150	ENSG00000163703	CRELD1
3151	ENSG00000163704	PRRT3
3152	ENSG00000125037	EMC3
3153	ENSG00000144554	FANCD2
3154	ENSG00000163705	FANCD2OS
3155	ENSG00000254999	BRK1
3156	ENSG00000134086	VHL
3157	ENSG00000134070	IRAK2
3158	ENSG00000157014	TATDN2
3159	ENSG00000157017	GHRL
3160	ENSG00000157020	SEC13
3161	ENSG00000157087	ATP2B2
3162	ENSG00000132164	SLC6A11
3163	ENSG00000157103	SLC6A1
3164	ENSG00000196639	HRH1
3165	ENSG00000197548	ATG7
3166	ENSG00000144560	VGLL4
3167	ENSG00000144559	TAMM41
3168	ENSG00000157152	SYN2
3169	ENSG00000157150	TIMP4
3170	ENSG00000132170	PPARG
3171	ENSG00000154743	TSEN2
3172	ENSG00000225526	MKRN2OS
3173	ENSG00000075975	MKRN2
3174	ENSG00000132155	RAF1
3175	ENSG00000088726	TMEM40
3176	ENSG00000144712	CAND2
3177	ENSG00000144713	RPL32
3178	ENSG00000144711	IQSEC1
3179	ENSG00000132182	NUP210
3180	ENSG00000163517	HDAC11
3181	ENSG00000163520	FBLN2
3182	ENSG00000154764	WNT7A
3183	ENSG00000163528	CHCHD4
3184	ENSG00000170876	TMEM43
3185	ENSG00000154767	XPC
3186	ENSG00000170860	LSM3
3187	ENSG00000131389	SLC6A6
3188	ENSG00000144596	GRIP2
3189	ENSG00000154781	CCDC174
3190	ENSG00000131379	C3orf20
3191	ENSG00000154783	FGD5
3192	ENSG00000177463	NR2C2
3193	ENSG00000131368	MRPS25
3194	ENSG00000131381	RBSN
3195	ENSG00000131375	CAPN7
3196	ENSG00000131370	SH3BP5
3197	ENSG00000206562	METTL6
3198	ENSG00000144597	EAF1
3199	ENSG00000206561	COLQ
3200	ENSG00000131373	HACL1
3201	ENSG00000169814	BTD
3202	ENSG00000206560	ANKRD28
3203	ENSG00000131386	GALNT15
3204	ENSG00000154813	DPH3
3205	ENSG00000154814	OXNAD1
3206	ENSG00000131378	RFTN1
3207	ENSG00000092345	DAZL
3208	ENSG00000154822	PLCL2
3209	ENSG00000131374	TBC1D5
3210	ENSG00000182568	SATB1
3211	ENSG00000183960	KCNH8
3212	ENSG00000163576	EFHB
3213	ENSG00000144566	RAB5A
3214	ENSG00000183977	PP2D1
3215	ENSG00000114166	KAT2B
3216	ENSG00000129810	SGO1
3217	ENSG00000151789	ZNF385D
3218	ENSG00000182247	UBE2E2
3219	ENSG00000170142	UBE2E1
3220	ENSG00000197885	NKIRAS1
3221	ENSG00000174748	RPL15
3222	ENSG00000174738	NR1D2
3223	ENSG00000151090	THRB
3224	ENSG00000077092	RARB
3225	ENSG00000077097	TOP2B
3226	ENSG00000151092	NGLY1
3227	ENSG00000151093	OXSM
3228	ENSG00000179796	LRRC3B
3229	ENSG00000163491	NEK10
3230	ENSG00000033867	SLC4A7
3231	ENSG00000163508	EOMES
3232	ENSG00000187118	CMC1
3233	ENSG00000163512	AZI2
3234	ENSG00000206559	ZCWPW2
3235	ENSG00000144642	RBMS3
3236	ENSG00000163513	TGFBR2
3237	ENSG00000144644	GADL1
3238	ENSG00000163527	STT3B
3239	ENSG00000144645	OSBPL10
3240	ENSG00000197385	ZNF860
3241	ENSG00000152642	GPD1L
3242	ENSG00000170293	CMTM8
3243	ENSG00000153551	CMTM7
3244	ENSG00000091317	CMTM6
3245	ENSG00000144635	DYNC1LI1
3246	ENSG00000182973	CNOT10
3247	ENSG00000206557	TRIM71
3248	ENSG00000183813	CCR4
3249	ENSG00000170266	GLB1
3250	ENSG00000188167	TMPPE
3251	ENSG00000170275	CRTAP
3252	ENSG00000173705	SUSD5
3253	ENSG00000153558	FBXL2
3254	ENSG00000153560	UBP1
3255	ENSG00000163539	CLASP2
3256	ENSG00000170248	PDCD6IP
3257	ENSG00000172995	ARPP21
3258	ENSG00000144681	STAC
3259	ENSG00000163673	DCLK3
3260	ENSG00000168016	TRANK1
3261	ENSG00000178567	EPM2AIP1
3262	ENSG00000076242	MLH1
3263	ENSG00000093167	LRRFIP2
3264	ENSG00000144674	GOLGA4
3265	ENSG00000144668	ITGA9
3266	ENSG00000144677	CTDSPL
3267	ENSG00000136059	VILL
3268	ENSG00000187091	PLCD1
3269	ENSG00000008226	DLEC1
3270	ENSG00000060971	ACAA1
3271	ENSG00000172936	MYD88
3272	ENSG00000172939	OXSR1
3273	ENSG00000172940	SLC22A13
3274	ENSG00000144671	SLC22A14
3275	ENSG00000093217	XYLB
3276	ENSG00000114739	ACVR2B
3277	ENSG00000157036	EXOG
3278	ENSG00000183873	SCN5A
3279	ENSG00000185313	SCN10A
3280	ENSG00000168356	SCN11A
3281	ENSG00000114742	WDR48
3282	ENSG00000114745	GORASP1
3283	ENSG00000168026	TTC21A
3284	ENSG00000144655	CSRNP1
3285	ENSG00000168334	XIRP1
3286	ENSG00000168329	CX3CR1
3287	ENSG00000179934	CCR8
3288	ENSG00000144659	SLC25A38
3289	ENSG00000168028	RPSA
3290	ENSG00000168314	MOBP
3291	ENSG00000170011	MYRIP
3292	ENSG00000114784	EIF1B
3293	ENSG00000168032	ENTPD3
3294	ENSG00000188846	RPL14
3295	ENSG00000177873	ZNF619
3296	ENSG00000177842	ZNF620
3297	ENSG00000172888	ZNF621
3298	ENSG00000168036	CTNNB1
3299	ENSG00000168038	ULK4
3300	ENSG00000182606	TRAK1
3301	ENSG00000187094	CCK
3302	ENSG00000157093	LYZL4
3303	ENSG00000114812	VIPR1
3304	ENSG00000093183	SEC22C
3305	ENSG00000008324	SS18L2
3306	ENSG00000114857	NKTR
3307	ENSG00000114853	ZBTB47
3308	ENSG00000157119	KLHL40
3309	ENSG00000010282	HHATL
3310	ENSG00000244607	CCDC13
3311	ENSG00000181061	HIGD1A
3312	ENSG00000144648	ACKR2
3313	ENSG00000240747	KRBOX1
3314	ENSG00000180432	CYP8B1
3315	ENSG00000182983	ZNF662
3316	ENSG00000144649	GASK1A
3317	ENSG00000144647	POMGNT2
3318	ENSG00000163788	SNRK
3319	ENSG00000160746	ANO10
3320	ENSG00000011198	ABHD5
3321	ENSG00000173769	TOPAZ1
3322	ENSG00000179152	TCAIM
3323	ENSG00000178917	ZNF852
3324	ENSG00000196345	ZKSCAN7
3325	ENSG00000144792	ZNF660
3326	ENSG00000186448	ZNF197
3327	ENSG00000169981	ZNF35
3328	ENSG00000196653	ZNF502
3329	ENSG00000186446	ZNF501
3330	ENSG00000163807	KIAA1143
3331	ENSG00000163808	KIF15
3332	ENSG00000169964	TMEM42
3333	ENSG00000163810	TGM4
3334	ENSG00000075914	EXOSC7
3335	ENSG00000163815	CLEC3B
3336	ENSG00000163814	CDCP1
3337	ENSG00000249992	TMEM158
3338	ENSG00000011376	LARS2
3339	ENSG00000144791	LIMD1
3340	ENSG00000211456	SACM1L
3341	ENSG00000163817	SLC6A20
3342	ENSG00000163818	LZTFL1
3343	ENSG00000173585	CCR9
3344	ENSG00000163820	FYCO1
3345	ENSG00000172215	CXCR6
3346	ENSG00000173578	XCR1
3347	ENSG00000183625	CCR3
3348	ENSG00000163823	CCR1
3349	ENSG00000121807	CCR2
3350	ENSG00000160791	CCR5
3351	ENSG00000121797	CCRL2
3352	ENSG00000012223	LTF
3353	ENSG00000163825	RTP3
3354	ENSG00000163827	LRRC2
3355	ENSG00000241186	TDGF1
3356	ENSG00000283473	FAM240A
3357	ENSG00000178038	ALS2CL
3358	ENSG00000181585	TMIE
3359	ENSG00000283706	PRSS50
3360	ENSG00000188086	PRSS45P
3361	ENSG00000160808	MYL3
3362	ENSG00000160801	PTH1R
3363	ENSG00000160799	CCDC12
3364	ENSG00000160796	NBEAL2
3365	ENSG00000181555	SETD2
3366	ENSG00000088727	KIF9
3367	ENSG00000114648	KLHL18
3368	ENSG00000076201	PTPN23
3369	ENSG00000114650	SCAP
3370	ENSG00000163832	ELP6
3371	ENSG00000114646	CSPG5
3372	ENSG00000173473	SMARCC1
3373	ENSG00000132153	DHX30
3374	ENSG00000047849	MAP4
3375	ENSG00000164045	CDC25A
3376	ENSG00000164047	CAMP
3377	ENSG00000164048	ZNF589
3378	ENSG00000172113	NME6
3379	ENSG00000229453	SPINK8
3380	ENSG00000164049	FBXW12
3381	ENSG00000164050	PLXNB1
3382	ENSG00000164051	CCDC51
3383	ENSG00000232112	TMA7
3384	ENSG00000164053	ATRIP
3385	ENSG00000164054	SHISA5
3386	ENSG00000114268	PFKFB4
3387	ENSG00000145040	UCN2
3388	ENSG00000114270	COL7A1
3389	ENSG00000010256	UQCRC1
3390	ENSG00000183396	TMEM89
3391	ENSG00000225697	SLC26A6
3392	ENSG00000008300	CELSR3
3393	ENSG00000213672	NCKIPSD
3394	ENSG00000068745	IP6K2
3395	ENSG00000114302	PRKAR2A
3396	ENSG00000178537	SLC25A20
3397	ENSG00000177479	ARIH2
3398	ENSG00000178467	P4HTM
3399	ENSG00000178252	WDR6
3400	ENSG00000178149	DALRD3
3401	ENSG00000178057	NDUFAF3
3402	ENSG00000178035	IMPDH2
3403	ENSG00000198218	QRICH1
3404	ENSG00000172053	QARS1
3405	ENSG00000172046	USP19
3406	ENSG00000172037	LAMB2
3407	ENSG00000177352	CCDC71
3408	ENSG00000185909	KLHDC8B
3409	ENSG00000173421	IHO1
3410	ENSG00000188315	C3orf62
3411	ENSG00000114316	USP4
3412	ENSG00000233276	GPX1
3413	ENSG00000067560	RHOA
3414	ENSG00000145022	TCTA
3415	ENSG00000145020	AMT
3416	ENSG00000145029	NICN1
3417	ENSG00000173402	DAG1
3418	ENSG00000164061	BSN
3419	ENSG00000164062	APEH
3420	ENSG00000173531	MST1
3421	ENSG00000164068	RNF123
3423	ENSG00000173540	GMPPB
3424	ENSG00000176095	IP6K1
3425	ENSG00000187492	CDHR4
3426	ENSG00000185614	INKA1
3427	ENSG00000182179	UBA7
3428	ENSG00000183763	TRAIP
3429	ENSG00000164076	CAMKV
3430	ENSG00000164078	MST1R
3431	ENSG00000164077	MON1A
3432	ENSG00000004534	RBM6
3433	ENSG00000003756	RBM5
3434	ENSG00000001617	SEMA3F
3435	ENSG00000114349	GNAT1
3436	ENSG00000188338	SLC38A3
3437	ENSG00000114353	GNAI2
3438	ENSG00000012171	SEMA3B
3439	ENSG00000179564	LSMEM2
3440	ENSG00000214706	IFRD2
3441	ENSG00000186792	HYAL3
3442	ENSG00000243477	NAA80
3443	ENSG00000114378	HYAL1
3444	ENSG00000068001	HYAL2
3445	ENSG00000114383	TUSC2
3446	ENSG00000068028	RASSF1
3447	ENSG00000004838	ZMYND10
3448	ENSG00000114388	NPRL2
3449	ENSG00000114395	CYB561D2
3450	ENSG00000126062	TMEM115
3451	ENSG00000007402	CACNA2D2
3452	ENSG00000088543	C3orf18
3453	ENSG00000114737	CISH
3454	ENSG00000114738	MAPKAPK3
3455	ENSG00000088538	DOCK3
3456	ENSG00000145050	MANF
3457	ENSG00000259956	RBM15B
3458	ENSG00000145041	DCAF1
3459	ENSG00000164080	RAD54L2
3460	ENSG00000164081	TEX264
3461	ENSG00000164082	GRM2
3462	ENSG00000214686	IQCF6
3463	ENSG00000229972	IQCF3
3464	ENSG00000184345	IQCF2
3465	ENSG00000114767	RRP9
3466	ENSG00000041880	PARP3
3467	ENSG00000180929	GPR62
3468	ENSG00000090097	PCBP4
3469	ENSG00000114779	ABHD14B
3470	ENSG00000248487	ABHD14A
3471	ENSG00000243989	ACY1
3472	ENSG00000162244	RPL29
3473	ENSG00000164086	DUSP7
3474	ENSG00000164087	POC1A
3475	ENSG00000023330	ALAS1
3476	ENSG00000239732	TLR9
3477	ENSG00000247596	TWF2
3478	ENSG00000164088	PPM1M
3479	ENSG00000164091	WDR82
3480	ENSG00000168237	GLYCTK
3481	ENSG00000114841	DNAH1
3482	ENSG00000163930	BAP1
3483	ENSG00000010318	PHF7
3484	ENSG00000010319	SEMA3G
3485	ENSG00000114854	TNNC1
3486	ENSG00000010322	NISCH
3487	ENSG00000010327	STAB1
3488	ENSG00000168268	NT5DC2
3489	ENSG00000168273	SMIM4
3490	ENSG00000163939	PBRM1
3491	ENSG00000163938	GNL3
3492	ENSG00000016864	GLT8D1
3493	ENSG00000114902	SPCS1
3494	ENSG00000114904	NEK4
3495	ENSG00000055957	ITIH1
3496	ENSG00000162267	ITIH3
3497	ENSG00000055955	ITIH4
3498	ENSG00000272573	MUSTN1
3499	ENSG00000213533	STIMATE
3500	ENSG00000163935	SFMBT1
3501	ENSG00000163933	RFT1
3502	ENSG00000163932	PRKCD
3503	ENSG00000163931	TKT
3504	ENSG00000272886	DCP1A
3505	ENSG00000157388	CACNA1D
3506	ENSG00000016391	CHDH
3507	ENSG00000056736	IL17RB
3508	ENSG00000113812	ACTR8
3509	ENSG00000113811	SELENOK
3510	ENSG00000157445	CACNA2D3
3511	ENSG00000144771	LRTM1
3512	ENSG00000114251	WNT5A
3513	ENSG00000187672	ERC2
3514	ENSG00000180376	CCDC66
3515	ENSG00000163946	TASOR
3516	ENSG00000163947	ARHGEF3
3517	ENSG00000186451	SPATA12
3518	ENSG00000144730	IL17RD
3519	ENSG00000163666	HESX1
3520	ENSG00000157500	APPL1
3521	ENSG00000239388	ASB14
3522	ENSG00000174844	DNAH12
3523	ENSG00000174840	PDE12
3524	ENSG00000168374	ARF4
3525	ENSG00000174839	DENND6A
3526	ENSG00000163681	SLMAP
3527	ENSG00000136068	FLNB
3528	ENSG00000163687	DNASE1L3
3529	ENSG00000163686	ABHD6
3530	ENSG00000163684	RPP14
3531	ENSG00000255154	HTD2
3532	ENSG00000168297	PXK
3533	ENSG00000168291	PDHB
3534	ENSG00000168301	KCTD6
3535	ENSG00000168306	ACOX2
3536	ENSG00000168309	FAM107A
3537	ENSG00000198643	FAM3D
3538	ENSG00000163689	CFAP20DC
3539	ENSG00000189283	FHIT
3540	ENSG00000144724	PTPRG
3541	ENSG00000114405	C3orf14
3542	ENSG00000153266	FEZF2
3543	ENSG00000163618	CADPS
3544	ENSG00000163630	SYNPR
3545	ENSG00000188817	SNTN
3546	ENSG00000163632	C3orf49
3547	ENSG00000163634	THOC7
3548	ENSG00000163635	ATXN7
3549	ENSG00000163636	PSMD6
3550	ENSG00000163637	PRICKLE2
3551	ENSG00000163638	ADAMTS9
3552	ENSG00000151276	MAGI1
3553	ENSG00000144741	SLC25A26
3554	ENSG00000144749	LRIG1
3555	ENSG00000163376	KBTBD8
3556	ENSG00000172340	SUCLG2
3557	ENSG00000183662	TAFA1
3558	ENSG00000163377	TAFA4
3559	ENSG00000163378	EOGT
3560	ENSG00000144747	TMF1
3561	ENSG00000144744	UBA3
3562	ENSG00000144746	ARL6IP5
3563	ENSG00000163380	LMOD3
3564	ENSG00000114541	FRMD4B
3565	ENSG00000187098	MITF
3566	ENSG00000242120	MDFIC2
3567	ENSG00000114861	FOXP1
3568	ENSG00000163412	EIF4E3
3569	ENSG00000170837	GPR27
3570	ENSG00000163421	PROK2
3571	ENSG00000163602	RYBP
3572	ENSG00000144736	SHQ1
3573	ENSG00000172986	GXYLT2
3574	ENSG00000163605	PPP4R2
3575	ENSG00000255423	EBLN2
3576	ENSG00000121440	PDZRN3
3577	ENSG00000113805	CNTN3
3578	ENSG00000172969	FRG2C
3579	ENSG00000227124	ZNF717
3580	ENSG00000185008	ROBO2
3581	ENSG00000169855	ROBO1
3582	ENSG00000114480	GBE1
3583	ENSG00000175161	CADM2
3584	ENSG00000206538	VGLL3
3585	ENSG00000083937	CHMP2B
3586	ENSG00000064835	POU1F1
3587	ENSG00000179097	HTR1F
3588	ENSG00000163320	CGGBP1
3589	ENSG00000175105	ZNF654
3590	ENSG00000179021	C3orf38
3591	ENSG00000283434	CSNKA2IP
3592	ENSG00000044524	EPHA3
3593	ENSG00000184500	PROS1
3594	ENSG00000169379	ARL13B
3595	ENSG00000178700	DHFR2
3596	ENSG00000178694	NSUN3
3597	ENSG00000113966	ARL6
3598	ENSG00000080200	CRYBG3
3599	ENSG00000170854	RIOX2
3600	ENSG00000231192	OR5H1
3601	ENSG00000236032	OR5H14
3602	ENSG00000233412	OR5H15
3603	ENSG00000230301	OR5H6
3604	ENSG00000197938	OR5H2
3605	ENSG00000232382	OR5K1
3606	ENSG00000080822	CLDND1
3607	ENSG00000154165	GPR15
3608	ENSG00000080819	CPOX
3609	ENSG00000064225	ST3GAL6
3610	ENSG00000057019	DCBLD2
3611	ENSG00000144810	COL8A1
3612	ENSG00000184220	CMSS1
3613	ENSG00000168386	FILIP1L
3614	ENSG00000036054	TBC1D23
3615	ENSG00000114021	NIT2
3616	ENSG00000154174	TOMM70
3617	ENSG00000206535	LNP1
3618	ENSG00000181458	TMEM45A
3619	ENSG00000144820	ADGRG7
3620	ENSG00000114354	TFG
3621	ENSG00000154175	ABI3BP
3622	ENSG00000081148	IMPG2
3623	ENSG00000138468	SENP7
3624	ENSG00000174173	TRMT10C
3625	ENSG00000081154	PCNP
3626	ENSG00000066422	ZBTB11
3627	ENSG00000114391	RPL24
3628	ENSG00000182504	CEP97
3629	ENSG00000144815	NXPE3
3630	ENSG00000144802	NFKBIZ
3631	ENSG00000170044	ZPLD1
3632	ENSG00000170017	ALCAM
3633	ENSG00000114423	CBLB
3634	ENSG00000138483	CCDC54
3635	ENSG00000114439	BBX
3636	ENSG00000196776	CD47
3637	ENSG00000114446	IFT57
3638	ENSG00000114455	HHLA2
3639	ENSG00000144821	MYH15
3640	ENSG00000163507	CIP2A
3641	ENSG00000198919	DZIP3
3642	ENSG00000163515	RETNLB
3643	ENSG00000163519	TRAT1
3644	ENSG00000138472	GUCA1C
3645	ENSG00000114487	MORC1
3646	ENSG00000241224	C3orf85
3647	ENSG00000163530	DPPA2
3648	ENSG00000121570	DPPA4
3649	ENSG00000177707	NECTIN3
3650	ENSG00000153283	CD96
3651	ENSG00000177494	ZBED2
3652	ENSG00000240891	PLCXD2
3653	ENSG00000144824	PHLDB2
3654	ENSG00000144827	ABHD10
3655	ENSG00000144834	TAGLN3
3656	ENSG00000176040	TMPRSS7
3657	ENSG00000114529	C3orf52
3658	ENSG00000174500	GCSAM
3659	ENSG00000172139	SLC9C1
3660	ENSG00000091972	CD200
3661	ENSG00000186265	BTLA
3662	ENSG00000144848	ATG3
3663	ENSG00000138459	SLC35A5
3664	ENSG00000091986	CCDC80
3665	ENSG00000206531	CD200R1L
3666	ENSG00000163606	CD200R1
3667	ENSG00000163607	GTPBP8
3668	ENSG00000163608	NEPRO
3669	ENSG00000144857	BOC
3670	ENSG00000206530	CFAP44
3671	ENSG00000163611	SPICE1
3672	ENSG00000072858	SIDT1
3673	ENSG00000176542	USF3
3674	ENSG00000121579	NAA50
3675	ENSG00000114573	ATP6V1A
3676	ENSG00000178075	GRAMD1C
3677	ENSG00000184307	ZDHHC23
3678	ENSG00000163617	CCDC191
3679	ENSG00000151576	QTRT2
3680	ENSG00000151577	DRD3
3681	ENSG00000174255	ZNF80
3682	ENSG00000181847	TIGIT
3683	ENSG00000172020	GAP43
3684	ENSG00000185565	LSAMP
3685	ENSG00000144847	IGSF11
3686	ENSG00000163424	TEX55
3687	ENSG00000114638	UPK1B
3688	ENSG00000121578	B4GALT4
3689	ENSG00000031081	ARHGAP31
3690	ENSG00000176142	TMEM39A
3691	ENSG00000163389	POGLUT1
3692	ENSG00000113845	TIMMDC1
3693	ENSG00000121594	CD80
3694	ENSG00000144843	ADPRH
3695	ENSG00000144837	PLA1A
3696	ENSG00000121577	POPDC2
3697	ENSG00000138495	COX17
3698	ENSG00000183833	CFAP91
3699	ENSG00000144852	NR1I2
3700	ENSG00000082701	GSK3B
3701	ENSG00000175697	GPR156
3702	ENSG00000163428	LRRC58
3703	ENSG00000163430	FSTL1
3704	ENSG00000065518	NDUFB4
3705	ENSG00000113924	HGD
3706	ENSG00000144840	RABL3
3707	ENSG00000153767	GTF2E1
3708	ENSG00000145087	STXBP5L
3709	ENSG00000051341	POLQ
3710	ENSG00000186103	ARGFX
3711	ENSG00000163833	FBXO40
3712	ENSG00000180353	HCLS1
3713	ENSG00000173230	GOLGB1
3714	ENSG00000173226	IQCB1
3715	ENSG00000145088	EAF2
3716	ENSG00000163406	SLC15A2
3717	ENSG00000145103	ILDR1
3718	ENSG00000114013	CD86
3719	ENSG00000036828	CASR
3720	ENSG00000121552	CSTA
3721	ENSG00000160124	MIX23
3722	ENSG00000114023	FAM162A
3723	ENSG00000196981	WDR5B
3724	ENSG00000114030	KPNA1
3725	ENSG00000138496	PARP9
3726	ENSG00000163840	DTX3L
3727	ENSG00000173200	PARP15
3728	ENSG00000173193	PARP14
3729	ENSG00000169087	HSPBAP1
3730	ENSG00000138463	SLC49A4
3731	ENSG00000082684	SEMA5B
3732	ENSG00000065485	PDIA5
3733	ENSG00000121542	SEC22A
3734	ENSG00000173175	ADCY5
3735	ENSG00000206527	HACD2
3736	ENSG00000065534	MYLK
3737	ENSG00000175455	CCDC14
3738	ENSG00000065371	ROPN1
3739	ENSG00000160145	KALRN
3740	ENSG00000114491	UMPS
3741	ENSG00000082781	ITGB5
3742	ENSG00000173702	MUC13
3743	ENSG00000173706	HEG1
3744	ENSG00000221955	SLC12A8
3745	ENSG00000163848	ZNF148
3746	ENSG00000114520	SNX4
3747	ENSG00000144909	OSBPL11
3748	ENSG00000114547	ROPN1B
3749	ENSG00000114544	SLC41A3
3750	ENSG00000144908	ALDH1L1
3751	ENSG00000163884	KLF15
3752	ENSG00000163885	CFAP100
3753	ENSG00000070476	ZXDC
3754	ENSG00000159650	UROC1
3755	ENSG00000180767	CHST13
3756	ENSG00000180697	C3orf22
3757	ENSG00000197763	TXNRD3
3758	ENSG00000159685	CHCHD6
3759	ENSG00000114554	PLXNA1
3762	ENSG00000163870	TPRA1
3763	ENSG00000073111	MCM2
3764	ENSG00000114631	PODXL2
3765	ENSG00000114626	ABTB1
3766	ENSG00000074416	MGLL
3767	ENSG00000187715	KBTBD12
3768	ENSG00000058262	SEC61A1
3769	ENSG00000175792	RUVBL1
3770	ENSG00000132394	EEFSEC
3771	ENSG00000179407	DNAJB8
3772	ENSG00000179348	GATA2
3773	ENSG00000163902	RPN1
3774	ENSG00000075785	RAB7A
3775	ENSG00000177646	ACAD9
3776	ENSG00000114656	CFAP92
3777	ENSG00000114654	EFCC1
3778	ENSG00000169704	GP9
3779	ENSG00000172780	RAB43
3780	ENSG00000240682	ISY1
3781	ENSG00000169714	CNBP
3782	ENSG00000181789	COPG1
3783	ENSG00000183624	HMCES
3784	ENSG00000184897	H1-10
3785	ENSG00000172771	EFCAB12
3786	ENSG00000163913	IFT122
3787	ENSG00000129071	MBD4
3788	ENSG00000163914	RHO
3789	ENSG00000178804	H1-8
3790	ENSG00000004399	PLXND1
3791	ENSG00000172765	TMCC1
3792	ENSG00000170893	TRH
3793	ENSG00000251287	ALG1L2
3794	ENSG00000172752	COL6A5
3795	ENSG00000206384	COL6A6
3796	ENSG00000196455	PIK3R4
3797	ENSG00000017260	ATP2C1
3798	ENSG00000034533	ASTE1
3799	ENSG00000114670	NEK11
3800	ENSG00000198585	NUDT16
3801	ENSG00000114686	MRPL3
3802	ENSG00000196353	CPNE4
3803	ENSG00000014257	ACP3
3804	ENSG00000138246	DNAJC13
3805	ENSG00000240303	ACAD11
3806	ENSG00000129048	ACKR4
3807	ENSG00000081307	UBA5
3808	ENSG00000113971	NPHP3
3809	ENSG00000144868	TMEM108
3810	ENSG00000170819	BFSP2
3811	ENSG00000091527	CDV3
3812	ENSG00000163781	TOPBP1
3813	ENSG00000144867	SRPRB
3814	ENSG00000154917	RAB6B
3815	ENSG00000174640	SLCO2A1
3816	ENSG00000163785	RYK
3817	ENSG00000114019	AMOTL2
3818	ENSG00000129055	ANAPC13
3819	ENSG00000182923	CEP63
3820	ENSG00000174611	KY
3821	ENSG00000154928	EPHB1
3822	ENSG00000073711	PPP2R3A
3823	ENSG00000174579	MSL2
3824	ENSG00000114054	PCCB
3825	ENSG00000118007	STAG1
3826	ENSG00000168917	SLC35G2
3827	ENSG00000158092	NCK1
3828	ENSG00000174564	IL20RB
3829	ENSG00000168875	SOX14
3830	ENSG00000066405	CLDN18
3831	ENSG00000158163	DZIP1L
3832	ENSG00000118017	A4GNT
3833	ENSG00000138231	DBR1
3834	ENSG00000114098	ARMC8
3835	ENSG00000181322	NME9
3836	ENSG00000158186	MRAS
3837	ENSG00000158220	ESYT3
3838	ENSG00000114107	CEP70
3839	ENSG00000158234	FAIM
3840	ENSG00000051382	PIK3CB
3841	ENSG00000183770	FOXL2
3842	ENSG00000206262	FOXL2NB
3843	ENSG00000206260	PRR23A
3844	ENSG00000175110	MRPS22
3845	ENSG00000184814	PRR23B
3846	ENSG00000233701	PRR23C
3847	ENSG00000184432	COPB2
3848	ENSG00000114113	RBP2
3849	ENSG00000114115	RBP1
3850	ENSG00000163864	NMNAT3
3851	ENSG00000155890	TRIM42
3852	ENSG00000114120	SLC25A36
3853	ENSG00000175093	SPSB4
3854	ENSG00000155893	PXYLP1
3855	ENSG00000177311	ZBTB38
3856	ENSG00000155903	RASA2
3857	ENSG00000114125	RNF7
3858	ENSG00000114124	GRK7
3859	ENSG00000069849	ATP1B3
3860	ENSG00000114126	TFDP2
3861	ENSG00000175066	GK5
3862	ENSG00000114127	XRN1
3863	ENSG00000175054	ATR
3864	ENSG00000120756	PLS1
3865	ENSG00000144935	TRPC1
3866	ENSG00000163710	PCOLCE2
3867	ENSG00000188582	PAQR9
3868	ENSG00000163714	U2SURP
3869	ENSG00000175040	CHST2
3870	ENSG00000181804	SLC9A9
3871	ENSG00000181744	DIPK2A
3872	ENSG00000152952	PLOD2
3873	ENSG00000114698	PLSCR4
3874	ENSG00000163746	PLSCR2
3875	ENSG00000188313	PLSCR1
3876	ENSG00000231213	PLSCR5
3877	ENSG00000174963	ZIC4
3878	ENSG00000152977	ZIC1
3879	ENSG00000144891	AGTR1
3880	ENSG00000153002	CPB1
3881	ENSG00000163751	CPA3
3882	ENSG00000163754	GYG1
3883	ENSG00000071794	HLTF
3884	ENSG00000163755	HPS3
3885	ENSG00000047457	CP
3886	ENSG00000163762	TM4SF18
3887	ENSG00000169908	TM4SF1
3888	ENSG00000169903	TM4SF4
3889	ENSG00000018408	WWTR1
3890	ENSG00000114744	COMMD2
3891	ENSG00000206199	ANKUB1
3892	ENSG00000082996	RNF13
3893	ENSG00000070087	PFN2
3894	ENSG00000196428	TSC22D2
3895	ENSG00000120742	SERP1
3896	ENSG00000144895	EIF2A
3897	ENSG00000198843	SELENOT
3898	ENSG00000181788	SIAH2
3899	ENSG00000214237	MINDY4B
3900	ENSG00000163646	CLRN1
3901	ENSG00000144893	MED12L
3902	ENSG00000174946	GPR171
3903	ENSG00000174944	P2RY14
3904	ENSG00000138271	GPR87
3905	ENSG00000181631	P2RY13
3906	ENSG00000169313	P2RY12
3907	ENSG00000152580	IGSF10
3908	ENSG00000197953	AADACL2
3909	ENSG00000114771	AADAC
3910	ENSG00000198829	SUCNR1
3911	ENSG00000152601	MBNL1
3912	ENSG00000169860	P2RY1
3913	ENSG00000181467	RAP2B
3914	ENSG00000114790	ARHGEF26
3915	ENSG00000174953	DHX36
3916	ENSG00000174948	GPR149
3917	ENSG00000196549	MME
3918	ENSG00000240045	STRIT1
3919	ENSG00000114805	PLCH1
3920	ENSG00000174928	C3orf33
3921	ENSG00000169359	SLC33A1
3922	ENSG00000163655	GMPS
3923	ENSG00000169282	KCNAB1
3924	ENSG00000114850	SSR3
3925	ENSG00000163659	TIPARP
3926	ENSG00000197980	LEKR1
3927	ENSG00000163660	CCNL1
3928	ENSG00000197415	VEPH1
3929	ENSG00000163661	PTX3
3930	ENSG00000168779	SHOX2
3931	ENSG00000174891	RSRC1
3932	ENSG00000178053	MLF1
3933	ENSG00000168827	GFM1
3934	ENSG00000079257	LXN
3935	ENSG00000118849	RARRES1
3936	ENSG00000118855	MFSD1
3937	ENSG00000283154	IQCJ-SCHIP1
3938	ENSG00000214216	IQCJ
3939	ENSG00000151967	SCHIP1
3940	ENSG00000168811	IL12A
3941	ENSG00000180044	C3orf80
3942	ENSG00000068885	IFT80
3943	ENSG00000113810	SMC4
3944	ENSG00000213186	TRIM59
3945	ENSG00000186432	KPNA4
3946	ENSG00000179674	ARL14
3947	ENSG00000163590	PPM1L
3948	ENSG00000169255	B3GALNT1
3949	ENSG00000169251	NMD3
3950	ENSG00000196542	SPTSSB
3951	ENSG00000090402	SI
3952	ENSG00000121871	SLITRK3
3953	ENSG00000114200	BCHE
3954	ENSG00000169064	ZBBX
3955	ENSG00000114204	SERPINI2
3956	ENSG00000174776	WDR49
3957	ENSG00000114209	PDCD10
3958	ENSG00000163536	SERPINI1
3959	ENSG00000173905	GOLIM4
3960	ENSG00000085276	MECOM
3961	ENSG00000184378	ACTRT3
3962	ENSG00000085274	MYNN
3963	ENSG00000171757	LRRC34
3964	ENSG00000188306	LRRIQ4
3965	ENSG00000114248	LRRC31
3966	ENSG00000187033	SAMD7
3967	ENSG00000008952	SEC62
3968	ENSG00000173890	GPR160
3969	ENSG00000173889	PHC3
3970	ENSG00000163558	PRKCI
3971	ENSG00000136603	SKIL
3972	ENSG00000013297	CLDN11
3973	ENSG00000013293	SLC7A14
3974	ENSG00000163584	RPL22L1
3975	ENSG00000163577	EIF5A2
3976	ENSG00000163581	SLC2A2
3977	ENSG00000154310	TNIK
3978	ENSG00000075651	PLD1
3979	ENSG00000186329	TMEM212
3980	ENSG00000075420	FNDC3B
3981	ENSG00000121853	GHSR
3982	ENSG00000121858	TNFSF10
3983	ENSG00000144959	NCEH1
3984	ENSG00000114346	ECT2
3985	ENSG00000144962	SPATA16
3986	ENSG00000169760	NLGN1
3987	ENSG00000177694	NAALADL2
3988	ENSG00000177565	TBL1XR1
3989	ENSG00000197584	KCNMB2
3990	ENSG00000172667	ZMAT3
3991	ENSG00000121879	PIK3CA
3992	ENSG00000171121	KCNMB3
3993	ENSG00000121864	ZNF639
3994	ENSG00000171109	MFN1
3995	ENSG00000114450	GNB4
3996	ENSG00000136518	ACTL6A
3997	ENSG00000136522	MRPL47
3998	ENSG00000136521	NDUFB5
3999	ENSG00000058056	USP13
4000	ENSG00000114757	PEX5L
4001	ENSG00000163728	TTC14
4003	ENSG00000114416	FXR1
4004	ENSG00000205981	DNAJC19
4005	ENSG00000181449	SOX2
4006	ENSG00000058063	ATP11B
4007	ENSG00000043093	DCUN1D1
4008	ENSG00000078070	MCCC1
4009	ENSG00000078081	LAMP3
4010	ENSG00000053524	MCF2L2
4011	ENSG00000176597	B3GNT5
4012	ENSG00000172578	KLHL6
4013	ENSG00000114796	KLHL24
4014	ENSG00000163872	YEATS2
4015	ENSG00000180834	MAP6D1
4016	ENSG00000175193	PARL
4017	ENSG00000114770	ABCC5
4018	ENSG00000186090	HTR3D
4019	ENSG00000178084	HTR3C
4020	ENSG00000186038	HTR3E
4021	ENSG00000145191	EIF2B5
4022	ENSG00000161202	DVL3
4023	ENSG00000161203	AP2M1
4024	ENSG00000161204	ABCF3
4025	ENSG00000145198	VWA5B2
4026	ENSG00000214160	ALG3
4028	ENSG00000163888	CAMK2N2
4029	ENSG00000145194	ECE2
4030	ENSG00000175166	PSMD2
4031	ENSG00000114867	EIF4G1
4032	ENSG00000175182	FAM131A
4033	ENSG00000114859	CLCN2
4034	ENSG00000163882	POLR2H
4035	ENSG00000090534	THPO
4036	ENSG00000090539	CHRD
4037	ENSG00000182580	EPHB3
4038	ENSG00000177383	MAGEF1
4039	ENSG00000156931	VPS8
4040	ENSG00000187068	C3orf70
4041	ENSG00000113790	EHHADH
4042	ENSG00000073803	MAP3K13
4043	ENSG00000163900	TMEM41A
4044	ENSG00000163898	LIPH
4045	ENSG00000163904	SENP2
4046	ENSG00000073792	IGF2BP2
4047	ENSG00000136527	TRA2B
4048	ENSG00000244405	ETV5
4049	ENSG00000058866	DGKG
4050	ENSG00000213139	CRYGS
4051	ENSG00000113838	TBCCD1
4052	ENSG00000090520	DNAJB11
4053	ENSG00000145192	AHSG
4054	ENSG00000090512	FETUB
4055	ENSG00000113905	HRG
4056	ENSG00000113889	KNG1
4057	ENSG00000156976	EIF4A2
4058	ENSG00000163918	RFC4
4059	ENSG00000181092	ADIPOQ
4060	ENSG00000073849	ST6GAL1
4061	ENSG00000163923	RPL39L
4062	ENSG00000175077	RTP1
4063	ENSG00000127241	MASP1
4064	ENSG00000136514	RTP4
4065	ENSG00000157005	SST
4066	ENSG00000198471	RTP2
4067	ENSG00000113916	BCL6
4068	ENSG00000188001	TPRG1
4069	ENSG00000073282	TP63
4070	ENSG00000090530	P3H2
4071	ENSG00000163347	CLDN1
4072	ENSG00000113946	CLDN16
4073	ENSG00000198398	TMEM207
4074	ENSG00000196083	IL1RAP
4075	ENSG00000205835	GMNC
4076	ENSG00000188729	OSTN
4077	ENSG00000188958	UTS2B
4078	ENSG00000152492	CCDC50
4079	ENSG00000114279	FGF12
4080	ENSG00000180611	MB21D2
4081	ENSG00000127252	PLAAT1
4082	ENSG00000187527	ATP13A5
4083	ENSG00000127249	ATP13A4
4084	ENSG00000198836	OPA1
4085	ENSG00000114315	HES1
4086	ENSG00000178772	CPN2
4087	ENSG00000172061	LRRC15
4088	ENSG00000178732	GP5
4089	ENSG00000133657	ATP13A3
4090	ENSG00000145014	TMEM44
4091	ENSG00000041802	LSG1
4092	ENSG00000185112	FAM43A
4093	ENSG00000173950	XXYLT1
4094	ENSG00000114331	ACAP2
4095	ENSG00000184203	PPP1R2
4096	ENSG00000189058	APOD
4097	ENSG00000176945	MUC20
4098	ENSG00000145113	MUC4
4099	ENSG00000061938	TNK2
4100	ENSG00000072274	TFRC
4101	ENSG00000163958	ZDHHC19
4102	ENSG00000163959	SLC51A
4103	ENSG00000161217	PCYT1A
4104	ENSG00000213123	DYNLT2B
4105	ENSG00000145107	TM4SF19
4106	ENSG00000163960	UBXN7
4107	ENSG00000163961	RNF168
4108	ENSG00000214097	SMCO1
4109	ENSG00000185798	WDR53
4110	ENSG00000174013	FBXO45
4111	ENSG00000174004	NRROS
4112	ENSG00000163964	PIGX
4113	ENSG00000174007	CEP19
4114	ENSG00000180370	PAK2
4115	ENSG00000119231	SENP5
4116	ENSG00000114503	NCBP2
4117	ENSG00000270170	NCBP2AS2
4118	ENSG00000119227	PIGZ
4119	ENSG00000163975	MELTF
4120	ENSG00000075711	DLG1
4121	ENSG00000161267	BDH1
4122	ENSG00000145016	RUBCN
4123	ENSG00000122068	FYTTD1
4124	ENSG00000186001	LRCH3
4125	ENSG00000114473	IQCG
4126	ENSG00000182899	RPL35A
4127	ENSG00000185621	LMLN
4128	ENSG00000272602	ZNF595
4129	ENSG00000250312	ZNF718
4130	ENSG00000186777	ZNF732
4131	ENSG00000182903	ZNF721
4132	ENSG00000174227	PIGG
4134	ENSG00000133256	PDE6B
4135	ENSG00000169020	ATP5ME
4136	ENSG00000215375	MYL5
4137	ENSG00000169026	SLC49A3
4138	ENSG00000185619	PCGF3
4139	ENSG00000168993	CPLX1
4140	ENSG00000178950	GAK
4141	ENSG00000127419	TMEM175
4142	ENSG00000145214	DGKQ
4143	ENSG00000145217	SLC26A1
4144	ENSG00000127415	IDUA
4145	ENSG00000127418	FGFRL1
4146	ENSG00000178222	RNF212
4147	ENSG00000159674	SPON2
4148	ENSG00000159692	CTBP1
4149	ENSG00000090316	MAEA
4150	ENSG00000174137	FAM53A
4151	ENSG00000163950	SLBP
4152	ENSG00000013810	TACC3
4153	ENSG00000168936	TMEM129
4154	ENSG00000068078	FGFR3
4155	ENSG00000168924	LETM1
4156	ENSG00000109685	NSD2
4157	ENSG00000185049	NELFA
4158	ENSG00000243449	C4orf48
4159	ENSG00000185818	NAT8L
4160	ENSG00000130997	POLN
4161	ENSG00000214367	HAUS3
4162	ENSG00000123933	MXD4
4163	ENSG00000159733	ZFYVE28
4164	ENSG00000063978	RNF4
4165	ENSG00000125386	FAM193A
4166	ENSG00000168884	TNIP2
4167	ENSG00000087266	SH3BP2
4168	ENSG00000087274	ADD1
4169	ENSG00000109736	MFSD10
4170	ENSG00000087269	NOP14
4171	ENSG00000125388	GRK4
4172	ENSG00000197386	HTT
4173	ENSG00000188981	MSANTD1
4174	ENSG00000159788	RGS12
4175	ENSG00000109758	HGFAC
4176	ENSG00000175920	DOK7
4177	ENSG00000163956	LRPAP1
4178	ENSG00000184160	ADRA2C
4179	ENSG00000163982	OTOP1
4180	ENSG00000132406	TMEM128
4181	ENSG00000145220	LYAR
4182	ENSG00000168826	ZBTB49
4183	ENSG00000168824	NSG1
4184	ENSG00000168818	STX18
4185	ENSG00000163132	MSX1
4186	ENSG00000170891	CYTL1
4187	ENSG00000152953	STK32B
4188	ENSG00000173040	EVC2
4189	ENSG00000072840	EVC
4190	ENSG00000072832	CRMP1
4191	ENSG00000181215	C4orf50
4192	ENSG00000152969	JAKMIP1
4193	ENSG00000109501	WFS1
4194	ENSG00000074211	PPP2R2C
4195	ENSG00000013288	MAN2B2
4196	ENSG00000179010	MRFAP1
4197	ENSG00000163993	S100P
4198	ENSG00000178988	MRFAP1L1
4199	ENSG00000186222	BLOC1S4
4200	ENSG00000170871	KIAA0232
4201	ENSG00000132405	TBC1D14
4202	ENSG00000173013	CCDC96
4203	ENSG00000173011	TADA2B
4204	ENSG00000109519	GRPEL1
4205	ENSG00000184985	SORCS2
4206	ENSG00000178597	PSAPL1
4207	ENSG00000196526	AFAP1
4208	ENSG00000163995	ABLIM2
4209	ENSG00000125089	SH3TC1
4210	ENSG00000170801	HTRA3
4211	ENSG00000087008	ACOX3
4212	ENSG00000155275	TRMT44
4213	ENSG00000155269	GPR78
4214	ENSG00000109625	CPZ
4215	ENSG00000215612	HMX1
4216	ENSG00000229924	FAM90A26
4217	ENSG00000186146	DEFB131A
4218	ENSG00000109667	SLC2A9
4219	ENSG00000169676	DRD5
4220	ENSG00000071127	WDR1
4221	ENSG00000178163	ZNF518B
4222	ENSG00000109684	CLNK
4223	ENSG00000002587	HS3ST1
4224	ENSG00000157869	RAB28
4225	ENSG00000109705	NKX3-2
4226	ENSG00000038219	BOD1L1
4227	ENSG00000137449	CPEB2
4228	ENSG00000163145	C1QTNF7
4229	ENSG00000048342	CC2D2A
4230	ENSG00000118564	FBXL5
4231	ENSG00000237765	FAM200B
4232	ENSG00000109743	BST1
4233	ENSG00000004468	CD38
4234	ENSG00000137440	FGFBP1
4235	ENSG00000137441	FGFBP2
4236	ENSG00000007062	PROM1
4237	ENSG00000169762	TAPT1
4238	ENSG00000169744	LDB2
4239	ENSG00000151552	QDPR
4240	ENSG00000249581	CLRN2
4241	ENSG00000002549	LAP3
4242	ENSG00000047662	FAM184B
4243	ENSG00000163257	DCAF16
4244	ENSG00000109805	NCAPG
4245	ENSG00000178177	LCORL
4246	ENSG00000145147	SLIT2
4247	ENSG00000163138	PACRGL
4248	ENSG00000185774	KCNIP4
4249	ENSG00000152990	ADGRA3
4250	ENSG00000109819	PPARGC1A
4251	ENSG00000109606	DHX15
4252	ENSG00000109610	SOD3
4253	ENSG00000181982	CCDC149
4254	ENSG00000153012	LGI2
4255	ENSG00000109618	SEPSECS
4256	ENSG00000038210	PI4K2B
4257	ENSG00000168228	ZCCHC4
4258	ENSG00000053900	ANAPC4
4259	ENSG00000157765	SLC34A2
4260	ENSG00000091490	SEL1L3
4261	ENSG00000250317	SMIM20
4262	ENSG00000168214	RBPJ
4263	ENSG00000163394	CCKAR
4264	ENSG00000109680	TBC1D19
4265	ENSG00000109689	STIM2
4266	ENSG00000169851	PCDH7
4267	ENSG00000047365	ARAP2
4268	ENSG00000197057	DTHD1
4269	ENSG00000174145	NWD2
4270	ENSG00000154274	C4orf19
4271	ENSG00000181826	RELL1
4272	ENSG00000169299	PGM2
4273	ENSG00000065882	TBC1D1
4274	ENSG00000250254	PTTG2
4275	ENSG00000109787	KLF3
4276	ENSG00000174123	TLR10
4277	ENSG00000174125	TLR1
4278	ENSG00000174130	TLR6
4279	ENSG00000197712	FAM114A1
4280	ENSG00000121895	TMEM156
4281	ENSG00000109790	KLHL5
4282	ENSG00000157796	WDR19
4283	ENSG00000035928	RFC1
4284	ENSG00000134962	KLB
4285	ENSG00000163682	RPL9
4286	ENSG00000121897	LIAS
4287	ENSG00000109814	UGDH
4288	ENSG00000163683	SMIM14
4289	ENSG00000078140	UBE2K
4290	ENSG00000121892	PDS5A
4291	ENSG00000078177	N4BP2
4292	ENSG00000168421	RHOH
4293	ENSG00000174343	CHRNA9
4294	ENSG00000163694	RBM47
4295	ENSG00000179299	NSUN7
4296	ENSG00000163697	APBB2
4297	ENSG00000154277	UCHL1
4298	ENSG00000064042	LIMCH1
4299	ENSG00000109132	PHOX2B
4300	ENSG00000109133	TMEM33
4301	ENSG00000182308	DCAF4L1
4302	ENSG00000014824	SLC30A9
4303	ENSG00000188848	BEND4
4304	ENSG00000178343	SHISA3
4305	ENSG00000124406	ATP8A1
4306	ENSG00000215203	GRXCR1
4307	ENSG00000183783	KCTD8
4308	ENSG00000177752	YIPF7
4309	ENSG00000151806	GUF1
4310	ENSG00000163281	GNPDA2
4311	ENSG00000163285	GABRG1
4312	ENSG00000151834	GABRA2
4313	ENSG00000170516	COX7B2
4314	ENSG00000109158	GABRA4
4315	ENSG00000163288	GABRB1
4316	ENSG00000169019	COMMD8
4317	ENSG00000145246	ATP10D
4318	ENSG00000145244	CORIN
4319	ENSG00000170448	NFXL1
4320	ENSG00000163293	NIPAL1
4321	ENSG00000198515	CNGA1
4322	ENSG00000074966	TXK
4323	ENSG00000135605	TEC
4324	ENSG00000109171	SLAIN2
4325	ENSG00000145248	SLC10A4
4326	ENSG00000182223	ZAR1
4327	ENSG00000075539	FRYL
4328	ENSG00000109180	OCIAD1
4329	ENSG00000145247	OCIAD2
4330	ENSG00000109182	CWH43
4331	ENSG00000109184	DCUN1D4
4332	ENSG00000188993	LRRC66
4333	ENSG00000163069	SGCB
4334	ENSG00000163071	SPATA18
4335	ENSG00000109189	USP46
4336	ENSG00000226887	ERVMER34-1
4337	ENSG00000128045	RASL11B
4338	ENSG00000184178	SCFD2
4339	ENSG00000145216	FIP1L1
4340	ENSG00000072201	LNX1
4341	ENSG00000109220	CHIC2
4342	ENSG00000180613	GSX2
4343	ENSG00000134853	PDGFRA
4344	ENSG00000157404	KIT
4345	ENSG00000128052	KDR
4346	ENSG00000128039	SRD5A3
4347	ENSG00000134851	TMEM165
4348	ENSG00000134852	CLOCK
4349	ENSG00000163440	PDCL2
4350	ENSG00000109255	NMU
4351	ENSG00000250821	EXOC1L
4352	ENSG00000090989	EXOC1
4353	ENSG00000174799	CEP135
4354	ENSG00000109265	CRACD
4355	ENSG00000157426	AASDH
4356	ENSG00000128059	PPAT
4357	ENSG00000128050	PAICS
4358	ENSG00000174780	SRP72
4359	ENSG00000196503	ARL9
4360	ENSG00000249693	THEGL
4361	ENSG00000171476	HOPX
4362	ENSG00000128040	SPINK2
4363	ENSG00000084093	REST
4364	ENSG00000084092	NOA1
4365	ENSG00000047315	POLR2B
4366	ENSG00000163453	IGFBP7
4367	ENSG00000150471	ADGRL3
4368	ENSG00000205678	TECRL
4369	ENSG00000145242	EPHA5
4370	ENSG00000145241	CENPC
4371	ENSG00000035720	STAP1
4372	ENSG00000033178	UBA6
4373	ENSG00000109163	GNRHR
4374	ENSG00000153802	TMPRSS11D
4375	ENSG00000187054	TMPRSS11A
4376	ENSG00000198092	TMPRSS11F
4377	ENSG00000185873	TMPRSS11B
4378	ENSG00000083896	YTHDC1
4379	ENSG00000087128	TMPRSS11E
4380	ENSG00000197888	UGT2B17
4381	ENSG00000196620	UGT2B15
4382	ENSG00000109181	UGT2B10
4383	ENSG00000135220	UGT2A3
4384	ENSG00000171234	UGT2B7
4385	ENSG00000213759	UGT2B11
4386	ENSG00000135226	UGT2B28
4387	ENSG00000156096	UGT2B4
4388	ENSG00000271271	UGT2A2
4389	ENSG00000173610	UGT2A1
4390	ENSG00000173597	SULT1B1
4391	ENSG00000109193	SULT1E1
4392	ENSG00000126545	CSN1S1
4393	ENSG00000135222	CSN2
4394	ENSG00000126549	STATH
4395	ENSG00000205649	HTN3
4396	ENSG00000126550	HTN1
4397	ENSG00000187533	PRR27
4398	ENSG00000109205	ODAM
4399	ENSG00000181617	FDCSP
4400	ENSG00000171209	CSN3
4401	ENSG00000145309	CABS1
4402	ENSG00000109208	SMR3A
4403	ENSG00000171201	SMR3B
4404	ENSG00000171199	OPRPN
4405	ENSG00000171195	MUC7
4406	ENSG00000187689	AMTN
4407	ENSG00000178522	AMBN
4408	ENSG00000132464	ENAM
4409	ENSG00000132465	JCHAIN
4410	ENSG00000132467	UTP3
4411	ENSG00000018189	RUFY3
4412	ENSG00000132463	GRSF1
4413	ENSG00000173542	MOB1B
4414	ENSG00000156136	DCK
4415	ENSG00000080493	SLC4A4
4416	ENSG00000145321	GC
4417	ENSG00000056291	NPFFR2
4418	ENSG00000156140	ADAMTS3
4419	ENSG00000163626	COX18
4420	ENSG00000132466	ANKRD17
4421	ENSG00000163631	ALB
4422	ENSG00000081051	AFP
4423	ENSG00000079557	AFM
4424	ENSG00000169435	RASSF6
4425	ENSG00000169429	CXCL8
4426	ENSG00000124875	CXCL6
4427	ENSG00000109272	PF4V1
4428	ENSG00000163739	CXCL1
4429	ENSG00000163737	PF4
4430	ENSG00000163736	PPBP
4431	ENSG00000163735	CXCL5
4432	ENSG00000163734	CXCL3
4433	ENSG00000081041	CXCL2
4434	ENSG00000163738	MTHFD2L
4435	ENSG00000182585	EPGN
4436	ENSG00000124882	EREG
4437	ENSG00000109321	AREG
4438	ENSG00000174808	BTC
4439	ENSG00000169116	PARM1
4440	ENSG00000163743	RCHY1
4441	ENSG00000174796	THAP6
4442	ENSG00000174792	ODAPH
4443	ENSG00000138769	CDKL2
4444	ENSG00000138757	G3BP2
4445	ENSG00000138768	USO1
4446	ENSG00000156194	PPEF2
4447	ENSG00000138744	NAAA
4448	ENSG00000198301	SDAD1
4449	ENSG00000138755	CXCL9
4450	ENSG00000156219	ART3
4451	ENSG00000169245	CXCL10
4452	ENSG00000169248	CXCL11
4453	ENSG00000138750	NUP54
4454	ENSG00000138760	SCARB2
4455	ENSG00000189157	FAM47E
4456	ENSG00000118804	STBD1
4457	ENSG00000163749	CCDC158
4458	ENSG00000138771	SHROOM3
4459	ENSG00000186212	SOWAHB
4460	ENSG00000138758	SEPTIN11
4461	ENSG00000118816	CCNI
4462	ENSG00000138764	CCNG2
4463	ENSG00000156234	CXCL13
4464	ENSG00000138767	CNOT6L
4465	ENSG00000169288	MRPL1
4466	ENSG00000138759	FRAS1
4467	ENSG00000138772	ANXA3
4468	ENSG00000138756	BMP2K
4469	ENSG00000163291	PAQR3
4470	ENSG00000156269	NAA11
4471	ENSG00000196475	GK2
4472	ENSG00000163297	ANTXR2
4473	ENSG00000152784	PRDM8
4474	ENSG00000138675	FGF5
4475	ENSG00000197826	CFAP299
4476	ENSG00000152785	BMP3
4477	ENSG00000138669	PRKG2
4478	ENSG00000138670	RASGEF1B
4479	ENSG00000138668	HNRNPD
4480	ENSG00000152795	HNRNPDL
4481	ENSG00000145293	ENOPH1
4482	ENSG00000249242	TMEM150C
4483	ENSG00000145284	SCD5
4484	ENSG00000138674	SEC31A
4485	ENSG00000168152	THAP9
4486	ENSG00000189308	LIN54
4487	ENSG00000138663	COPS4
4488	ENSG00000145287	PLAC8
4489	ENSG00000173085	COQ2
4490	ENSG00000173083	HPSE
4491	ENSG00000163312	HELQ
4492	ENSG00000163319	MRPS18C
4493	ENSG00000163322	ABRAXAS1
4494	ENSG00000138678	GPAT3
4495	ENSG00000163623	NKX6-1
4496	ENSG00000163624	CDS1
4497	ENSG00000163625	WDFY3
4498	ENSG00000138639	ARHGAP24
4499	ENSG00000109339	MAPK10
4500	ENSG00000163629	PTPN13
4501	ENSG00000145283	SLC10A6
4502	ENSG00000163633	C4orf36
4503	ENSG00000172493	AFF1
4504	ENSG00000145332	KLHL8
4505	ENSG00000170509	HSD17B13
4506	ENSG00000198189	HSD17B11
4507	ENSG00000170502	NUDT9
4508	ENSG00000152583	SPARCL1
4509	ENSG00000152591	DSPP
4510	ENSG00000152592	DMP1
4511	ENSG00000029559	IBSP
4512	ENSG00000152595	MEPE
4513	ENSG00000118785	SPP1
4514	ENSG00000118762	PKD2
4515	ENSG00000118777	ABCG2
4516	ENSG00000163644	PPM1K
4517	ENSG00000138642	HERC6
4518	ENSG00000138646	HERC5
4519	ENSG00000138641	HERC3
4520	ENSG00000177432	NAP1L5
4521	ENSG00000138640	FAM13A
4522	ENSG00000180346	TIGD2
4523	ENSG00000145335	SNCA
4524	ENSG00000138722	MMRN1
4525	ENSG00000184305	CCSER1
4526	ENSG00000152208	GRID2
4527	ENSG00000172238	ATOH1
4528	ENSG00000163104	SMARCAD1
4529	ENSG00000163106	HPGDS
4530	ENSG00000163110	PDLIM5
4531	ENSG00000138696	BMPR1B
4532	ENSG00000182168	UNC5C
4533	ENSG00000163114	PDHA2
4534	ENSG00000163116	STPG2
4535	ENSG00000138698	RAP1GDS1
4536	ENSG00000168785	TSPAN5
4537	ENSG00000151247	EIF4E
4538	ENSG00000164024	METAP1
4539	ENSG00000197894	ADH5
4540	ENSG00000198099	ADH4
4541	ENSG00000172955	ADH6
4542	ENSG00000187758	ADH1A
4543	ENSG00000196616	ADH1B
4544	ENSG00000248144	ADH1C
4545	ENSG00000196344	ADH7
4546	ENSG00000138813	C4orf17
4547	ENSG00000145331	TRMT10A
4548	ENSG00000138823	MTTP
4549	ENSG00000248713	C4orf54
4550	ENSG00000070190	DAPP1
4551	ENSG00000109270	LAMTOR3
4552	ENSG00000164031	DNAJB14
4553	ENSG00000164032	H2AZ1
4554	ENSG00000145358	DDIT4L
4555	ENSG00000164035	EMCN
4556	ENSG00000138814	PPP3CA
4557	ENSG00000153064	BANK1
4558	ENSG00000138821	SLC39A8
4559	ENSG00000109320	NFKB1
4560	ENSG00000109323	MANBA
4561	ENSG00000109332	UBE2D3
4562	ENSG00000145354	CISD2
4563	ENSG00000164037	SLC9B1
4564	ENSG00000164038	SLC9B2
4565	ENSG00000164039	BDH2
4566	ENSG00000138778	CENPE
4567	ENSG00000169836	TACR3
4568	ENSG00000168772	CXXC4
4569	ENSG00000168769	TET2
4570	ENSG00000138777	PPA2
4571	ENSG00000236699	ARHGEF38
4572	ENSG00000138785	INTS12
4573	ENSG00000138780	GSTCD
4574	ENSG00000168743	NPNT
4575	ENSG00000145348	TBCK
4576	ENSG00000164022	AIMP1
4577	ENSG00000250298	GIMD1
4578	ENSG00000155011	DKK2
4579	ENSG00000138801	PAPSS1
4580	ENSG00000164023	SGMS2
4581	ENSG00000155016	CYP2U1
4582	ENSG00000138796	HADH
4583	ENSG00000138795	LEF1
4584	ENSG00000109475	RPL34
4585	ENSG00000198856	OSTC
4586	ENSG00000164089	ETNPPL
4587	ENSG00000188517	COL25A1
4588	ENSG00000138802	SEC24B
4589	ENSG00000005059	MCUB
4590	ENSG00000138794	CASP6
4591	ENSG00000123739	PLA2G12A
4592	ENSG00000205403	CFI
4593	ENSG00000109534	GAR1
4594	ENSG00000180245	RRH
4595	ENSG00000183423	LRIT3
4596	ENSG00000138798	EGF
4597	ENSG00000170522	ELOVL6
4598	ENSG00000138792	ENPEP
4599	ENSG00000164093	PITX2
4600	ENSG00000174749	FAM241A
4601	ENSG00000138660	AP1AR
4602	ENSG00000145365	TIFA
4603	ENSG00000073331	ALPK1
4604	ENSG00000178403	NEUROG2
4605	ENSG00000138658	ZGRF1
4606	ENSG00000174720	LARP7
4607	ENSG00000145362	ANK2
4608	ENSG00000145349	CAMK2D
4609	ENSG00000180801	ARSJ
4610	ENSG00000174607	UGT8
4611	ENSG00000138653	NDST4
4612	ENSG00000270394	MTRNR2L13
4613	ENSG00000174599	TRAM1L1
4614	ENSG00000164100	NDST3
4615	ENSG00000164099	PRSS12
4616	ENSG00000145388	METTL14
4617	ENSG00000150961	SEC24D
4618	ENSG00000172399	MYOZ2
4619	ENSG00000145390	USP53
4620	ENSG00000164096	C4orf3
4621	ENSG00000145384	FABP2
4622	ENSG00000138735	PDE5A
4623	ENSG00000164109	MAD2L1
4624	ENSG00000138738	PRDM5
4625	ENSG00000173376	NDNF
4626	ENSG00000050730	TNIP3
4627	ENSG00000186867	QRFPR
4628	ENSG00000164111	ANXA5
4629	ENSG00000164112	SMIM43
4630	ENSG00000123737	EXOSC9
4631	ENSG00000145386	CCNA2
4632	ENSG00000138686	BBS7
4633	ENSG00000138741	TRPC3
4634	ENSG00000138688	KIAA1109
4635	ENSG00000164113	ADAD1
4636	ENSG00000109471	IL2
4637	ENSG00000138684	IL21
4638	ENSG00000181004	BBS12
4639	ENSG00000138685	FGF2
4640	ENSG00000170917	NUDT6
4641	ENSG00000145375	SPATA5
4642	ENSG00000164056	SPRY1
4643	ENSG00000151458	ANKRD50
4644	ENSG00000196159	FAT4
4645	ENSG00000151475	SLC25A31
4646	ENSG00000164070	HSPA4L
4647	ENSG00000142731	PLK4
4648	ENSG00000164073	MFSD8
4649	ENSG00000164074	ABHD18
4650	ENSG00000138709	LARP1B
4651	ENSG00000164040	PGRMC2
4652	ENSG00000077684	JADE1
4653	ENSG00000151466	SCLT1
4654	ENSG00000151470	C4orf33
4655	ENSG00000138650	PCDH10
4656	ENSG00000254535	PABPC4L
4657	ENSG00000189184	PCDH18
4658	ENSG00000151012	SLC7A11
4659	ENSG00000151014	NOCT
4660	ENSG00000109381	ELF2
4661	ENSG00000137463	MGARP
4662	ENSG00000109390	NDUFC1
4663	ENSG00000164134	NAA15
4664	ENSG00000172007	RAB33B
4665	ENSG00000145391	SETD7
4666	ENSG00000085871	MGST2
4667	ENSG00000196782	MAML3
4668	ENSG00000153130	SCOC
4669	ENSG00000153132	CLGN
4670	ENSG00000205301	MGAT4D
4671	ENSG00000179387	ELMOD2
4672	ENSG00000109424	UCP1
4673	ENSG00000109436	TBC1D9
4674	ENSG00000170153	RNF150
4675	ENSG00000109445	ZNF330
4676	ENSG00000164136	IL15
4677	ENSG00000109452	INPP4B
4678	ENSG00000170185	USP38
4679	ENSG00000109458	GAB1
4680	ENSG00000153147	SMARCA5
4681	ENSG00000183090	FREM3
4682	ENSG00000197465	GYPE
4683	ENSG00000250361	GYPB
4684	ENSG00000170180	GYPA
4685	ENSG00000164161	HHIP
4686	ENSG00000164162	ANAPC10
4687	ENSG00000164163	ABCE1
4688	ENSG00000164164	OTUD4
4689	ENSG00000170365	SMAD1
4690	ENSG00000151611	MMAA
4691	ENSG00000237136	C4orf51
4692	ENSG00000151612	ZNF827
4693	ENSG00000164167	LSM6
4694	ENSG00000250673	REELD1
4695	ENSG00000120519	SLC10A7
4696	ENSG00000151615	POU4F2
4697	ENSG00000137473	TTC29
4698	ENSG00000151617	EDNRA
4699	ENSG00000164168	TMEM184C
4700	ENSG00000164169	PRMT9
4701	ENSG00000071205	ARHGAP10
4702	ENSG00000151623	NR3C2
4703	ENSG00000234828	IQCM
4704	ENSG00000170390	DCLK2
4705	ENSG00000198589	LRBA
4706	ENSG00000181541	MAB21L2
4707	ENSG00000145425	RPS3A
4708	ENSG00000109686	SH3D19
4709	ENSG00000164142	FHIP1A
4710	ENSG00000059691	GATB
4711	ENSG00000109670	FBXW7
4712	ENSG00000170006	TMEM154
4713	ENSG00000169989	TIGD4
4714	ENSG00000164144	ARFIP1
4715	ENSG00000137460	FHDC1
4716	ENSG00000109654	TRIM2
4717	ENSG00000121211	MND1
4718	ENSG00000121210	TMEM131L
4719	ENSG00000137462	TLR2
4720	ENSG00000145428	RNF175
4721	ENSG00000145423	SFRP2
4722	ENSG00000197410	DCHS2
4723	ENSG00000171566	PLRG1
4724	ENSG00000171564	FGB
4725	ENSG00000171560	FGA
4726	ENSG00000171557	FGG
4727	ENSG00000121207	LRAT
4728	ENSG00000151962	RBM46
4729	ENSG00000185149	NPY2R
4730	ENSG00000164114	MAP9
4731	ENSG00000164116	GUCY1A1
4732	ENSG00000061918	GUCY1B1
4733	ENSG00000256394	ASIC5
4734	ENSG00000151790	TDO2
4735	ENSG00000256043	CTSO
4736	ENSG00000145431	PDGFC
4737	ENSG00000109738	GLRB
4738	ENSG00000120251	GRIA2
4739	ENSG00000164125	GASK1B
4740	ENSG00000164124	TMEM144
4741	ENSG00000171509	RXFP1
4742	ENSG00000205208	C4orf46
4743	ENSG00000171503	ETFDH
4744	ENSG00000171497	PPID
4745	ENSG00000052795	FNIP2
4746	ENSG00000164123	C4orf45
4747	ENSG00000109756	RAPGEF2
4748	ENSG00000168843	FSTL5
4749	ENSG00000145414	NAF1
4750	ENSG00000164128	NPY1R
4751	ENSG00000164129	NPY5R
4752	ENSG00000151005	TKTL2
4753	ENSG00000198498	TMA16
4754	ENSG00000145416	MARCHF1
4755	ENSG00000248771	SMIM31
4756	ENSG00000248329	APELA
4757	ENSG00000183439	TRIM61
4758	ENSG00000176979	TRIM60
4759	ENSG00000170088	TMEM192
4760	ENSG00000109466	KLHL2
4761	ENSG00000229894	GK3P
4762	ENSG00000052802	MSMO1
4763	ENSG00000109472	CPE
4764	ENSG00000038295	TLL1
4765	ENSG00000196104	SPOCK3
4766	ENSG00000109511	ANXA10
4767	ENSG00000137628	DDX60
4768	ENSG00000181381	DDX60L
4769	ENSG00000129116	PALLD
4770	ENSG00000145439	CBR4
4771	ENSG00000154447	SH3RF1
4772	ENSG00000137601	NEK1
4773	ENSG00000109572	CLCN3
4774	ENSG00000056050	HPF1
4775	ENSG00000198948	MFAP3L
4776	ENSG00000109576	AADAT
4777	ENSG00000174473	GALNTL6
4778	ENSG00000109586	GALNT7
4779	ENSG00000164104	HMGB2
4780	ENSG00000164105	SAP30
4781	ENSG00000164106	SCRG1
4782	ENSG00000164107	HAND2
4783	ENSG00000164117	FBXO8
4784	ENSG00000164118	CEP44
4785	ENSG00000164120	HPGD
4786	ENSG00000145451	GLRA3
4787	ENSG00000168594	ADAM29
4788	ENSG00000150625	GPM6A
4789	ENSG00000150627	WDR17
4790	ENSG00000150628	SPATA4
4791	ENSG00000164122	ASB5
4792	ENSG00000129128	SPCS3
4793	ENSG00000150630	VEGFC
4794	ENSG00000109674	NEIL3
4795	ENSG00000038002	AGA
4796	ENSG00000218336	TENM3
4797	ENSG00000129187	DCTD
4798	ENSG00000151718	WWC2
4799	ENSG00000168564	CDKN2AIP
4800	ENSG00000168556	ING2
4801	ENSG00000182552	RWDD4
4802	ENSG00000168538	TRAPPC11
4803	ENSG00000173320	STOX2
4804	ENSG00000164303	ENPP6
4805	ENSG00000168310	IRF2
4806	ENSG00000164305	CASP3
4807	ENSG00000164306	PRIMPOL
4808	ENSG00000151725	CENPU
4809	ENSG00000151726	ACSL1
4810	ENSG00000187821	HELT
4811	ENSG00000151729	SLC25A4
4812	ENSG00000164323	CFAP97
4813	ENSG00000109762	SNX25
4814	ENSG00000109771	LRP2BP
4815	ENSG00000186352	ANKRD37
4816	ENSG00000109775	UFSP2
4817	ENSG00000205129	C4orf47
4818	ENSG00000168491	CCDC110
4819	ENSG00000154553	PDLIM3
4820	ENSG00000154556	SORBS2
4821	ENSG00000164342	TLR3
4822	ENSG00000109794	FAM149A
4823	ENSG00000145476	CYP4V2
4824	ENSG00000164344	KLKB1
4825	ENSG00000088926	F11
4826	ENSG00000168412	MTNR1A
4827	ENSG00000083857	FAT1
4828	ENSG00000179059	ZFP42
4829	ENSG00000179046	TRIML2
4830	ENSG00000184108	TRIML1
4831	ENSG00000109536	FRG1
4832	ENSG00000205097	FRG2
4833	ENSG00000260596	DUX4
4834	ENSG00000153404	PLEKHG4B
4835	ENSG00000185028	LRRC14B
4836	ENSG00000164366	CCDC127
4837	ENSG00000073578	SDHA
4838	ENSG00000249915	PDCD6
4839	ENSG00000063438	AHRR
4840	ENSG00000180104	EXOC3
4841	ENSG00000066230	SLC9A3
4842	ENSG00000112877	CEP72
4843	ENSG00000171368	TPPP
4844	ENSG00000206077	ZDHHC11B
4845	ENSG00000188818	ZDHHC11
4846	ENSG00000028310	BRD9
4847	ENSG00000071539	TRIP13
4848	ENSG00000145506	NKD2
4849	ENSG00000113504	SLC12A7
4850	ENSG00000174358	SLC6A19
4851	ENSG00000164363	SLC6A18
4852	ENSG00000164362	TERT
4853	ENSG00000049656	CLPTM1L
4854	ENSG00000142319	SLC6A3
4855	ENSG00000153395	LPCAT1
4856	ENSG00000171421	MRPL36
4857	ENSG00000145494	NDUFS6
4858	ENSG00000113430	IRX4
4859	ENSG00000170561	IRX2
4860	ENSG00000170549	IRX1
4861	ENSG00000145536	ADAMTS16
4862	ENSG00000164151	ICE1
4863	ENSG00000133398	MED10
4864	ENSG00000215218	UBE2QL1
4865	ENSG00000037474	NSUN2
4866	ENSG00000145545	SRD5A1
4867	ENSG00000112941	TENT4A
4868	ENSG00000078295	ADCY2
4869	ENSG00000215217	C5orf49
4870	ENSG00000124275	MTRR
4871	ENSG00000124279	FASTKD3
4872	ENSG00000112902	SEMA5A
4873	ENSG00000169777	TAS2R1
4874	ENSG00000150756	ATPSCKMT
4875	ENSG00000150753	CCT5
4876	ENSG00000164237	CMBL
4877	ENSG00000145495	MARCHF6
4878	ENSG00000145491	ROPN1L
4879	ENSG00000164236	ANKRD33B
4880	ENSG00000112977	DAP
4881	ENSG00000169862	CTNND2
4882	ENSG00000039139	DNAH5
4883	ENSG00000038382	TRIO
4884	ENSG00000145569	OTULINL
4885	ENSG00000154124	OTULIN
4886	ENSG00000154122	ANKH
4887	ENSG00000183580	FBXL7
4888	ENSG00000183654	MARCHF11
4889	ENSG00000173545	ZNF622
4890	ENSG00000154153	RETREG1
4891	ENSG00000145555	MYO10
4892	ENSG00000176788	BASP1
4895	ENSG00000145526	CDH18
4896	ENSG00000154162	CDH12
4897	ENSG00000164256	PRDM9
4898	ENSG00000040731	CDH10
4899	ENSG00000113100	CDH9
4900	ENSG00000113361	CDH6
4901	ENSG00000113360	DROSHA
4902	ENSG00000082213	C5orf22
4903	ENSG00000133401	PDZD2
4904	ENSG00000113384	GOLPH3
4905	ENSG00000150712	MTMR12
4906	ENSG00000056097	ZFR
4907	ENSG00000113387	SUB1
4908	ENSG00000113389	NPR3
4909	ENSG00000113407	TARS1
4910	ENSG00000151388	ADAMTS12
4911	ENSG00000182631	RXFP3
4912	ENSG00000164175	SLC45A2
4913	ENSG00000242110	AMACR
4914	ENSG00000082196	C1QTNF3
4915	ENSG00000039560	RAI14
4916	ENSG00000205838	TTC23L
4917	ENSG00000113456	RAD1
4918	ENSG00000113460	BRIX1
4919	ENSG00000168724	DNAJC21
4920	ENSG00000113492	AGXT2
4921	ENSG00000113494	PRLR
4922	ENSG00000152582	SPEF2
4923	ENSG00000168685	IL7R
4924	ENSG00000152611	CAPSL
4925	ENSG00000145626	UGT3A1
4926	ENSG00000168671	UGT3A2
4927	ENSG00000164187	LMBRD2
4928	ENSG00000145604	SKP2
4929	ENSG00000152620	NADK2
4930	ENSG00000164188	RANBP3L
4931	ENSG00000079215	SLC1A3
4932	ENSG00000164190	NIPBL
4933	ENSG00000197603	CPLANE1
4934	ENSG00000113569	NUP155
4935	ENSG00000082068	WDR70
4936	ENSG00000168621	GDNF
4937	ENSG00000164318	EGFLAM
4938	ENSG00000113594	LIFR
4939	ENSG00000145623	OSMR
4940	ENSG00000164327	RICTOR
4941	ENSG00000082074	FYB1
4942	ENSG00000113600	C9
4943	ENSG00000153071	DAB2
4944	ENSG00000113638	TTC33
4945	ENSG00000171522	PTGER4
4946	ENSG00000132356	PRKAA1
4947	ENSG00000145592	RPL37
4948	ENSG00000132357	CARD6
4949	ENSG00000112936	C7
4950	ENSG00000171495	MROH2B
4951	ENSG00000039537	C6
4952	ENSG00000182836	PLCXD3
4953	ENSG00000083720	OXCT1
4954	ENSG00000205765	C5orf51
4955	ENSG00000151876	FBXO4
4956	ENSG00000112964	GHR
4957	ENSG00000198865	CCDC152
4958	ENSG00000250722	SELENOP
4959	ENSG00000177721	ANXA2R
4960	ENSG00000172262	ZNF131
4961	ENSG00000177453	NIM1K
4962	ENSG00000112972	HMGCS1
4963	ENSG00000151882	CCL28
4964	ENSG00000151881	TMEM267
4965	ENSG00000172244	C5orf34
4966	ENSG00000172239	PAIP1
4967	ENSG00000112992	NNT
4968	ENSG00000070193	FGF10
4969	ENSG00000112996	MRPS30
4970	ENSG00000164588	HCN1
4971	ENSG00000170571	EMB
4972	ENSG00000151883	PARP8
4973	ENSG00000016082	ISL1
4974	ENSG00000152684	PELO
4975	ENSG00000213949	ITGA1
4976	ENSG00000164171	ITGA2
4977	ENSG00000164172	MOCS2
4978	ENSG00000134363	FST
4979	ENSG00000164258	NDUFS4
4980	ENSG00000185305	ARL15
4981	ENSG00000169271	HSPB3
4982	ENSG00000178996	SNX18
4983	ENSG00000164283	ESM1
4984	ENSG00000113088	GZMK
4985	ENSG00000145649	GZMA
4986	ENSG00000164287	CDC20B
4987	ENSG00000164294	GPX8
4988	ENSG00000234602	MCIDAS
4989	ENSG00000152669	CCNO
4990	ENSG00000067248	DHX29
4991	ENSG00000039123	MTREX
4992	ENSG00000067113	PLPP1
4993	ENSG00000177058	SLC38A9
4994	ENSG00000152670	DDX4
4995	ENSG00000164509	IL31RA
4996	ENSG00000134352	IL6ST
4997	ENSG00000164512	ANKRD55
4998	ENSG00000095015	MAP3K1
4999	ENSG00000155542	SETD9
5000	ENSG00000155545	MIER3
5001	ENSG00000062194	GPBP1
5002	ENSG00000169067	ACTBL2
5003	ENSG00000145632	PLK2
5004	ENSG00000175857	GAPT
5005	ENSG00000152932	RAB3C
5006	ENSG00000113448	PDE4D
5007	ENSG00000035499	DEPDC1B
5008	ENSG00000164181	ELOVL7
5009	ENSG00000049167	ERCC8
5010	ENSG00000164182	NDUFAF2
5011	ENSG00000188725	SMIM15
5012	ENSG00000130449	ZSWIM6
5013	ENSG00000068796	KIF2A
5014	ENSG00000086189	DIMT1
5015	ENSG00000086200	IPO11
5016	ENSG00000186105	LRRC70
5017	ENSG00000178394	HTR1A
5018	ENSG00000164197	RNF180
5019	ENSG00000186479	RGS7BP
5020	ENSG00000145642	SHISAL2B
5021	ENSG00000153006	SREK1IP1
5022	ENSG00000153015	CWC27
5023	ENSG00000049192	ADAMTS6
5024	ENSG00000123219	CENPK
5025	ENSG00000113593	PPWD1
5026	ENSG00000113595	TRIM23
5027	ENSG00000113597	TRAPPC13
5028	ENSG00000253251	SHLD3
5029	ENSG00000197860	SGTB
5030	ENSG00000123213	NLN
5031	ENSG00000112851	ERBIN
5032	ENSG00000153914	SREK1
5033	ENSG00000069020	MAST4
5034	ENSG00000134061	CD180
5035	ENSG00000145675	PIK3R1
5036	ENSG00000145740	SLC30A5
5037	ENSG00000134057	CCNB1
5038	ENSG00000153044	CENPH
5039	ENSG00000134056	MRPS36
5040	ENSG00000134058	CDK7
5041	ENSG00000183323	CCDC125
5042	ENSG00000085231	AK6
5043	ENSG00000273841	TAF9
5044	ENSG00000152942	RAD17
5045	ENSG00000152939	MARVELD2
5046	ENSG00000197822	OCLN
5047	ENSG00000183474	GTF2H2C
5048	ENSG00000205572	SERF1B
5049	ENSG00000205571	SMN2
5050	ENSG00000172058	SERF1A
5051	ENSG00000172062	SMN1
5052	ENSG00000249437	NAIP
5053	ENSG00000145736	GTF2H2
5054	ENSG00000145734	BDP1
5055	ENSG00000131844	MCCC2
5056	ENSG00000164326	CARTPT
5057	ENSG00000131711	MAP1B
5058	ENSG00000113048	MRPS27
5059	ENSG00000049883	PTCD2
5060	ENSG00000178175	ZNF366
5061	ENSG00000083312	TNPO1
5062	ENSG00000157107	FCHO2
5063	ENSG00000157111	TMEM171
5064	ENSG00000164325	TMEM174
5065	ENSG00000251493	FOXD1
5066	ENSG00000145741	BTF3
5067	ENSG00000164331	ANKRA2
5068	ENSG00000164338	UTP15
5069	ENSG00000214944	ARHGEF28
5070	ENSG00000171617	ENC1
5071	ENSG00000049860	HEXB
5072	ENSG00000164347	GFM2
5073	ENSG00000164346	NSA2
5074	ENSG00000198780	FAM169A
5075	ENSG00000176928	GCNT4
5076	ENSG00000145700	ANKRD31
5077	ENSG00000113161	HMGCR
5078	ENSG00000113163	CERT1
5079	ENSG00000122008	POLK
5080	ENSG00000189045	ANKDD1B
5081	ENSG00000152359	POC5
5082	ENSG00000122012	SV2C
5083	ENSG00000145703	IQGAP2
5084	ENSG00000164220	F2RL2
5085	ENSG00000181104	F2R
5086	ENSG00000164251	F2RL1
5087	ENSG00000171643	S100Z
5088	ENSG00000145708	CRHBP
5089	ENSG00000164252	AGGF1
5090	ENSG00000132846	ZBED3
5091	ENSG00000113231	PDE8B
5092	ENSG00000164253	WDR41
5093	ENSG00000171540	OTP
5094	ENSG00000171530	TBCA
5095	ENSG00000132842	AP3B1
5096	ENSG00000085365	SCAMP1
5097	ENSG00000145685	LHFPL2
5098	ENSG00000113273	ARSB
5099	ENSG00000132837	DMGDH
5100	ENSG00000132840	BHMT2
5101	ENSG00000145692	BHMT
5102	ENSG00000152409	JMY
5103	ENSG00000152413	HOMER1
5104	ENSG00000164329	TENT2
5105	ENSG00000164309	CMYA5
5106	ENSG00000177034	MTX3
5107	ENSG00000113296	THBS4
5108	ENSG00000164300	SERINC5
5109	ENSG00000164299	SPZ1
5110	ENSG00000039319	ZFYVE16
5111	ENSG00000152380	FAM151B
5112	ENSG00000189127	ANKRD34B
5113	ENSG00000228716	DHFR
5114	ENSG00000113318	MSH3
5115	ENSG00000113319	RASGRF2
5116	ENSG00000131730	CKMT2
5117	ENSG00000131732	ZCCHC9
5118	ENSG00000172497	ACOT12
5119	ENSG00000145687	SSBP2
5120	ENSG00000152348	ATG10
5121	ENSG00000186468	RPS23
5122	ENSG00000174695	TMEM167A
5123	ENSG00000152422	XRCC4
5124	ENSG00000038427	VCAN
5125	ENSG00000145681	HAPLN1
5126	ENSG00000164176	EDIL3
5127	ENSG00000127184	COX7C
5128	ENSG00000145715	RASA1
5129	ENSG00000134480	CCNH
5130	ENSG00000164180	TMEM161B
5131	ENSG00000081189	MEF2C
5132	ENSG00000153140	CETN3
5133	ENSG00000176055	MBLAC2
5134	ENSG00000113356	POLR3G
5135	ENSG00000176018	LYSMD3
5136	ENSG00000164199	ADGRV1
5137	ENSG00000113369	ARRDC3
5138	ENSG00000175745	NR2F1
5139	ENSG00000113391	FAM172A
5140	ENSG00000248483	POU5F2
5141	ENSG00000185261	KIAA0825
5142	ENSG00000133302	SLF1
5143	ENSG00000175471	MCTP1
5144	ENSG00000153347	FAM81B
5145	ENSG00000198677	TTC37
5146	ENSG00000164291	ARSK
5147	ENSG00000178015	GPR150
5148	ENSG00000175449	RFESD
5149	ENSG00000145757	SPATA9
5150	ENSG00000164292	RHOBTB3
5151	ENSG00000173221	GLRX
5152	ENSG00000118985	ELL2
5153	ENSG00000175426	PCSK1
5154	ENSG00000153113	CAST
5155	ENSG00000164307	ERAP1
5156	ENSG00000164308	ERAP2
5157	ENSG00000113441	LNPEP
5158	ENSG00000145721	LIX1
5159	ENSG00000058729	RIOK2
5160	ENSG00000174136	RGMB
5161	ENSG00000153922	CHD1
5162	ENSG00000174132	FAM174A
5163	ENSG00000113532	ST8SIA4
5164	ENSG00000173930	SLCO4C1
5165	ENSG00000205359	SLCO6A1
5166	ENSG00000145730	PAM
5167	ENSG00000145723	GIN1
5168	ENSG00000181751	MACIR
5169	ENSG00000112874	NUDT12
5170	ENSG00000184349	EFNA5
5171	ENSG00000145743	FBXL17
5172	ENSG00000151422	FER
5173	ENSG00000198961	PJA2
5174	ENSG00000112893	MAN2A1
5175	ENSG00000186952	TMEM232
5176	ENSG00000164209	SLC25A46
5177	ENSG00000145777	TSLP
5178	ENSG00000134987	WDR36
5179	ENSG00000164211	STARD4
5180	ENSG00000134986	NREP
5181	ENSG00000129595	EPB41L4A
5182	ENSG00000134982	APC
5183	ENSG00000153037	SRP19
5184	ENSG00000129625	REEP5
5185	ENSG00000172795	DCP2
5186	ENSG00000171444	MCC
5187	ENSG00000212122	TSSK1B
5188	ENSG00000047188	YTHDC2
5189	ENSG00000080709	KCNN2
5190	ENSG00000152503	TRIM36
5191	ENSG00000164219	PGGT1B
5192	ENSG00000164221	CCDC112
5193	ENSG00000145780	FEM1C
5194	ENSG00000243414	TICAM2
5195	ENSG00000134970	TMED7
5196	ENSG00000129596	CDO1
5197	ENSG00000145782	ATG12
5198	ENSG00000177879	AP3S1
5199	ENSG00000172901	LVRN
5200	ENSG00000268223	ARL14EPL
5201	ENSG00000145781	COMMD10
5202	ENSG00000092421	SEMA6A
5203	ENSG00000169570	DTWD2
5204	ENSG00000172869	DMXL1
5205	ENSG00000145779	TNFAIP8
5206	ENSG00000133835	HSD17B4
5207	ENSG00000164334	FAM170A
5208	ENSG00000184838	PRR16
5209	ENSG00000181867	FTMT
5210	ENSG00000151304	SRFBP1
5211	ENSG00000113083	LOX
5212	ENSG00000164185	ZNF474
5213	ENSG00000064692	SNCAIP
5214	ENSG00000205302	SNX2
5215	ENSG00000064652	SNX24
5216	ENSG00000168938	PPIC
5217	ENSG00000061455	PRDM6
5218	ENSG00000168944	CEP120
5219	ENSG00000151292	CSNK1G3
5220	ENSG00000168916	ZNF608
5221	ENSG00000155324	GRAMD2B
5222	ENSG00000164904	ALDH7A1
5223	ENSG00000164902	PHAX
5224	ENSG00000196900	TEX43
5225	ENSG00000113368	LMNB1
5226	ENSG00000173926	MARCHF3
5227	ENSG00000164241	C5orf63
5228	ENSG00000145794	MEGF10
5229	ENSG00000164244	PRRC1
5230	ENSG00000205279	CTXN3
5231	ENSG00000230561	CCDC192
5232	ENSG00000064651	SLC12A2
5233	ENSG00000138829	FBN2
5234	ENSG00000113396	SLC27A6
5235	ENSG00000066583	ISOC1
5236	ENSG00000145808	ADAMTS19
5237	ENSG00000186367	MINAR2
5238	ENSG00000198108	CHSY3
5239	ENSG00000169567	HINT1
5240	ENSG00000186687	LYRM7
5241	ENSG00000158985	CDC42SE2
5242	ENSG00000158987	RAPGEF6
5243	ENSG00000217128	FNIP1
5244	ENSG00000239642	MEIKIN
5245	ENSG00000164398	ACSL6
5246	ENSG00000164399	IL3
5247	ENSG00000164400	CSF2
5248	ENSG00000072682	P4HA2
5249	ENSG00000131435	PDLIM4
5250	ENSG00000197208	SLC22A4
5251	ENSG00000197375	SLC22A5
5252	ENSG00000125347	IRF1
5253	ENSG00000113525	IL5
5254	ENSG00000113522	RAD50
5255	ENSG00000169194	IL13
5256	ENSG00000113520	IL4
5257	ENSG00000131437	KIF3A
5258	ENSG00000205089	CCNI2
5259	ENSG00000164402	SEPTIN8
5260	ENSG00000198944	SOWAHA
5261	ENSG00000164403	SHROOM1
5262	ENSG00000164404	GDF9
5263	ENSG00000164405	UQCRQ
5264	ENSG00000164406	LEAP2
5265	ENSG00000072364	AFF4
5266	ENSG00000155329	ZCCHC10
5267	ENSG00000170606	HSPA4
5268	ENSG00000053108	FSTL4
5269	ENSG00000113583	C5orf15
5270	ENSG00000213585	VDAC1
5271	ENSG00000081059	TCF7
5272	ENSG00000113558	SKP1
5273	ENSG00000113575	PPP2CA
5274	ENSG00000006837	CDKL3
5275	ENSG00000119048	UBE2B
5276	ENSG00000237190	CDKN2AIPNL
5277	ENSG00000043143	JADE2
5278	ENSG00000152700	SAR1B
5279	ENSG00000113615	SEC24A
5280	ENSG00000164615	CAMLG
5281	ENSG00000145833	DDX46
5282	ENSG00000181904	C5orf24
5283	ENSG00000113621	TXNDC15
5284	ENSG00000132570	PCBD2
5285	ENSG00000152705	CATSPER3
5286	ENSG00000069011	PITX1
5287	ENSG00000113648	MACROH2A1
5288	ENSG00000255833	TIFAB
5289	ENSG00000181965	NEUROG1
5290	ENSG00000145824	CXCL14
5291	ENSG00000145832	SLC25A48
5292	ENSG00000145839	IL9
5293	ENSG00000145826	LECT2
5294	ENSG00000120708	TGFBI
5295	ENSG00000113658	SMAD5
5296	ENSG00000271824	SMIM32
5297	ENSG00000069018	TRPC7
5298	ENSG00000152377	SPOCK1
5299	ENSG00000146021	KLHL3
5300	ENSG00000177733	HNRNPA0
5301	ENSG00000120729	MYOT
5302	ENSG00000078795	PKD2L2
5303	ENSG00000031003	FAM13B
5304	ENSG00000061492	WNT8A
5305	ENSG00000112981	NME5
5306	ENSG00000112983	BRD8
5307	ENSG00000112984	KIF20A
5308	ENSG00000094880	CDC23
5309	ENSG00000146013	GFRA3
5310	ENSG00000158402	CDC25C
5311	ENSG00000120709	FAM53C
5312	ENSG00000120733	KDM3B
5313	ENSG00000132563	REEP2
5314	ENSG00000120738	EGR1
5315	ENSG00000120705	ETF1
5316	ENSG00000113013	HSPA9
5317	ENSG00000044115	CTNNA1
5318	ENSG00000146006	LRRTM2
5319	ENSG00000120725	SIL1
5320	ENSG00000280987	MATR3
5321	ENSG00000120727	PAIP2
5322	ENSG00000170482	SLC23A1
5323	ENSG00000170476	MZB1
5324	ENSG00000228672	PROB1
5325	ENSG00000170469	SPATA24
5326	ENSG00000170464	DNAJC18
5327	ENSG00000249751	ECSCR
5328	ENSG00000283288	SMIM33
5329	ENSG00000184584	STING1
5330	ENSG00000131508	UBE2D2
5331	ENSG00000171604	CXXC5
5332	ENSG00000146005	PSD2
5333	ENSG00000158458	NRG2
5334	ENSG00000182700	IGIP
5335	ENSG00000120306	CYSTM1
5336	ENSG00000113068	PFDN1
5337	ENSG00000113070	HBEGF
5338	ENSG00000113073	SLC4A9
5339	ENSG00000131503	ANKHD1
5340	ENSG00000213523	SRA1
5341	ENSG00000243056	EIF4EBP3
5342	ENSG00000113108	APBB3
5343	ENSG00000176087	SLC35A4
5344	ENSG00000170458	CD14
5345	ENSG00000131495	NDUFA2
5346	ENSG00000113119	TMCO6
5347	ENSG00000113141	IK
5348	ENSG00000120314	WDR55
5349	ENSG00000170445	HARS1
5350	ENSG00000112855	HARS2
5351	ENSG00000146007	ZMAT2
5352	ENSG00000204969	PCDHA2
5353	ENSG00000255408	PCDHA3
5354	ENSG00000204967	PCDHA4
5355	ENSG00000204965	PCDHA5
5356	ENSG00000081842	PCDHA6
5357	ENSG00000204963	PCDHA7
5358	ENSG00000204962	PCDHA8
5359	ENSG00000204961	PCDHA9
5360	ENSG00000250120	PCDHA10
5361	ENSG00000249158	PCDHA11
5362	ENSG00000251664	PCDHA12
5363	ENSG00000239389	PCDHA13
5364	ENSG00000248383	PCDHAC1
5365	ENSG00000243232	PCDHAC2
5366	ENSG00000171815	PCDHB1
5367	ENSG00000112852	PCDHB2
5368	ENSG00000113205	PCDHB3
5369	ENSG00000081818	PCDHB4
5370	ENSG00000113209	PCDHB5
5371	ENSG00000113211	PCDHB6
5372	ENSG00000113212	PCDHB7
5373	ENSG00000120322	PCDHB8
5374	ENSG00000272674	PCDHB16
5375	ENSG00000177839	PCDHB9
5376	ENSG00000120324	PCDHB10
5377	ENSG00000197479	PCDHB11
5378	ENSG00000120328	PCDHB12
5379	ENSG00000187372	PCDHB13
5380	ENSG00000120327	PCDHB14
5381	ENSG00000113248	PCDHB15
5382	ENSG00000178913	TAF7
5383	ENSG00000120329	SLC25A2
5384	ENSG00000204956	PCDHGA1
5385	ENSG00000081853	PCDHGA2
5386	ENSG00000254245	PCDHGA3
5387	ENSG00000254221	PCDHGB1
5388	ENSG00000262576	PCDHGA4
5389	ENSG00000253910	PCDHGB2
5390	ENSG00000253485	PCDHGA5
5391	ENSG00000262209	PCDHGB3
5392	ENSG00000253731	PCDHGA6
5393	ENSG00000253537	PCDHGA7
5394	ENSG00000253953	PCDHGB4
5395	ENSG00000253767	PCDHGA8
5396	ENSG00000276547	PCDHGB5
5397	ENSG00000261934	PCDHGA9
5398	ENSG00000253305	PCDHGB6
5399	ENSG00000253846	PCDHGA10
5400	ENSG00000254122	PCDHGB7
5401	ENSG00000253873	PCDHGA11
5402	ENSG00000253159	PCDHGA12
5403	ENSG00000240184	PCDHGC3
5404	ENSG00000242419	PCDHGC4
5405	ENSG00000240764	PCDHGC5
5406	ENSG00000131504	DIAPH1
5407	ENSG00000171720	HDAC3
5408	ENSG00000164620	RELL2
5409	ENSG00000197948	FCHSD1
5410	ENSG00000120318	ARAP3
5411	ENSG00000156453	PCDH1
5412	ENSG00000081791	DELE1
5413	ENSG00000113555	PCDH12
5414	ENSG00000013561	RNF14
5415	ENSG00000113552	GNPDA1
5416	ENSG00000131507	NDFIP1
5417	ENSG00000187678	SPRY4
5418	ENSG00000113578	FGF1
5419	ENSG00000145819	ARHGAP26
5420	ENSG00000113580	NR3C1
5421	ENSG00000158497	HMHB1
5422	ENSG00000145817	YIPF5
5423	ENSG00000186314	PRELID2
5424	ENSG00000204928	GRXCR2
5425	ENSG00000156463	SH3RF2
5426	ENSG00000173261	PLAC8L1
5427	ENSG00000133706	LARS1
5428	ENSG00000091009	RBM27
5429	ENSG00000091010	POU4F3
5430	ENSG00000113649	TCERG1
5431	ENSG00000173250	GPR151
5432	ENSG00000156475	PPP2R2B
5433	ENSG00000169302	STK32A
5434	ENSG00000113657	DPYSL3
5435	ENSG00000176049	JAKMIP2
5436	ENSG00000164266	SPINK1
5437	ENSG00000164265	SCGB3A2
5438	ENSG00000178776	C5orf46
5439	ENSG00000133710	SPINK5
5440	ENSG00000196800	SPINK14
5441	ENSG00000178172	SPINK6
5442	ENSG00000248109	MARCOL
5443	ENSG00000214510	SPINK13
5444	ENSG00000145879	SPINK7
5445	ENSG00000204909	SPINK9
5446	ENSG00000145868	FBXO38
5447	ENSG00000164270	HTR4
5448	ENSG00000169252	ADRB2
5449	ENSG00000173210	ABLIM3
5450	ENSG00000157510	AFAP1L1
5451	ENSG00000164284	GRPEL2
5452	ENSG00000145882	PCYOX1L
5453	ENSG00000127743	IL17B
5454	ENSG00000113712	CSNK1A1
5455	ENSG00000183111	ARHGEF37
5456	ENSG00000155846	PPARGC1B
5457	ENSG00000132915	PDE6A
5458	ENSG00000155850	SLC26A2
5459	ENSG00000164296	TIGD6
5460	ENSG00000113716	HMGXB3
5461	ENSG00000182578	CSF1R
5462	ENSG00000113721	PDGFRB
5463	ENSG00000113722	CDX1
5464	ENSG00000011083	SLC6A7
5465	ENSG00000070808	CAMK2A
5466	ENSG00000183876	ARSI
5467	ENSG00000070814	TCOF1
5468	ENSG00000019582	CD74
5469	ENSG00000164587	RPS14
5470	ENSG00000070614	NDST1
5471	ENSG00000171992	SYNPO
5472	ENSG00000164591	MYOZ3
5473	ENSG00000086589	RBM22
5474	ENSG00000132912	DCTN4
5475	ENSG00000256235	SMIM3
5476	ENSG00000237693	IRGM
5477	ENSG00000145908	ZNF300
5478	ENSG00000211445	GPX3
5479	ENSG00000145901	TNIP1
5480	ENSG00000197043	ANXA6
5481	ENSG00000198624	CCDC69
5482	ENSG00000196743	GM2A
5483	ENSG00000186334	SLC36A3
5484	ENSG00000186335	SLC36A2
5485	ENSG00000123643	SLC36A1
5486	ENSG00000086570	FAT2
5487	ENSG00000113140	SPARC
5488	ENSG00000177556	ATOX1
5489	ENSG00000145907	G3BP1
5490	ENSG00000145888	GLRA1
5491	ENSG00000132911	NMUR2
5492	ENSG00000155511	GRIA1
5493	ENSG00000055147	FAM114A2
5494	ENSG00000037749	MFAP3
5495	ENSG00000164574	GALNT10
5496	ENSG00000164576	SAP30L
5497	ENSG00000113196	HAND1
5498	ENSG00000155506	LARP1
5499	ENSG00000170271	FAXDC2
5500	ENSG00000155508	CNOT8
5501	ENSG00000082516	GEMIN5
5502	ENSG00000082515	MRPL22
5503	ENSG00000226650	KIF4B
5504	ENSG00000170624	SGCD
5505	ENSG00000231989	PPP1R2B
5506	ENSG00000145850	TIMD4
5507	ENSG00000113249	HAVCR1
5508	ENSG00000135077	HAVCR2
5509	ENSG00000155868	MED7
5510	ENSG00000113263	ITK
5511	ENSG00000170613	FAM71B
5512	ENSG00000055163	CYFIP2
5513	ENSG00000172568	FNDC9
5514	ENSG00000135074	ADAM19
5515	ENSG00000172548	NIPAL4
5516	ENSG00000039600	SOX30
5517	ENSG00000187658	C5orf52
5518	ENSG00000113272	THG1L
5519	ENSG00000155858	LSM11
5520	ENSG00000113282	CLINT1
5521	ENSG00000164330	EBF1
5522	ENSG00000145860	RNF145
5523	ENSG00000164332	UBLCP1
5524	ENSG00000113302	IL12B
5525	ENSG00000170214	ADRA1B
5526	ENSG00000113312	TTC1
5527	ENSG00000170234	PWWP2A
5528	ENSG00000170231	FABP6
5529	ENSG00000135083	CCNJL
5530	ENSG00000145861	C1QTNF2
5531	ENSG00000221886	ZBED8
5532	ENSG00000164609	SLU7
5533	ENSG00000164611	PTTG1
5534	ENSG00000118322	ATP10B
5535	ENSG00000145864	GABRB2
5536	ENSG00000145863	GABRA6
5537	ENSG00000022355	GABRA1
5538	ENSG00000113327	GABRG2
5539	ENSG00000113328	CCNG1
5540	ENSG00000170584	NUDCD2
5541	ENSG00000072571	HMMR
5542	ENSG00000038274	MAT2B
5543	ENSG00000145934	TENM2
5544	ENSG00000113645	WWC1
5545	ENSG00000113643	RARS1
5546	ENSG00000188573	FBLL1
5547	ENSG00000120137	PANK3
5548	ENSG00000184347	SLIT3
5549	ENSG00000040275	SPDL1
5550	ENSG00000134516	DOCK2
5551	ENSG00000204767	INSYN2B
5552	ENSG00000168269	FOXI1
5553	ENSG00000234511	C5orf58
5554	ENSG00000043462	LCP2
5555	ENSG00000182132	KCNIP1
5556	ENSG00000145936	KCNMB1
5557	ENSG00000094755	GABRP
5558	ENSG00000204764	RANBP17
5559	ENSG00000164438	TLX3
5560	ENSG00000181163	NPM1
5561	ENSG00000156427	FGF18
5562	ENSG00000185662	SMIM23
5563	ENSG00000072803	FBXW11
5564	ENSG00000072786	STK10
5565	ENSG00000214360	EFCAB9
5566	ENSG00000168246	UBTD2
5567	ENSG00000174705	SH3PXD2B
5568	ENSG00000214357	NEURL1B
5569	ENSG00000120129	DUSP1
5570	ENSG00000113719	ERGIC1
5571	ENSG00000037241	RPL26L1
5572	ENSG00000113732	ATP6V0E1
5573	ENSG00000164463	CREBRF
5574	ENSG00000113734	BNIP1
5575	ENSG00000183072	NKX2-5
5576	ENSG00000113739	STC2
5577	ENSG00000145919	BOD1
5578	ENSG00000113742	CPEB4
5579	ENSG00000185056	C5orf47
5580	ENSG00000170091	NSG2
5581	ENSG00000120149	MSX2
5582	ENSG00000184845	DRD1
5583	ENSG00000164466	SFXN1
5584	ENSG00000113749	HRH2
5585	ENSG00000145920	CPLX2
5586	ENSG00000051596	THOC3
5587	ENSG00000182230	FAM153B
5588	ENSG00000170085	SIMC1
5589	ENSG00000122203	KIAA1191
5590	ENSG00000048162	NOP16
5591	ENSG00000146066	HIGD2A
5592	ENSG00000175416	CLTB
5593	ENSG00000113194	FAF2
5594	ENSG00000146083	RNF44
5595	ENSG00000074276	CDHR2
5596	ENSG00000169258	GPRIN1
5597	ENSG00000074317	SNCB
5598	ENSG00000175766	EIF4E1B
5599	ENSG00000048140	TSPAN17
5600	ENSG00000113763	UNC5A
5601	ENSG00000160883	HK3
5602	ENSG00000087206	UIMC1
5603	ENSG00000113761	ZNF346
5604	ENSG00000160867	FGFR4
5605	ENSG00000165671	NSD1
5606	ENSG00000169228	RAB24
5607	ENSG00000213347	MXD3
5608	ENSG00000169230	PRELID1
5609	ENSG00000169223	LMAN2
5610	ENSG00000169220	RGS14
5611	ENSG00000131183	SLC34A1
5612	ENSG00000196570	PFN3
5613	ENSG00000131187	F12
5614	ENSG00000198055	GRK6
5615	ENSG00000131188	PRR7
5616	ENSG00000113758	DBN1
5617	ENSG00000196923	PDLIM7
5618	ENSG00000146094	DOK3
5619	ENSG00000183258	DDX41
5620	ENSG00000146067	FAM193B
5621	ENSG00000184840	TMED9
5622	ENSG00000027847	B4GALT7
5623	ENSG00000170074	FAM153A
5624	ENSG00000175325	PROP1
5625	ENSG00000145911	N4BP3
5626	ENSG00000145916	RMND5B
5627	ENSG00000145912	NHP2
5629	ENSG00000197451	HNRNPAB
5630	ENSG00000175309	PHYKPL
5631	ENSG00000050767	COL23A1
5632	ENSG00000113240	CLK4
5634	ENSG00000169131	ZNF354A
5635	ENSG00000178338	ZNF354B
5636	ENSG00000198939	ZFP2
5637	ENSG00000178187	ZNF454
5638	ENSG00000113262	GRM6
5639	ENSG00000234284	ZNF879
5640	ENSG00000177932	ZNF354C
5641	ENSG00000087116	ADAMTS2
5642	ENSG00000176783	RUFY1
5643	ENSG00000169045	HNRNPH1
5644	ENSG00000204659	CBY3
5645	ENSG00000127022	CANX
5646	ENSG00000161021	MAML1
5647	ENSG00000213316	LTC4S
5648	ENSG00000161013	MGAT4B
5649	ENSG00000161011	SQSTM1
5650	ENSG00000161010	MRNIP
5651	ENSG00000197226	TBC1D9B
5652	ENSG00000113269	RNF130
5653	ENSG00000146090	RASGEF1C
5654	ENSG00000050748	MAPK9
5655	ENSG00000131459	GFPT2
5656	ENSG00000113300	CNOT6
5657	ENSG00000161055	SCGB3A1
5658	ENSG00000037280	FLT4
5659	ENSG00000131446	MGAT1
5660	ENSG00000196670	ZFP62
5661	ENSG00000113303	BTNL8
5662	ENSG00000168903	BTNL3
5663	ENSG00000165810	BTNL9
5664	ENSG00000185372	OR2V1
5665	ENSG00000182613	OR2V2
5666	ENSG00000146054	TRIM7
5667	ENSG00000146063	TRIM41
5668	ENSG00000204628	RACK1
5669	ENSG00000183718	TRIM52
5671	ENSG00000112679	DUSP22
5672	ENSG00000137265	IRF4
5673	ENSG00000112685	EXOC2
5674	ENSG00000188996	HUS1B
5675	ENSG00000164379	FOXQ1
5676	ENSG00000137273	FOXF2
5677	ENSG00000054598	FOXC1
5678	ENSG00000112699	GMDS
5679	ENSG00000145949	MYLK4
5680	ENSG00000124535	WRNIP1
5681	ENSG00000021355	SERPINB1
5682	ENSG00000170542	SERPINB9
5683	ENSG00000124570	SERPINB6
5684	ENSG00000124588	NQO2
5685	ENSG00000137275	RIPK1
5686	ENSG00000137274	BPHL
5687	ENSG00000137267	TUBB2A
5688	ENSG00000137285	TUBB2B
5689	ENSG00000180822	PSMG4
5690	ENSG00000137266	SLC22A23
5691	ENSG00000168994	PXDC1
5692	ENSG00000145945	FAM50B
5693	ENSG00000112739	PRPF4B
5694	ENSG00000145975	FAM217A
5695	ENSG00000198721	ECI2
5696	ENSG00000153046	CDYL
5697	ENSG00000124787	RPP40
5698	ENSG00000219607	PPP1R3G
5699	ENSG00000214113	LYRM4
5700	ENSG00000145982	FARS2
5701	ENSG00000124785	NRN1
5702	ENSG00000124491	F13A1
5703	ENSG00000112799	LY86
5704	ENSG00000124782	RREB1
5705	ENSG00000124783	SSR1
5706	ENSG00000164304	CAGE1
5707	ENSG00000124784	RIOK1
5708	ENSG00000096696	DSP
5709	ENSG00000168566	SNRNP48
5710	ENSG00000153162	BMP6
5711	ENSG00000239264	TXNDC5
5712	ENSG00000188428	BLOC1S5
5713	ENSG00000124802	EEF1E1
5714	ENSG00000124786	SLC35B3
5715	ENSG00000137203	TFAP2A
5716	ENSG00000111846	GCNT2
5717	ENSG00000137434	C6orf52
5718	ENSG00000111845	PAK1IP1
5719	ENSG00000111843	TMEM14C
5720	ENSG00000137210	TMEM14B
5721	ENSG00000111837	MAK
5722	ENSG00000124827	GCM2
5723	ENSG00000153157	SYCP2L
5724	ENSG00000197977	ELOVL2
5725	ENSG00000224531	SMIM13
5726	ENSG00000244476	ERVFRD-1
5727	ENSG00000111859	NEDD9
5728	ENSG00000205269	TMEM170B
5729	ENSG00000111863	ADTRP
5730	ENSG00000095951	HIVEP1
5731	ENSG00000078401	EDN1
5732	ENSG00000112137	PHACTR1
5733	ENSG00000145979	TBC1D7
5734	ENSG00000145990	GFOD1
5735	ENSG00000124523	SIRT5
5736	ENSG00000225921	NOL7
5737	ENSG00000010017	RANBP9
5738	ENSG00000050393	MCUR1
5739	ENSG00000180537	RNF182
5740	ENSG00000112149	CD83
5741	ENSG00000008083	JARID2
5742	ENSG00000047579	DTNBP1
5743	ENSG00000007944	MYLIP
5744	ENSG00000137198	GMPR
5745	ENSG00000124788	ATXN1
5746	ENSG00000230873	STMND1
5747	ENSG00000112183	RBM24
5748	ENSG00000112186	CAP2
5749	ENSG00000137414	FAM8A1
5750	ENSG00000124789	NUP153
5751	ENSG00000137177	KIF13A
5752	ENSG00000187566	NHLRC1
5753	ENSG00000137364	TPMT
5754	ENSG00000165097	KDM1B
5755	ENSG00000124795	DEK
5756	ENSG00000137393	RNF144B
5757	ENSG00000172201	ID4
5758	ENSG00000172197	MBOAT1
5759	ENSG00000112242	E2F3
5760	ENSG00000145996	CDKAL1
5761	ENSG00000124766	SOX4
5762	ENSG00000172179	PRL
5763	ENSG00000112273	HDGFL1
5764	ENSG00000152954	NRSN1
5765	ENSG00000146038	DCDC2
5766	ENSG00000146049	KAAG1
5767	ENSG00000124532	MRS2
5768	ENSG00000112293	GPLD1
5769	ENSG00000112294	ALDH5A1
5770	ENSG00000137261	KIAA0319
5771	ENSG00000111802	TDP2
5772	ENSG00000112304	ACOT13
5773	ENSG00000112308	C6orf62
5774	ENSG00000112312	GMNN
5775	ENSG00000260286	ARMH2
5776	ENSG00000111913	RIPOR2
5777	ENSG00000079691	CARMIL1
5778	ENSG00000079689	SCGN
5779	ENSG00000164508	H2AC1
5780	ENSG00000146047	H2BC1
5781	ENSG00000146039	SLC17A4
5782	ENSG00000124568	SLC17A1
5783	ENSG00000124564	SLC17A3
5784	ENSG00000112337	SLC17A2
5785	ENSG00000112343	TRIM38
5786	ENSG00000124610	H1-1
5787	ENSG00000275714	H3C1
5788	ENSG00000278637	H4C1
5789	ENSG00000278705	H4C2
5791	ENSG00000278463	H2AC4
5792	ENSG00000276410	H2BC3
5794	ENSG00000187837	H1-2
5795	ENSG00000010704	HFE
5796	ENSG00000197061	H4C3
5797	ENSG00000187475	H1-6
5798	ENSG00000180596	H2BC4
5799	ENSG00000180573	H2AC6
5800	ENSG00000168298	H1-4
5801	ENSG00000158373	H2BC5
5802	ENSG00000274290	H2BC6
5803	ENSG00000277157	H4C4
5804	ENSG00000197409	H3C4
5805	ENSG00000196866	H2AC7
5806	ENSG00000277224	H2BC7
5807	ENSG00000276966	H4C5
5808	ENSG00000273802	H2BC8
5809	ENSG00000277075	H2AC8
5810	ENSG00000274750	H3C6
5811	ENSG00000124575	H1-3
5812	ENSG00000274618	H4C6
5813	ENSG00000275663	H4C7
5814	ENSG00000277775	H3C7
5815	ENSG00000275713	H2BC9
5816	ENSG00000273983	H3C8
5817	ENSG00000278588	H2BC10
5818	ENSG00000158406	H4C8
5819	ENSG00000186470	BTN3A2
5820	ENSG00000124508	BTN2A2
5821	ENSG00000026950	BTN3A1
5822	ENSG00000111801	BTN3A3
5823	ENSG00000112763	BTN2A1
5824	ENSG00000124557	BTN1A1
5825	ENSG00000182952	HMGN4
5826	ENSG00000146109	ABT1
5827	ENSG00000181315	ZNF322
5828	ENSG00000124635	H2BC11
5829	ENSG00000196787	H2AC11
5830	ENSG00000276180	H4C9
5831	ENSG00000197903	H2BC12
5832	ENSG00000274997	H2AC12
5833	ENSG00000112812	PRSS16
5834	ENSG00000158553	POM121L2
5835	ENSG00000124613	ZNF391
5836	ENSG00000096654	ZNF184
5837	ENSG00000185130	H2BC13
5838	ENSG00000196747	H2AC13
5839	ENSG00000278828	H3C10
5840	ENSG00000276368	H2AC14
5841	ENSG00000273703	H2BC14
5842	ENSG00000197238	H4C11
5843	ENSG00000273542	H4C12
5844	ENSG00000275221	H2AC15
5845	ENSG00000233822	H2BC15
5846	ENSG00000276903	H2AC16
5847	ENSG00000184357	H1-5
5848	ENSG00000275379	H3C11
5849	ENSG00000275126	H4C13
5850	ENSG00000197153	H3C12
5851	ENSG00000278677	H2AC17
5852	ENSG00000274641	H2BC17
5853	ENSG00000168131	OR2B2
5854	ENSG00000197279	ZNF165
5855	ENSG00000196812	ZSCAN16
5856	ENSG00000198315	ZKSCAN8
5858	ENSG00000137185	ZSCAN9
5859	ENSG00000187626	ZKSCAN4
5860	ENSG00000189134	NKAPL
5861	ENSG00000197062	ZSCAN26
5862	ENSG00000137338	PGBD1
5863	ENSG00000235109	ZSCAN31
5864	ENSG00000189298	ZKSCAN3
5865	ENSG00000158691	ZSCAN12
5866	ENSG00000187987	ZSCAN23
5867	ENSG00000198704	GPX6
5868	ENSG00000224586	GPX5
5869	ENSG00000232040	ZBED9
5870	ENSG00000204713	TRIM27
5872	ENSG00000197935	ZNF311
5873	ENSG00000204703	OR2B3
5875	ENSG00000204701	OR2J3
5879	ENSG00000112462	OR12D3
5881	ENSG00000204694	OR11A1
5883	ENSG00000204688	OR2H1
5884	ENSG00000204687	MAS1L
5886	ENSG00000213886	UBD
5887	ENSG00000204681	GABBR1
5890	ENSG00000204644	ZFP57
5891	ENSG00000204642	HLA-F
5892	ENSG00000204632	HLA-G
5893	ENSG00000206503	HLA-A
5894	ENSG00000066379	POLR1H
5895	ENSG00000204619	PPP1R11
5896	ENSG00000204618	RNF39
5898	ENSG00000204614	TRIM40
5902	ENSG00000204599	TRIM39
5904	ENSG00000204592	HLA-E
5905	ENSG00000204590	GNL1
5906	ENSG00000204576	PRR3
5907	ENSG00000204574	ABCF1
5908	ENSG00000204569	PPP1R10
5909	ENSG00000204568	MRPS18B
5910	ENSG00000137343	ATAT1
5911	ENSG00000204564	C6orf136
5912	ENSG00000204560	DHX16
5913	ENSG00000146112	PPP1R18
5914	ENSG00000137404	NRM
5915	ENSG00000137337	MDC1
5916	ENSG00000196230	TUBB
5917	ENSG00000137312	FLOT1
5918	ENSG00000137331	IER3
5920	ENSG00000213780	GTF2H4
5921	ENSG00000137411	VARS2
5922	ENSG00000196260	SFTA2
5923	ENSG00000168631	MUCL3
5924	ENSG00000204544	MUC21
5925	ENSG00000261272	MUC22
5926	ENSG00000204542	C6orf15
5927	ENSG00000204540	PSORS1C1
5929	ENSG00000204538	PSORS1C2
5930	ENSG00000204536	CCHCR1
5931	ENSG00000137310	TCF19
5932	ENSG00000204531	POU5F1
5933	ENSG00000204525	HLA-C
5936	ENSG00000204516	MICB
5937	ENSG00000204511	MCCD1
5938	ENSG00000198563	DDX39B
5939	ENSG00000213760	ATP6V1G2
5940	ENSG00000204498	NFKBIL1
5944	ENSG00000204482	LST1
5945	ENSG00000204475	NCR3
5946	ENSG00000204472	AIF1
5947	ENSG00000204469	PRRC2A
5948	ENSG00000204463	BAG6
5949	ENSG00000204444	APOM
5952	ENSG00000204435	CSNK2B
5953	ENSG00000240053	LY6G5B
5955	ENSG00000204427	ABHD16A
5956	ENSG00000204424	LY6G6F
5957	ENSG00000255552	LY6G6E
5958	ENSG00000244355	LY6G6D
5959	ENSG00000204420	MPIG6B
5960	ENSG00000204421	LY6G6C
5961	ENSG00000213722	DDAH2
5962	ENSG00000213719	CLIC1
5963	ENSG00000204410	MSH5
5966	ENSG00000204392	LSM2
5967	ENSG00000204390	HSPA1L
5968	ENSG00000204389	HSPA1A
5969	ENSG00000204388	HSPA1B
5972	ENSG00000204385	SLC44A4
5973	ENSG00000204371	EHMT2
5974	ENSG00000166278	C2
5977	ENSG00000204356	NELFE
5978	ENSG00000204351	SKIV2L
5979	ENSG00000204348	DXO
5980	ENSG00000204344	STK19
5984	ENSG00000168477	TNXB
5986	ENSG00000204315	FKBPL
5987	ENSG00000204314	PRRT1
5988	ENSG00000221988	PPT2
5989	ENSG00000241404	EGFL8
5990	ENSG00000204310	AGPAT1
5991	ENSG00000204308	RNF5
5992	ENSG00000204305	AGER
5993	ENSG00000204304	PBX2
5994	ENSG00000213654	GPSM3
5995	ENSG00000204301	NOTCH4
5996	ENSG00000204296	TSBP1
5998	ENSG00000204287	HLA-DRA
5999	ENSG00000198502	HLA-DRB5
6001	ENSG00000196735	HLA-DQA1
6002	ENSG00000179344	HLA-DQB1
6006	ENSG00000204267	TAP2
6007	ENSG00000204264	PSMB8
6008	ENSG00000240065	PSMB9
6009	ENSG00000168394	TAP1
6011	ENSG00000204257	HLA-DMA
6012	ENSG00000204256	BRD2
6013	ENSG00000204252	HLA-DOA
6016	ENSG00000204248	COL11A2
6017	ENSG00000204231	RXRB
6018	ENSG00000112473	SLC39A7
6020	ENSG00000204227	RING1
6024	ENSG00000227057	WDR46
6025	ENSG00000204220	PFDN6
6029	ENSG00000204209	DAXX
6032	ENSG00000112511	PHF1
6033	ENSG00000112514	CUTA
6035	ENSG00000213588	ZBTB9
6036	ENSG00000030110	BAK1
6037	ENSG00000096433	ITPR3
6038	ENSG00000137288	UQCC2
6039	ENSG00000161896	IP6K3
6040	ENSG00000161904	LEMD2
6041	ENSG00000096395	MLN
6042	ENSG00000124493	GRM4
6043	ENSG00000137309	HMGA1
6044	ENSG00000186577	SMIM29
6045	ENSG00000272325	NUDT3
6046	ENSG00000124614	RPS10
6047	ENSG00000124507	PACSIN1
6048	ENSG00000124664	SPDEF
6049	ENSG00000196821	ILRUN
6050	ENSG00000124562	SNRPC
6051	ENSG00000065060	UHRF1BP1
6052	ENSG00000064995	TAF11
6053	ENSG00000064999	ANKS1A
6054	ENSG00000124678	TCP11
6055	ENSG00000146197	SCUBE3
6056	ENSG00000065029	ZNF76
6057	ENSG00000023892	DEF6
6058	ENSG00000112033	PPARD
6059	ENSG00000112039	FANCE
6060	ENSG00000198755	RPL10A
6061	ENSG00000007866	TEAD3
6062	ENSG00000112041	TULP1
6063	ENSG00000096060	FKBP5
6064	ENSG00000157343	ARMC12
6065	ENSG00000196748	CLPSL2
6066	ENSG00000204140	CLPSL1
6067	ENSG00000137392	CLPS
6068	ENSG00000197753	LHFPL5
6069	ENSG00000096063	SRPK1
6070	ENSG00000112053	SLC26A8
6071	ENSG00000112062	MAPK14
6072	ENSG00000156711	MAPK13
6073	ENSG00000096070	BRPF3
6074	ENSG00000180316	PNPLA1
6075	ENSG00000189325	BNIP5
6076	ENSG00000010030	ETV7
6077	ENSG00000179165	PXT1
6078	ENSG00000112078	KCTD20
6079	ENSG00000112079	STK38
6080	ENSG00000112081	SRSF3
6081	ENSG00000124762	CDKN1A
6082	ENSG00000255587	RAB44
6083	ENSG00000124772	CPNE5
6084	ENSG00000137168	PPIL1
6085	ENSG00000198663	C6orf89
6086	ENSG00000164530	PI16
6087	ENSG00000137409	MTCH1
6088	ENSG00000146192	FGD2
6089	ENSG00000137193	PIM1
6090	ENSG00000172738	TMEM217
6091	ENSG00000065491	TBC1D22B
6092	ENSG00000112130	RNF8
6093	ENSG00000137200	CMTR1
6094	ENSG00000198937	CCDC167
6095	ENSG00000112139	MDGA1
6096	ENSG00000156639	ZFAND3
6097	ENSG00000183826	BTBD9
6098	ENSG00000124767	GLO1
6099	ENSG00000124721	DNAH8
6100	ENSG00000112164	GLP1R
6101	ENSG00000112167	SAYSD1
6102	ENSG00000164626	KCNK5
6103	ENSG00000124780	KCNK17
6104	ENSG00000095981	KCNK16
6105	ENSG00000164627	KIF6
6106	ENSG00000146122	DAAM2
6107	ENSG00000124615	MOCS1
6108	ENSG00000156564	LRFN2
6109	ENSG00000124602	UNC5CL
6110	ENSG00000124596	OARD1
6111	ENSG00000112212	TSPO2
6112	ENSG00000124701	APOBEC2
6113	ENSG00000001167	NFYA
6114	ENSG00000161911	TREML1
6115	ENSG00000095970	TREM2
6116	ENSG00000112195	TREML2
6117	ENSG00000188056	TREML4
6118	ENSG00000124731	TREM1
6119	ENSG00000096264	NCR2
6120	ENSG00000137166	FOXP4
6121	ENSG00000112559	MDFI
6122	ENSG00000112561	TFEB
6123	ENSG00000096088	PGC
6124	ENSG00000137218	FRS3
6125	ENSG00000278224	PRICKLE4
6126	ENSG00000214736	TOMM6
6127	ENSG00000164663	USP49
6128	ENSG00000124641	MED20
6129	ENSG00000112578	BYSL
6130	ENSG00000112576	CCND3
6131	ENSG00000137413	TAF8
6132	ENSG00000188112	C6orf132
6134	ENSG00000048545	GUCA1A
6135	ENSG00000112599	GUCA1B
6136	ENSG00000048544	MRPS10
6137	ENSG00000124496	TRERF1
6138	ENSG00000024048	UBR2
6139	ENSG00000112619	PRPH2
6140	ENSG00000124659	TBCC
6141	ENSG00000112624	BICRAL
6142	ENSG00000146223	RPL7L1
6143	ENSG00000221821	C6orf226
6144	ENSG00000171611	PTCRA
6145	ENSG00000137161	CNPY3
6146	ENSG00000124713	GNMT
6147	ENSG00000124587	PEX6
6148	ENSG00000112640	PPP2R5D
6149	ENSG00000124733	MEA1
6150	ENSG00000124702	KLHDC3
6151	ENSG00000124541	RRP36
6152	ENSG00000044090	CUL7
6153	ENSG00000137171	KLC4
6154	ENSG00000112651	MRPL2
6155	ENSG00000112655	PTK7
6156	ENSG00000112658	SRF
6157	ENSG00000112659	CUL9
6158	ENSG00000112667	DNPH1
6159	ENSG00000146216	TTBK1
6160	ENSG00000137204	SLC22A7
6161	ENSG00000146215	CRIP3
6162	ENSG00000171467	ZNF318
6163	ENSG00000124574	ABCC10
6164	ENSG00000171462	DLK2
6165	ENSG00000137221	TJAP1
6166	ENSG00000204052	LRRC73
6167	ENSG00000171453	POLR1C
6168	ENSG00000137207	YIPF3
6169	ENSG00000124571	XPO5
6170	ENSG00000170734	POLH
6171	ENSG00000172432	GTPBP2
6172	ENSG00000124688	MAD2L1BP
6173	ENSG00000172426	RSPH9
6174	ENSG00000096080	MRPS18A
6175	ENSG00000112715	VEGFA
6176	ENSG00000180992	MRPL14
6177	ENSG00000137216	TMEM63B
6178	ENSG00000137225	CAPN11
6179	ENSG00000262179	MYMX
6180	ENSG00000112759	SLC29A1
6181	ENSG00000096384	HSP90AB1
6182	ENSG00000157593	SLC35B2
6183	ENSG00000146232	NFKBIE
6184	ENSG00000178233	TMEM151B
6185	ENSG00000146221	TCTE1
6186	ENSG00000124608	AARS2
6187	ENSG00000249481	SPATS1
6188	ENSG00000096401	CDC5L
6189	ENSG00000196284	SUPT3H
6190	ENSG00000124813	RUNX2
6191	ENSG00000112782	CLIC5
6192	ENSG00000001561	ENPP4
6193	ENSG00000112796	ENPP5
6194	ENSG00000172348	RCAN2
6195	ENSG00000146233	CYP39A1
6196	ENSG00000153291	SLC25A27
6197	ENSG00000180113	TDRD6
6198	ENSG00000146070	PLA2G7
6199	ENSG00000230062	ANKRD66
6200	ENSG00000112818	MEP1A
6201	ENSG00000069122	ADGRF5
6202	ENSG00000153292	ADGRF1
6203	ENSG00000146072	TNFRSF21
6204	ENSG00000198087	CD2AP
6205	ENSG00000153294	ADGRF4
6206	ENSG00000124818	OPN5
6207	ENSG00000146085	MMUT
6208	ENSG00000031691	CENPQ
6209	ENSG00000203972	GLYATL3
6210	ENSG00000197261	C6orf141
6211	ENSG00000112077	RHAG
6212	ENSG00000124490	CRISP2
6213	ENSG00000096006	CRISP3
6214	ENSG00000170950	PGK2
6215	ENSG00000124812	CRISP1
6217	ENSG00000203970	DEFB110
6218	ENSG00000180872	DEFB112
6219	ENSG00000008197	TFAP2D
6220	ENSG00000008196	TFAP2B
6221	ENSG00000170927	PKHD1
6222	ENSG00000112115	IL17A
6223	ENSG00000112116	IL17F
6224	ENSG00000112118	MCM3
6225	ENSG00000170915	PAQR8
6226	ENSG00000096093	EFHC1
6227	ENSG00000065308	TRAM2
6228	ENSG00000096092	TMEM14A
6229	ENSG00000244067	GSTA2
6230	ENSG00000243955	GSTA1
6231	ENSG00000182793	GSTA5
6232	ENSG00000174156	GSTA3
6233	ENSG00000170899	GSTA4
6234	ENSG00000112144	CILK1
6235	ENSG00000112146	FBXO9
6236	ENSG00000137270	GCM1
6237	ENSG00000012660	ELOVL5
6238	ENSG00000001084	GCLC
6239	ENSG00000124743	KLHL31
6240	ENSG00000137269	LRRC1
6241	ENSG00000146147	MLIP
6242	ENSG00000137251	TINAG
6243	ENSG00000168143	FAM83B
6244	ENSG00000137252	HCRTR2
6245	ENSG00000187871	GFRAL
6246	ENSG00000146151	HMGCLL1
6247	ENSG00000112175	BMP5
6248	ENSG00000124749	COL21A1
6249	ENSG00000151914	DST
6250	ENSG00000151917	BEND6
6251	ENSG00000168116	KIAA1586
6252	ENSG00000112200	ZNF451
6253	ENSG00000112208	BAG2
6254	ENSG00000112210	RAB23
6255	ENSG00000146143	PRIM2
6256	ENSG00000112232	KHDRBS2
6257	ENSG00000198225	FKBP1C
6258	ENSG00000146166	LGSN
6259	ENSG00000112245	PTP4A1
6260	ENSG00000188107	EYS
6261	ENSG00000135298	ADGRB3
6262	ENSG00000168216	LMBRD1
6263	ENSG00000082293	COL19A1
6264	ENSG00000112280	COL9A1
6265	ENSG00000082269	FAM135A
6266	ENSG00000154079	SDHAF4
6267	ENSG00000112305	SMAP1
6268	ENSG00000112309	B3GAT2
6269	ENSG00000119900	OGFRL1
6270	ENSG00000079841	RIMS1
6271	ENSG00000185760	KCNQ5
6272	ENSG00000256980	KHDC1L
6273	ENSG00000135314	KHDC1
6274	ENSG00000203909	DPPA5
6275	ENSG00000203908	KHDC3L
6276	ENSG00000203907	OOEP
6277	ENSG00000080007	DDX43
6278	ENSG00000164430	CGAS
6279	ENSG00000135297	MTO1
6280	ENSG00000156508	EEF1A1
6281	ENSG00000119899	SLC17A5
6282	ENSG00000156535	CD109
6283	ENSG00000111799	COL12A1
6284	ENSG00000112695	COX7A2
6285	ENSG00000112697	TMEM30A
6286	ENSG00000118407	FILIP1
6287	ENSG00000112701	SENP6
6288	ENSG00000196586	MYO6
6289	ENSG00000112706	IMPG1
6290	ENSG00000135312	HTR1B
6291	ENSG00000269964	MEI4
6292	ENSG00000146243	IRAK1BP1
6293	ENSG00000146247	PHIP
6294	ENSG00000118418	HMGN3
6295	ENSG00000135338	LCA5
6296	ENSG00000198478	SH3BGRL2
6297	ENSG00000118402	ELOVL4
6298	ENSG00000112742	TTK
6299	ENSG00000083123	BCKDHB
6300	ENSG00000112773	TENT5A
6301	ENSG00000005700	IBTK
6302	ENSG00000146242	TPBG
6303	ENSG00000118420	UBE3D
6304	ENSG00000083097	DOP1A
6305	ENSG00000013375	PGM3
6306	ENSG00000013392	RWDD2A
6307	ENSG00000065833	ME1
6308	ENSG00000146250	PRSS35
6309	ENSG00000065609	SNAP91
6310	ENSG00000203877	RIPPLY2
6311	ENSG00000065615	CYB5R4
6312	ENSG00000135324	MRAP2
6313	ENSG00000135315	CEP162
6314	ENSG00000112837	TBX18
6315	ENSG00000135318	NT5E
6316	ENSG00000135317	SNX14
6317	ENSG00000135316	SYNCRIP
6318	ENSG00000168830	HTR1E
6319	ENSG00000135346	CGA
6320	ENSG00000188994	ZNF292
6321	ENSG00000164411	GJB7
6322	ENSG00000111850	SMIM8
6323	ENSG00000203872	C6orf163
6324	ENSG00000272514	CFAP206
6325	ENSG00000164414	SLC35A1
6326	ENSG00000146282	RARS2
6327	ENSG00000135336	ORC3
6328	ENSG00000135334	AKIRIN2
6329	ENSG00000118434	SPACA1
6330	ENSG00000118432	CNR1
6331	ENSG00000111880	RNGTT
6332	ENSG00000146278	PNRC1
6333	ENSG00000154548	SRSF12
6334	ENSG00000146281	PM20D2
6335	ENSG00000146276	GABRR1
6336	ENSG00000111886	GABRR2
6337	ENSG00000198833	UBE2J1
6338	ENSG00000025039	RRAGD
6339	ENSG00000135299	ANKRD6
6340	ENSG00000083099	LYRM2
6341	ENSG00000112159	MDN1
6342	ENSG00000112182	BACH2
6343	ENSG00000135341	MAP3K7
6344	ENSG00000135333	EPHA7
6345	ENSG00000172469	MANEA
6346	ENSG00000014123	UFL1
6347	ENSG00000112214	FHL5
6348	ENSG00000112218	GPR63
6349	ENSG00000123545	NDUFAF4
6350	ENSG00000186231	KLHL32
6351	ENSG00000146263	MMS22L
6352	ENSG00000184486	POU3F2
6353	ENSG00000112234	FBXL4
6354	ENSG00000146267	FAXC
6355	ENSG00000132423	COQ3
6356	ENSG00000132424	PNISR
6357	ENSG00000123552	USP45
6359	ENSG00000112237	CCNC
6360	ENSG00000112238	PRDM13
6361	ENSG00000152034	MCHR2
6362	ENSG00000112246	SIM1
6363	ENSG00000112249	ASCC3
6364	ENSG00000164418	GRIK2
6365	ENSG00000085382	HACE1
6366	ENSG00000187772	LIN28B
6367	ENSG00000112276	BVES
6368	ENSG00000132429	POPDC3
6369	ENSG00000085377	PREP
6370	ENSG00000057657	PRDM1
6371	ENSG00000057663	ATG5
6372	ENSG00000112297	CRYBG1
6373	ENSG00000130347	RTN4IP1
6374	ENSG00000130348	QRSL1
6375	ENSG00000272398	CD24
6376	ENSG00000130349	MTRES1
6377	ENSG00000178409	BEND3
6378	ENSG00000164494	PDSS2
6379	ENSG00000112320	SOBP
6380	ENSG00000146285	SCML4
6381	ENSG00000025796	SEC63
6382	ENSG00000081087	OSTM1
6383	ENSG00000112333	NR2E1
6384	ENSG00000112335	SNX3
6385	ENSG00000135537	AFG1L
6386	ENSG00000118689	FOXO3
6387	ENSG00000118690	ARMC2
6388	ENSG00000080546	SESN1
6389	ENSG00000135535	CD164
6390	ENSG00000185250	PPIL6
6391	ENSG00000135596	MICAL1
6392	ENSG00000112365	ZBTB24
6393	ENSG00000155085	AK9
6394	ENSG00000112367	FIG4
6395	ENSG00000146360	GPR6
6396	ENSG00000112290	WASF1
6397	ENSG00000168438	CDC40
6398	ENSG00000053328	METTL24
6399	ENSG00000203797	DDO
6400	ENSG00000004809	SLC22A16
6401	ENSG00000155111	CDK19
6402	ENSG00000123505	AMD1
6403	ENSG00000155115	GTF3C6
6404	ENSG00000197498	RPF2
6405	ENSG00000112394	SLC16A10
6406	ENSG00000009413	REV3L
6407	ENSG00000056972	TRAF3IP2
6408	ENSG00000010810	FYN
6409	ENSG00000112761	CCN6
6410	ENSG00000074935	TUBE1
6411	ENSG00000203778	FAM229B
6412	ENSG00000112769	LAMA4
6413	ENSG00000251258	RFPL4B
6414	ENSG00000277443	MARCKS
6415	ENSG00000196591	HDAC2
6416	ENSG00000249853	HS3ST5
6417	ENSG00000178425	NT5DC1
6418	ENSG00000123500	COL10A1
6419	ENSG00000187189	TSPYL4
6420	ENSG00000111817	DSE
6421	ENSG00000189241	TSPYL1
6422	ENSG00000188820	CALHM6
6423	ENSG00000173626	TRAPPC3L
6424	ENSG00000178033	CALHM5
6425	ENSG00000164451	CALHM4
6426	ENSG00000111832	RWDD1
6427	ENSG00000111834	RSPH4A
6428	ENSG00000153975	ZUP1
6429	ENSG00000196911	KPNA5
6430	ENSG00000183807	FAM162B
6431	ENSG00000173612	GPRC6A
6432	ENSG00000185002	RFX6
6433	ENSG00000170162	VGLL2
6434	ENSG00000047936	ROS1
6435	ENSG00000164465	DCBLD1
6436	ENSG00000047932	GOPC
6437	ENSG00000153989	NUS1
6438	ENSG00000196376	SLC35F1
6439	ENSG00000111860	CEP85L
6440	ENSG00000198523	PLN
6441	ENSG00000111877	MCM9
6442	ENSG00000111875	ASF1A
6443	ENSG00000111879	FAM184A
6444	ENSG00000111885	MAN1A1
6445	ENSG00000146350	TBC1D32
6446	ENSG00000152661	GJA1
6447	ENSG00000025156	HSF2
6448	ENSG00000111897	SERINC1
6449	ENSG00000135549	PKIB
6450	ENSG00000164434	FABP7
6451	ENSG00000172594	SMPDL3A
6452	ENSG00000146352	CLVS2
6453	ENSG00000186439	TRDN
6454	ENSG00000188580	NKAIN2
6455	ENSG00000146373	RNF217
6456	ENSG00000111907	TPD52L1
6457	ENSG00000111906	HDDC2
6458	ENSG00000135547	HEY2
6459	ENSG00000111912	NCOA7
6460	ENSG00000111911	HINT3
6461	ENSG00000066651	TRMT11
6462	ENSG00000203760	CENPW
6463	ENSG00000146374	RSPO3
6464	ENSG00000118518	RNF146
6465	ENSG00000093144	ECHDC1
6466	ENSG00000189367	KIAA0408
6467	ENSG00000214338	SOGA3
6468	ENSG00000184530	C6orf58
6469	ENSG00000172673	THEMIS
6470	ENSG00000152894	PTPRK
6471	ENSG00000196569	LAMA2
6472	ENSG00000146376	ARHGAP18
6473	ENSG00000203756	TMEM244
6474	ENSG00000198945	L3MBTL3
6475	ENSG00000164483	SAMD3
6476	ENSG00000164484	TMEM200A
6477	ENSG00000256162	SMLR1
6478	ENSG00000079819	EPB41L2
6479	ENSG00000118507	AKAP7
6480	ENSG00000118520	ARG1
6481	ENSG00000112282	MED23
6482	ENSG00000154269	ENPP3
6483	ENSG00000180658	OR2A4
6484	ENSG00000236761	CTAGE9
6485	ENSG00000197594	ENPP1
6486	ENSG00000118523	CCN2
6487	ENSG00000079931	MOXD1
6488	ENSG00000135569	TAAR5
6489	ENSG00000146378	TAAR2
6490	ENSG00000146399	TAAR1
6491	ENSG00000112299	VNN1
6492	ENSG00000093134	VNN3
6493	ENSG00000112303	VNN2
6494	ENSG00000146409	SLC18B1
6495	ENSG00000112306	RPS12
6496	ENSG00000112319	EYA4
6497	ENSG00000118526	TCF21
6498	ENSG00000028839	TBPL1
6499	ENSG00000146411	SLC2A12
6500	ENSG00000118515	SGK1
6501	ENSG00000118514	ALDH8A1
6502	ENSG00000112339	HBS1L
6503	ENSG00000118513	MYB
6504	ENSG00000135541	AHI1
6505	ENSG00000171408	PDE7B
6506	ENSG00000146410	MTFR2
6507	ENSG00000029363	BCLAF1
6508	ENSG00000135525	MAP7
6509	ENSG00000197442	MAP3K5
6510	ENSG00000112357	PEX7
6511	ENSG00000182747	SLC35D3
6512	ENSG00000016402	IL20RA
6513	ENSG00000164485	IL22RA2
6514	ENSG00000027697	IFNGR1
6515	ENSG00000177468	OLIG3
6516	ENSG00000118503	TNFAIP3
6517	ENSG00000112378	PERP
6518	ENSG00000112379	ARFGEF3
6519	ENSG00000254440	PBOV1
6520	ENSG00000262543	SMIM28
6521	ENSG00000051620	HEBP2
6522	ENSG00000135540	NHSL1
6523	ENSG00000024862	CCDC28A
6524	ENSG00000203734	ECT2L
6525	ENSG00000135597	REPS1
6526	ENSG00000146386	ABRACL
6527	ENSG00000112406	HECA
6528	ENSG00000164440	TXLNB
6529	ENSG00000164442	CITED2
6530	ENSG00000135577	NMBR
6531	ENSG00000203733	GJE1
6532	ENSG00000009844	VTA1
6533	ENSG00000112414	ADGRG6
6534	ENSG00000010818	HIVEP2
6535	ENSG00000146416	AIG1
6536	ENSG00000189007	ADAT2
6537	ENSG00000034693	PEX3
6538	ENSG00000001036	FUCA2
6539	ENSG00000112419	PHACTR2
6540	ENSG00000135521	LTV1
6541	ENSG00000118491	ZC2HC1B
6542	ENSG00000118495	PLAGL1
6543	ENSG00000169976	SF3B5
6544	ENSG00000135604	STX11
6545	ENSG00000152818	UTRN
6546	ENSG00000112425	EPM2A
6547	ENSG00000118496	FBXO30
6548	ENSG00000146414	SHPRH
6549	ENSG00000152822	GRM1
6550	ENSG00000118508	RAB32
6551	ENSG00000118492	ADGB
6552	ENSG00000164506	STXBP5
6553	ENSG00000203727	SAMD5
6554	ENSG00000111961	SASH1
6555	ENSG00000111962	UST
6556	ENSG00000055208	TAB2
6557	ENSG00000177688	SUMO4
6558	ENSG00000178199	ZC3H12D
6559	ENSG00000131013	PPIL4
6560	ENSG00000055211	GINM1
6561	ENSG00000186625	KATNA1
6562	ENSG00000131023	LATS1
6563	ENSG00000120253	NUP43
6564	ENSG00000120265	PCMT1
6565	ENSG00000120256	LRP11
6566	ENSG00000164520	RAET1E
6567	ENSG00000203722	RAET1G
6568	ENSG00000131015	ULBP2
6569	ENSG00000111981	ULBP1
6570	ENSG00000155918	RAET1L
6571	ENSG00000131019	ULBP3
6572	ENSG00000198729	PPP1R14C
6573	ENSG00000009765	IYD
6574	ENSG00000120278	PLEKHG1
6575	ENSG00000120254	MTHFD1L
6576	ENSG00000131016	AKAP12
6577	ENSG00000181472	ZBTB2
6578	ENSG00000155906	RMND1
6579	ENSG00000146476	ARMT1
6580	ENSG00000120262	CCDC170
6581	ENSG00000091831	ESR1
6582	ENSG00000131018	SYNE1
6583	ENSG00000120279	MYCT1
6584	ENSG00000146469	VIP
6585	ENSG00000112029	FBXO5
6586	ENSG00000112031	MTRF1L
6587	ENSG00000091844	RGS17
6588	ENSG00000074706	IPCEF1
6589	ENSG00000213079	SCAF8
6590	ENSG00000146426	TIAM2
6591	ENSG00000029639	TFB1M
6592	ENSG00000171217	CLDN20
6593	ENSG00000074771	NOX3
6594	ENSG00000049618	ARID1B
6595	ENSG00000215712	TMEM242
6596	ENSG00000175048	ZDHHC14
6597	ENSG00000130340	SNX9
6598	ENSG00000078269	SYNJ2
6599	ENSG00000122335	SERAC1
6600	ENSG00000272047	GTF2H5
6601	ENSG00000130338	TULP4
6602	ENSG00000146433	TMEM181
6603	ENSG00000146425	DYNLT1
6604	ENSG00000164674	SYTL3
6605	ENSG00000092820	EZR
6606	ENSG00000130363	RSPH3
6607	ENSG00000164691	TAGAP
6608	ENSG00000164694	FNDC1
6609	ENSG00000146457	WTAP
6610	ENSG00000120437	ACAT2
6611	ENSG00000120438	TCP1
6612	ENSG00000112110	MRPL18
6613	ENSG00000146453	PNLDC1
6614	ENSG00000130368	MAS1
6615	ENSG00000197081	IGF2R
6616	ENSG00000175003	SLC22A1
6617	ENSG00000112499	SLC22A2
6618	ENSG00000146477	SLC22A3
6619	ENSG00000198670	LPA
6620	ENSG00000122194	PLG
6621	ENSG00000085511	MAP3K4
6622	ENSG00000026652	AGPAT4
6623	ENSG00000185345	PRKN
6624	ENSG00000112530	PACRG
6625	ENSG00000112531	QKI
6626	ENSG00000112539	C6orf118
6627	ENSG00000112541	PDE10A
6628	ENSG00000164458	TBXT
6629	ENSG00000176381	PRR18
6630	ENSG00000198818	SFT2D1
6631	ENSG00000060762	MPC1
6632	ENSG00000071242	RPS6KA2
6634	ENSG00000026297	RNASET2
6635	ENSG00000112486	CCR6
6636	ENSG00000166984	TCP10L2
6637	ENSG00000120436	GPR31
6638	ENSG00000112494	UNC93A
6639	ENSG00000120440	TTLL2
6640	ENSG00000130396	AFDN
6641	ENSG00000125337	KIF25
6642	ENSG00000153303	FRMD1
6643	ENSG00000164488	DACT2
6644	ENSG00000112562	SMOC2
6645	ENSG00000186340	THBS2
6646	ENSG00000184465	WDR27
6647	ENSG00000185127	C6orf120
6648	ENSG00000130024	PHF10
6649	ENSG00000184786	DYNLT2
6650	ENSG00000130023	ERMARD
6651	ENSG00000198719	DLL1
6652	ENSG00000112584	FAM120B
6653	ENSG00000008018	PSMB1
6654	ENSG00000112592	TBP
6655	ENSG00000071994	PDCD2
6656	ENSG00000177706	FAM20C
6657	ENSG00000197461	PDGFA
6658	ENSG00000188191	PRKAR1B
6659	ENSG00000164818	DNAAF5
6660	ENSG00000164828	SUN1
6661	ENSG00000239857	GET4
6662	ENSG00000105963	ADAP1
6663	ENSG00000240230	COX19
6664	ENSG00000073067	CYP2W1
6665	ENSG00000146540	C7orf50
6666	ENSG00000164849	GPR146
6667	ENSG00000164850	GPER1
6668	ENSG00000178381	ZFAND2A
6669	ENSG00000164853	UNCX
6670	ENSG00000164877	MICALL2
6671	ENSG00000164880	INTS1
6672	ENSG00000198517	MAFK
6673	ENSG00000164855	TMEM184A
6674	ENSG00000157778	PSMG3
6675	ENSG00000225968	ELFN1
6676	ENSG00000002822	MAD1L1
6677	ENSG00000122687	MRM2
6678	ENSG00000106268	NUDT1
6679	ENSG00000106266	SNX8
6680	ENSG00000106263	EIF3B
6681	ENSG00000275572	GRIFIN
6682	ENSG00000106003	LFNG
6683	ENSG00000106009	BRAT1
6684	ENSG00000106012	IQCE
6685	ENSG00000136295	TTYH3
6686	ENSG00000174945	AMZ1
6687	ENSG00000146535	GNA12
6688	ENSG00000198286	CARD11
6689	ENSG00000146555	SDK1
6690	ENSG00000164916	FOXK1
6691	ENSG00000242802	AP5Z1
6692	ENSG00000157927	RADIL
6693	ENSG00000218823	PAPOLB
6694	ENSG00000136297	MMD2
6695	ENSG00000146587	RBAK
6696	ENSG00000157954	WIPI2
6697	ENSG00000164638	SLC29A4
6698	ENSG00000182095	TNRC18
6699	ENSG00000155034	FBXL18
6700	ENSG00000075624	ACTB
6701	ENSG00000075618	FSCN1
6702	ENSG00000011275	RNF216
6703	ENSG00000122543	OCM
6704	ENSG00000122674	CCZ1
6705	ENSG00000155026	RSPH10B
6706	ENSG00000122512	PMS2
6707	ENSG00000106305	AIMP2
6708	ENSG00000086232	EIF2AK1
6709	ENSG00000157999	ANKRD61
6710	ENSG00000106346	USP42
6711	ENSG00000008256	CYTH3
6712	ENSG00000178397	FAM220A
6713	ENSG00000136238	RAC1
6714	ENSG00000164535	DAGLB
6715	ENSG00000136240	KDELR2
6716	ENSG00000215045	GRID2IP
6717	ENSG00000136247	ZDHHC4
6718	ENSG00000146576	C7orf26
6719	ENSG00000236609	ZNF853
6720	ENSG00000205903	ZNF316
6721	ENSG00000164631	ZNF12
6722	ENSG00000169402	RSPH10B2
6723	ENSG00000146574	CCZ1B
6724	ENSG00000106392	C1GALT1
6725	ENSG00000215018	COL28A1
6726	ENSG00000164654	MIOS
6727	ENSG00000106399	RPA3
6728	ENSG00000219545	UMAD1
6729	ENSG00000106415	GLCCI1
6730	ENSG00000003147	ICA1
6731	ENSG00000122584	NXPH1
6732	ENSG00000189043	NDUFA4
6733	ENSG00000106443	PHF14
6734	ENSG00000005108	THSD7A
6735	ENSG00000146530	VWDE
6736	ENSG00000006747	SCIN
6737	ENSG00000122644	ARL4A
6738	ENSG00000006468	ETV1
6739	ENSG00000136267	DGKB
6740	ENSG00000187546	AGMO
6741	ENSG00000106511	MEOX2
6742	ENSG00000214960	CRPPA
6743	ENSG00000171243	SOSTDC1
6744	ENSG00000205858	LRRC72
6745	ENSG00000106524	ANKMY2
6746	ENSG00000136261	BZW2
6747	ENSG00000106537	TSPAN13
6748	ENSG00000106541	AGR2
6749	ENSG00000173467	AGR3
6750	ENSG00000106546	AHR
6751	ENSG00000071189	SNX13
6752	ENSG00000229937	PRPS1L1
6753	ENSG00000048052	HDAC9
6754	ENSG00000122691	TWIST1
6755	ENSG00000146618	FERD3L
6756	ENSG00000105849	POLR1F
6757	ENSG00000173452	TMEM196
6758	ENSG00000183742	MACC1
6759	ENSG00000105855	ITGB8
6760	ENSG00000004846	ABCB5
6761	ENSG00000164651	SP8
6762	ENSG00000105866	SP4
6763	ENSG00000105877	DNAH11
6764	ENSG00000164649	CDCA7L
6765	ENSG00000136237	RAPGEF5
6766	ENSG00000105889	STEAP1B
6767	ENSG00000136244	IL6
6768	ENSG00000196683	TOMM7
6769	ENSG00000122550	KLHL7
6770	ENSG00000136243	NUP42
6771	ENSG00000136235	GPNMB
6772	ENSG00000156928	MALSU1
6773	ENSG00000136231	IGF2BP3
6774	ENSG00000164548	TRA2A
6775	ENSG00000169193	CCDC126
6776	ENSG00000188732	FAM221A
6777	ENSG00000196335	STK31
6778	ENSG00000122585	NPY
6779	ENSG00000105926	PALS2
6780	ENSG00000105928	GSDME
6781	ENSG00000070882	OSBPL3
6782	ENSG00000172115	CYCS
6783	ENSG00000153790	C7orf31
6784	ENSG00000105954	NPVF
6785	ENSG00000050344	NFE2L3
6786	ENSG00000122566	HNRNPA2B1
6787	ENSG00000122565	CBX3
6788	ENSG00000086300	SNX10
6789	ENSG00000005020	SKAP2
6790	ENSG00000105991	HOXA1
6791	ENSG00000105996	HOXA2
6792	ENSG00000105997	HOXA3
6793	ENSG00000197576	HOXA4
6794	ENSG00000106004	HOXA5
6795	ENSG00000106006	HOXA6
6796	ENSG00000122592	HOXA7
6797	ENSG00000078399	HOXA9
6798	ENSG00000253293	HOXA10
6799	ENSG00000005073	HOXA11
6800	ENSG00000106031	HOXA13
6801	ENSG00000106038	EVX1
6802	ENSG00000106049	HIBADH
6803	ENSG00000106052	TAX1BP1
6804	ENSG00000153814	JAZF1
6805	ENSG00000146592	CREB5
6806	ENSG00000255690	TRIL
6807	ENSG00000106066	CPVL
6808	ENSG00000106069	CHN2
6809	ENSG00000176532	PRR15
6810	ENSG00000122574	WIPF3
6811	ENSG00000136193	SCRN1
6812	ENSG00000106080	FKBP14
6813	ENSG00000106086	PLEKHA8
6814	ENSG00000180354	MTURN
6815	ENSG00000180233	ZNRF2
6816	ENSG00000106100	NOD1
6817	ENSG00000006625	GGCT
6818	ENSG00000106105	GARS1
6819	ENSG00000106113	CRHR2
6820	ENSG00000241644	INMT
6821	ENSG00000106125	MINDY4
6822	ENSG00000240583	AQP1
6823	ENSG00000106128	GHRHR
6824	ENSG00000078549	ADCYAP1R1
6825	ENSG00000164600	NEUROD6
6826	ENSG00000180347	ITPRID1
6827	ENSG00000106341	PPP1R17
6828	ENSG00000154678	PDE1C
6829	ENSG00000106355	LSM5
6830	ENSG00000105778	AVL9
6831	ENSG00000170852	KBTBD2
6832	ENSG00000122642	FKBP9
6833	ENSG00000122643	NT5C3A
6834	ENSG00000164610	RP9
6835	ENSG00000122507	BBS9
6836	ENSG00000164619	BMPER
6837	ENSG00000187258	NPSR1
6838	ENSG00000173852	DPY19L1
6839	ENSG00000122557	HERPUD2
6840	ENSG00000122545	SEPTIN7
6841	ENSG00000122547	EEPD1
6842	ENSG00000164542	KIAA0895
6843	ENSG00000011426	ANLN
6844	ENSG00000136250	AOAH
6845	ENSG00000155849	ELMO1
6846	ENSG00000187037	GPR141
6847	ENSG00000086289	EPDR1
6848	ENSG00000086288	NME8
6849	ENSG00000106483	SFRP4
6850	ENSG00000010270	STARD3NL
6851	ENSG00000078053	AMPH
6852	ENSG00000006715	VPS41
6853	ENSG00000106536	POU6F2
6854	ENSG00000241127	YAE1
6855	ENSG00000006451	RALA
6856	ENSG00000065883	CDK13
6857	ENSG00000168303	MPLKIP
6858	ENSG00000175600	SUGCT
6859	ENSG00000122641	INHBA
6860	ENSG00000106571	GLI3
6861	ENSG00000136197	C7orf25
6862	ENSG00000106588	PSMA2
6863	ENSG00000106591	MRPL32
6864	ENSG00000002746	HECW1
6865	ENSG00000164543	STK17A
6866	ENSG00000106603	COA1
6867	ENSG00000106605	BLVRA
6868	ENSG00000062582	MRPS24
6869	ENSG00000106608	URGCP
6870	ENSG00000078967	UBE2D4
6871	ENSG00000136206	SPDYE1
6872	ENSG00000136279	DBNL
6873	ENSG00000122678	POLM
6874	ENSG00000106624	AEBP1
6875	ENSG00000106628	POLD2
6876	ENSG00000106631	MYL7
6877	ENSG00000106633	GCK
6878	ENSG00000106636	YKT6
6879	ENSG00000058404	CAMK2B
6880	ENSG00000015676	NUDCD3
6881	ENSG00000015520	NPC1L1
6882	ENSG00000136271	DDX56
6883	ENSG00000158604	TMED4
6884	ENSG00000105953	OGDH
6885	ENSG00000122515	ZMIZ2
6886	ENSG00000196262	PPIA
6887	ENSG00000105968	H2AZ2
6888	ENSG00000146676	PURB
6889	ENSG00000136286	MYO1G
6890	ENSG00000136280	CCM2
6891	ENSG00000136274	NACAD
6892	ENSG00000136270	TBRG4
6893	ENSG00000122679	RAMP3
6894	ENSG00000164742	ADCY1
6895	ENSG00000283247	CCDC201
6896	ENSG00000146678	IGFBP1
6897	ENSG00000146674	IGFBP3
6898	ENSG00000136205	TNS3
6899	ENSG00000158683	PKD1L1
6900	ENSG00000136273	HUS1
6901	ENSG00000164744	SUN3
6902	ENSG00000164746	C7orf57
6903	ENSG00000183696	UPP1
6904	ENSG00000179869	ABCA13
6906	ENSG00000188730	VWC2
6907	ENSG00000042813	ZPBP
6908	ENSG00000164500	SPATA48
6909	ENSG00000185811	IKZF1
6910	ENSG00000132436	FIGNL1
6911	ENSG00000132437	DDC
6912	ENSG00000106070	GRB10
6913	ENSG00000106078	COBL
6914	ENSG00000221900	POM121L12
6915	ENSG00000170419	VSTM2A
6916	ENSG00000132432	SEC61G
6917	ENSG00000146648	EGFR
6918	ENSG00000132434	LANCL2
6919	ENSG00000154978	VOPP1
6920	ENSG00000154997	SEPTIN14
6921	ENSG00000178665	ZNF713
6922	ENSG00000146729	NIPSNAP2
6923	ENSG00000239789	MRPS17
6924	ENSG00000146733	PSPH
6925	ENSG00000146731	CCT6A
6926	ENSG00000129103	SUMF2
6927	ENSG00000164776	PHKG1
6928	ENSG00000106153	CHCHD2
6929	ENSG00000185290	NUPR2
6930	ENSG00000185177	ZNF479
6931	ENSG00000182111	ZNF716
6932	ENSG00000241149	ZNF722P
6933	ENSG00000214652	ZNF727
6934	ENSG00000223614	ZNF735
6935	ENSG00000197123	ZNF679
6936	ENSG00000234444	ZNF736
6937	ENSG00000173041	ZNF680
6938	ENSG00000196247	ZNF107
6939	ENSG00000197008	ZNF138
6940	ENSG00000198039	ZNF273
6941	ENSG00000152926	ZNF117
6942	ENSG00000213462	ERV3-1
6943	ENSG00000146757	ZNF92
6944	ENSG00000196715	VKORC1L1
6945	ENSG00000169919	GUSB
6946	ENSG00000126522	ASL
6947	ENSG00000241258	CRCP
6948	ENSG00000169902	TPST1
6949	ENSG00000243335	KCTD7
6950	ENSG00000154710	RABGEF1
6951	ENSG00000106609	TMEM248
6952	ENSG00000126524	SBDS
6953	ENSG00000198874	TYW1
6955	ENSG00000158321	AUTS2
6956	ENSG00000185274	GALNT17
6957	ENSG00000183166	CALN1
6958	ENSG00000277149	TYW1B
6959	ENSG00000196313	POM121
6960	ENSG00000155428	TRIM74
6965	ENSG00000130305	NSUN5
6966	ENSG00000146755	TRIM50
6967	ENSG00000077800	FKBP6
6968	ENSG00000188763	FZD9
6969	ENSG00000009954	BAZ1B
6970	ENSG00000106635	BCL7B
6971	ENSG00000106638	TBL2
6972	ENSG00000009950	MLXIPL
6973	ENSG00000176428	VPS37D
6974	ENSG00000176410	DNAJC30
6975	ENSG00000071462	BUD23
6976	ENSG00000106089	STX1A
6977	ENSG00000106077	ABHD11
6978	ENSG00000165215	CLDN3
6979	ENSG00000189143	CLDN4
6980	ENSG00000165171	METTL27
6981	ENSG00000049540	ELN
6982	ENSG00000106683	LIMK1
6983	ENSG00000106682	EIF4H
6984	ENSG00000086730	LAT2
6985	ENSG00000049541	RFC2
6986	ENSG00000106665	CLIP2
6987	ENSG00000006704	GTF2IRD1
6988	ENSG00000263001	GTF2I
6989	ENSG00000158517	NCF1
6990	ENSG00000196275	GTF2IRD2
6992	ENSG00000274070	CASTOR2
6993	ENSG00000274523	RCC1L
6994	ENSG00000174428	GTF2IRD2B
6998	ENSG00000178809	TRIM73
6999	ENSG00000272391	POM121C
7000	ENSG00000170092	SPDYE5
7001	ENSG00000127946	HIP1
7002	ENSG00000006606	CCL26
7003	ENSG00000106178	CCL24
7004	ENSG00000005486	RHBDD2
7005	ENSG00000127948	POR
7006	ENSG00000189077	TMEM120A
7007	ENSG00000127952	STYXL1
7008	ENSG00000146701	MDH2
7009	ENSG00000177679	SRRM3
7010	ENSG00000106211	HSPB1
7011	ENSG00000170027	YWHAG
7012	ENSG00000146700	SSC4D
7013	ENSG00000091073	DTX2
7014	ENSG00000243566	UPK3B
7015	ENSG00000185040	SPDYE16
7016	ENSG00000146707	POMZP3
7019	ENSG00000135205	CCDC146
7020	ENSG00000127951	FGL2
7021	ENSG00000186088	GSAP
7022	ENSG00000127947	PTPN12
7023	ENSG00000187257	RSBN1L
7024	ENSG00000135211	TMEM60
7025	ENSG00000006576	PHTF2
7026	ENSG00000187391	MAGI2
7027	ENSG00000127955	GNAI1
7028	ENSG00000135218	CD36
7029	ENSG00000214415	GNAT3
7030	ENSG00000075223	SEMA3C
7031	ENSG00000019991	HGF
7032	ENSG00000153956	CACNA2D1
7033	ENSG00000186472	PCLO
7034	ENSG00000170381	SEMA3E
7035	ENSG00000075213	SEMA3A
7036	ENSG00000153993	SEMA3D
7037	ENSG00000198822	GRM3
7038	ENSG00000164659	ELAPOR2
7039	ENSG00000135164	DMTF1
7040	ENSG00000135185	TMEM243
7041	ENSG00000005469	CROT
7042	ENSG00000005471	ABCB4
7043	ENSG00000085563	ABCB1
7044	ENSG00000105784	RUNDC3B
7045	ENSG00000075303	SLC25A40
7046	ENSG00000006634	DBF4
7047	ENSG00000008277	ADAM22
7048	ENSG00000075142	SRI
7049	ENSG00000127954	STEAP4
7050	ENSG00000182348	ZNF804B
7051	ENSG00000164645	TEX47
7052	ENSG00000164647	STEAP1
7053	ENSG00000157214	STEAP2
7054	ENSG00000105792	CFAP69
7055	ENSG00000283267	FAM237B
7056	ENSG00000105793	GTPBP10
7057	ENSG00000157224	CLDN12
7058	ENSG00000058091	CDK14
7060	ENSG00000157240	FZD1
7061	ENSG00000127989	MTERF1
7062	ENSG00000127914	AKAP9
7063	ENSG00000001630	CYP51A1
7064	ENSG00000240720	LRRD1
7065	ENSG00000001631	KRIT1
7066	ENSG00000001629	ANKIB1
7067	ENSG00000157259	GATAD1
7068	ENSG00000242950	ERVW-1
7069	ENSG00000127980	PEX1
7070	ENSG00000127993	RBM48
7071	ENSG00000234545	FAM133B
7072	ENSG00000205413	SAMD9
7073	ENSG00000177409	SAMD9L
7074	ENSG00000188175	HEPACAM2
7075	ENSG00000004766	VPS50
7076	ENSG00000004948	CALCR
7077	ENSG00000127928	GNGT1
7078	ENSG00000105825	TFPI2
7079	ENSG00000127920	GNG11
7080	ENSG00000105829	BET1
7081	ENSG00000164692	COL1A2
7082	ENSG00000127995	CASD1
7083	ENSG00000127990	SGCE
7084	ENSG00000242265	PEG10
7085	ENSG00000158528	PPP1R9A
7086	ENSG00000005421	PON1
7087	ENSG00000105852	PON3
7088	ENSG00000105854	PON2
7089	ENSG00000005981	ASB4
7090	ENSG00000004799	PDK4
7091	ENSG00000158560	DYNC1I1
7092	ENSG00000004864	SLC25A13
7093	ENSG00000127922	SEM1
7094	ENSG00000006377	DLX6
7095	ENSG00000105880	DLX5
7096	ENSG00000196636	SDHAF3
7097	ENSG00000006128	TAC1
7098	ENSG00000070669	ASNS
7099	ENSG00000135175	OCM2
7100	ENSG00000164715	LMTK2
7101	ENSG00000180535	BHLHA15
7102	ENSG00000205356	TECPR1
7103	ENSG00000164713	BRI3
7104	ENSG00000006453	BAIAP2L1
7105	ENSG00000106236	NPTX2
7106	ENSG00000166448	TMEM130
7107	ENSG00000196367	TRRAP
7108	ENSG00000198742	SMURF1
7109	ENSG00000185467	KPNA7
7110	ENSG00000241685	ARPC1A
7111	ENSG00000130429	ARPC1B
7112	ENSG00000106244	PDAP1
7113	ENSG00000106245	BUD31
7114	ENSG00000106246	PTCD1
7115	ENSG00000160917	CPSF4
7116	ENSG00000241468	ATP5MF
7117	ENSG00000198556	ZNF789
7118	ENSG00000160908	ZNF394
7119	ENSG00000196652	ZKSCAN5
7120	ENSG00000221909	FAM200A
7121	ENSG00000197343	ZNF655
7122	ENSG00000244219	TMEM225B
7123	ENSG00000197037	ZSCAN25
7124	ENSG00000106258	CYP3A5
7125	ENSG00000282301	CYP3A7-CYP3A51P
7126	ENSG00000160870	CYP3A7
7127	ENSG00000160868	CYP3A4
7128	ENSG00000021461	CYP3A43
7129	ENSG00000146833	TRIM4
7130	ENSG00000176402	GJC3
7131	ENSG00000160862	AZGP1
7132	ENSG00000106261	ZKSCAN1
7133	ENSG00000166529	ZSCAN21
7134	ENSG00000166526	ZNF3
7135	ENSG00000168090	COPS6
7136	ENSG00000166508	MCM7
7137	ENSG00000221838	AP4M1
7138	ENSG00000106290	TAF6
7139	ENSG00000166997	CNPY4
7140	ENSG00000214309	MBLAC1
7141	ENSG00000188186	LAMTOR4
7142	ENSG00000146826	TRAPPC14
7143	ENSG00000197093	GAL3ST4
7144	ENSG00000213420	GPC2
7145	ENSG00000066923	STAG3
7146	ENSG00000213413	PVRIG
7147	ENSG00000214300	SPDYE3
7148	ENSG00000121716	PILRB
7149	ENSG00000085514	PILRA
7150	ENSG00000078487	ZCWPW1
7151	ENSG00000146834	MEPCE
7152	ENSG00000160813	PPP1R35
7153	ENSG00000185955	C7orf61
7154	ENSG00000166925	TSC22D4
7155	ENSG00000166924	NYAP1
7156	ENSG00000106351	AGFG2
7157	ENSG00000205307	SAP25
7158	ENSG00000077454	LRCH4
7159	ENSG00000106336	FBXO24
7160	ENSG00000106333	PCOLCE
7161	ENSG00000106330	MOSPD3
7162	ENSG00000106327	TFR2
7163	ENSG00000077080	ACTL6B
7164	ENSG00000172354	GNB2
7165	ENSG00000146830	GIGYF1
7166	ENSG00000172336	POP7
7167	ENSG00000130427	EPO
7168	ENSG00000146839	ZAN
7169	ENSG00000196411	EPHB4
7170	ENSG00000146828	SLC12A9
7171	ENSG00000087077	TRIP6
7172	ENSG00000087087	SRRT
7173	ENSG00000176125	UFSP1
7174	ENSG00000087085	ACHE
7175	ENSG00000169894	MUC3A
7176	ENSG00000205277	MUC12
7177	ENSG00000169876	MUC17
7178	ENSG00000169871	TRIM56
7179	ENSG00000106366	SERPINE1
7180	ENSG00000106367	AP1S1
7181	ENSG00000128564	VGF
7182	ENSG00000167011	NAT16
7183	ENSG00000106384	MOGAT3
7184	ENSG00000106397	PLOD3
7185	ENSG00000106400	ZNHIT1
7186	ENSG00000106404	CLDN15
7187	ENSG00000214253	FIS1
7188	ENSG00000128581	IFT22
7189	ENSG00000160963	COL26A1
7190	ENSG00000106436	MYL10
7191	ENSG00000257923	CUX1
7192	ENSG00000160999	SH2B2
7193	ENSG00000260097	SPDYE6
7194	ENSG00000128563	PRKRIP1
7195	ENSG00000160991	ORAI2
7196	ENSG00000160993	ALKBH4
7197	ENSG00000161036	LRWD1
7198	ENSG00000005075	POLR2J
7199	ENSG00000170667	RASA4B
7200	ENSG00000205238	SPDYE2
7202	ENSG00000105808	RASA4
7203	ENSG00000267368	UPK3BL1
7204	ENSG00000173678	SPDYE2B
7205	ENSG00000228049	POLR2J2
7206	ENSG00000222011	FAM185A
7207	ENSG00000161040	FBXL13
7208	ENSG00000128606	LRRC17
7209	ENSG00000170632	ARMC10
7210	ENSG00000161048	NAPEPLD
7211	ENSG00000105819	PMPCB
7212	ENSG00000105821	DNAJC2
7213	ENSG00000161057	PSMC2
7214	ENSG00000170615	SLC26A5
7215	ENSG00000189056	RELN
7216	ENSG00000164815	ORC5
7217	ENSG00000187416	LHFPL3
7218	ENSG00000005483	KMT2E
7219	ENSG00000135250	SRPK2
7220	ENSG00000091127	PUS7
7221	ENSG00000135249	RINT1
7222	ENSG00000185055	EFCAB10
7223	ENSG00000146776	ATXN7L1
7224	ENSG00000128536	CDHR3
7225	ENSG00000008282	SYPL1
7226	ENSG00000105835	NAMPT
7227	ENSG00000253276	CCDC71L
7228	ENSG00000105851	PIK3CG
7229	ENSG00000005249	PRKAR2B
7230	ENSG00000105856	HBP1
7231	ENSG00000164597	COG5
7232	ENSG00000172209	GPR22
7233	ENSG00000105865	DUS4L
7235	ENSG00000075790	BCAP29
7236	ENSG00000091137	SLC26A4
7237	ENSG00000105879	CBLL1
7238	ENSG00000091138	SLC26A3
7239	ENSG00000091140	DLD
7240	ENSG00000091136	LAMB1
7241	ENSG00000091128	LAMB4
7242	ENSG00000091129	NRCAM
7243	ENSG00000135241	PNPLA8
7244	ENSG00000177683	THAP5
7245	ENSG00000128590	DNAJB9
7246	ENSG00000184903	IMMP2L
7247	ENSG00000173114	LRRN3
7248	ENSG00000128512	DOCK4
7249	ENSG00000198839	ZNF277
7250	ENSG00000006652	IFRD1
7251	ENSG00000181016	LSMEM1
7252	ENSG00000146802	TMEM168
7253	ENSG00000164603	BMT2
7254	ENSG00000164604	GPR85
7255	ENSG00000214194	SMIM30
7256	ENSG00000154415	PPP1R3A
7257	ENSG00000128573	FOXP2
7258	ENSG00000135272	MDFIC
7259	ENSG00000105967	TFEC
7260	ENSG00000135269	TES
7261	ENSG00000105971	CAV2
7262	ENSG00000105974	CAV1
7263	ENSG00000105976	MET
7264	ENSG00000198898	CAPZA2
7265	ENSG00000004866	ST7
7266	ENSG00000105989	WNT2
7267	ENSG00000001626	CFTR
7268	ENSG00000154438	ASZ1
7269	ENSG00000077063	CTTNBP2
7270	ENSG00000106013	ANKRD7
7271	ENSG00000184408	KCND2
7272	ENSG00000106025	TSPAN12
7273	ENSG00000071243	ING3
7274	ENSG00000106034	CPED1
7275	ENSG00000002745	WNT16
7276	ENSG00000196937	FAM3C
7277	ENSG00000106278	PTPRZ1
7278	ENSG00000008311	AASS
7279	ENSG00000128610	FEZF1
7280	ENSG00000081803	CADPS2
7281	ENSG00000188050	RNF133
7282	ENSG00000235631	RNF148
7283	ENSG00000128519	TAS2R16
7284	ENSG00000081800	SLC13A1
7285	ENSG00000164675	IQUB
7286	ENSG00000128609	NDUFA5
7287	ENSG00000146809	ASB15
7288	ENSG00000170807	LMOD2
7289	ENSG00000106299	WASL
7290	ENSG00000106302	HYAL4
7291	ENSG00000106304	SPAM1
7292	ENSG00000234224	TMEM229A
7293	ENSG00000170775	GPR37
7294	ENSG00000128513	POT1
7295	ENSG00000179603	GRM8
7296	ENSG00000048405	ZNF800
7297	ENSG00000179562	GCC1
7298	ENSG00000004059	ARF5
7299	ENSG00000106328	FSCN3
7300	ENSG00000106331	PAX4
7301	ENSG00000197157	SND1
7302	ENSG00000128594	LRRC4
7303	ENSG00000174697	LEP
7304	ENSG00000224940	PRRT4
7305	ENSG00000106348	IMPDH1
7306	ENSG00000135245	HILPDA
7307	ENSG00000165055	METTL2B
7308	ENSG00000205085	FAM71F2
7309	ENSG00000135248	FAM71F1
7310	ENSG00000128595	CALU
7311	ENSG00000128617	OPN1SW
7312	ENSG00000128596	CCDC136
7313	ENSG00000128591	FLNC
7314	ENSG00000135253	KCP
7315	ENSG00000128524	ATP6V1F
7316	ENSG00000272899	ATP6V1FNB
7317	ENSG00000128604	IRF5
7318	ENSG00000064419	TNPO3
7319	ENSG00000158457	TSPAN33
7320	ENSG00000128602	SMO
7321	ENSG00000158467	AHCYL2
7322	ENSG00000128578	STRIP2
7323	ENSG00000240204	SMKR1
7324	ENSG00000106459	NRF1
7325	ENSG00000186591	UBE2H
7326	ENSG00000091732	ZC3HC1
7327	ENSG00000128607	KLHDC10
7328	ENSG00000146842	TMEM209
7329	ENSG00000165120	SSMEM1
7330	ENSG00000158516	CPA2
7331	ENSG00000128510	CPA4
7332	ENSG00000158525	CPA5
7333	ENSG00000091704	CPA1
7334	ENSG00000106477	CEP41
7335	ENSG00000106484	MEST
7336	ENSG00000158623	COPG2
7337	ENSG00000213265	TSGA13
7338	ENSG00000266265	KLF14
7339	ENSG00000128585	MKLN1
7340	ENSG00000128567	PODXL
7341	ENSG00000221866	PLXNA4
7342	ENSG00000106554	CHCHD3
7343	ENSG00000131558	EXOC4
7344	ENSG00000155530	LRGUK
7345	ENSG00000205060	SLC35B4
7346	ENSG00000085662	AKR1B1
7347	ENSG00000198074	AKR1B10
7348	ENSG00000227471	AKR1B15
7349	ENSG00000172331	BPGM
7350	ENSG00000122786	CALD1
7351	ENSG00000146856	AGBL3
7352	ENSG00000122783	CYREN
7353	ENSG00000146859	TMEM140
7354	ENSG00000105875	WDR91
7355	ENSG00000146857	STRA8
7356	ENSG00000080802	CNOT4
7357	ENSG00000155561	NUP205
7358	ENSG00000243317	STMP1
7359	ENSG00000164707	SLC13A4
7360	ENSG00000189320	FAM180A
7361	ENSG00000105887	MTPN
7362	ENSG00000181072	CHRM2
7363	ENSG00000105894	PTN
7364	ENSG00000182158	CREB3L2
7365	ENSG00000122787	AKR1D1
7366	ENSG00000122779	TRIM24
7367	ENSG00000157703	SVOPL
7368	ENSG00000105929	ATP6V0A4
7369	ENSG00000214128	TMEM213
7370	ENSG00000122778	KIAA1549
7371	ENSG00000146858	ZC3HAV1L
7372	ENSG00000105939	ZC3HAV1
7373	ENSG00000105948	TTC26
7374	ENSG00000164898	FMC1
7375	ENSG00000146963	LUC7L2
7376	ENSG00000188883	KLRG2
7377	ENSG00000236279	CLEC2L
7378	ENSG00000059377	TBXAS1
7379	ENSG00000059378	PARP12
7380	ENSG00000006459	KDM7A
7381	ENSG00000157800	SLC37A3
7382	ENSG00000146955	RAB19
7383	ENSG00000133606	MKRN1
7384	ENSG00000146966	DENND2A
7385	ENSG00000133597	ADCK2
7386	ENSG00000090266	NDUFB2
7387	ENSG00000157764	BRAF
7388	ENSG00000090263	MRPS33
7389	ENSG00000261115	TMEM178B
7390	ENSG00000006530	AGK
7391	ENSG00000257093	DENND11
7392	ENSG00000214102	WEE2
7393	ENSG00000106028	SSBP1
7394	ENSG00000127362	TAS2R3
7395	ENSG00000127364	TAS2R4
7396	ENSG00000127366	TAS2R5
7397	ENSG00000165076	PRSS37
7398	ENSG00000257335	MGAM
7399	ENSG00000258083	OR9A4
7400	ENSG00000258227	CLEC5A
7401	ENSG00000257138	TAS2R38
7402	ENSG00000257743	MGAM2
7403	ENSG00000258223	PRSS58
7404	ENSG00000270672	MTRNR2L6
7405	ENSG00000204983	PRSS1
7406	ENSG00000275896	PRSS2
7407	ENSG00000106123	EPHB6
7408	ENSG00000165125	TRPV6
7409	ENSG00000127412	TRPV5
7410	ENSG00000165131	LLCFC1
7411	ENSG00000197993	KEL
7412	ENSG00000179468	OR9A2
7413	ENSG00000225781	OR6V1
7414	ENSG00000159763	PIP
7415	ENSG00000221937	TAS2R40
7416	ENSG00000197448	GSTK1
7417	ENSG00000178826	TMEM139
7418	ENSG00000106144	CASP2
7419	ENSG00000188037	CLCN1
7420	ENSG00000159784	FAM131B
7421	ENSG00000159840	ZYX
7422	ENSG00000146904	EPHA1
7423	ENSG00000271079	CTAGE15
7424	ENSG00000170379	TCAF2
7425	ENSG00000283528	TCAF2C
7426	ENSG00000271321	CTAGE6
7427	ENSG00000198420	TCAF1
7428	ENSG00000221910	OR2F2
7430	ENSG00000221813	OR6B1
7432	ENSG00000221933	OR2A25
7433	ENSG00000221858	OR2A12
7434	ENSG00000221938	OR2A14
7436	ENSG00000213214	ARHGEF35
7438	ENSG00000243896	OR2A7
7441	ENSG00000050327	ARHGEF5
7442	ENSG00000196511	TPK1
7443	ENSG00000174469	CNTNAP2
7444	ENSG00000170279	C7orf33
7445	ENSG00000055130	CUL1
7446	ENSG00000106462	EZH2
7447	ENSG00000155660	PDIA4
7448	ENSG00000197362	ZNF786
7449	ENSG00000204947	ZNF425
7450	ENSG00000197024	ZNF398
7451	ENSG00000170265	ZNF282
7452	ENSG00000170260	ZNF212
7453	ENSG00000204946	ZNF783
7454	ENSG00000196453	ZNF777
7455	ENSG00000181220	ZNF746
7456	ENSG00000133619	KRBA1
7457	ENSG00000181444	ZNF467
7458	ENSG00000106479	ZNF862
7459	ENSG00000171130	ATP6V0E2
7460	ENSG00000106526	ACTR3C
7461	ENSG00000188707	ZBED6CL
7462	ENSG00000127399	LRRC61
7463	ENSG00000106538	RARRES2
7464	ENSG00000214022	REPIN1
7465	ENSG00000196456	ZNF775
7466	ENSG00000171115	GIMAP8
7467	ENSG00000179144	GIMAP7
7468	ENSG00000133574	GIMAP4
7469	ENSG00000133561	GIMAP6
7470	ENSG00000106560	GIMAP2
7471	ENSG00000213203	GIMAP1
7472	ENSG00000196329	GIMAP5
7473	ENSG00000106565	TMEM176B
7474	ENSG00000002933	TMEM176A
7475	ENSG00000002726	AOC1
7476	ENSG00000055118	KCNH2
7477	ENSG00000164867	NOS3
7478	ENSG00000181652	ATG9B
7479	ENSG00000197150	ABCB8
7480	ENSG00000213199	ASIC3
7481	ENSG00000164885	CDK5
7482	ENSG00000164889	SLC4A2
7483	ENSG00000164896	FASTK
7484	ENSG00000164897	TMUB1
7485	ENSG00000133612	AGAP3
7486	ENSG00000164900	GBX1
7487	ENSG00000146926	ASB10
7488	ENSG00000278685	IQCA1L
7490	ENSG00000033050	ABCF2
7491	ENSG00000033100	CHPF2
7492	ENSG00000082014	SMARCD3
7493	ENSG00000013374	NUB1
7494	ENSG00000187260	WDR86
7495	ENSG00000127377	CRYGN
7496	ENSG00000106615	RHEB
7497	ENSG00000106617	PRKAG2
7498	ENSG00000106648	GALNTL5
7499	ENSG00000178234	GALNT11
7500	ENSG00000055609	KMT2C
7501	ENSG00000196584	XRCC2
7502	ENSG00000133627	ACTR3B
7503	ENSG00000130226	DPP6
7504	ENSG00000157212	PAXIP1
7505	ENSG00000157219	HTR5A
7506	ENSG00000186480	INSIG1
7507	ENSG00000164778	EN2
7508	ENSG00000146910	CNPY1
7509	ENSG00000184863	RBM33
7510	ENSG00000164690	SHH
7511	ENSG00000105982	RNF32
7512	ENSG00000105983	LMBR1
7513	ENSG00000146909	NOM1
7514	ENSG00000130675	MNX1
7515	ENSG00000009335	UBE3C
7516	ENSG00000105993	DNAJB6
7517	ENSG00000155093	PTPRN2
7518	ENSG00000146918	NCAPG2
7519	ENSG00000117868	ESYT2
7520	ENSG00000126870	DYNC2I1
7521	ENSG00000106018	VIPR2
7522	ENSG00000172748	ZNF596
7523	ENSG00000147364	FBXO25
7524	ENSG00000180190	TDRP
7525	ENSG00000104714	ERICH1
7526	ENSG00000198010	DLGAP2
7527	ENSG00000182372	CLN8
7528	ENSG00000104728	ARHGEF10
7529	ENSG00000176595	KBTBD11
7530	ENSG00000036448	MYOM2
7531	ENSG00000183117	CSMD1
7532	ENSG00000147316	MCPH1
7533	ENSG00000091879	ANGPT2
7534	ENSG00000155189	AGPAT5
7535	ENSG00000275591	XKR5
7536	ENSG00000164825	DEFB1
7537	ENSG00000164822	DEFA6
7538	ENSG00000164821	DEFA4
7539	ENSG00000206047	DEFA1
7540	ENSG00000240247	DEFA1B
7541	ENSG00000239839	DEFA3
7542	ENSG00000164816	DEFA5
7543	ENSG00000215372	ZNF705G
7544	ENSG00000177257	DEFB4B
7545	ENSG00000177243	DEFB103B
7546	ENSG00000164871	SPAG11B
7547	ENSG00000177023	DEFB104B
7548	ENSG00000187082	DEFB106B
7549	ENSG00000186599	DEFB105B
7550	ENSG00000198129	DEFB107B
7551	ENSG00000255251	PRR23D1
7552	ENSG00000255378	PRR23D2
7553	ENSG00000186572	DEFB107A
7554	ENSG00000186562	DEFB105A
7556	ENSG00000176782	DEFB104A
7557	ENSG00000178287	SPAG11A
7558	ENSG00000176797	DEFB103A
7559	ENSG00000171711	DEFB4A
7560	ENSG00000215356	ZNF705B
7561	ENSG00000275342	PRAG1
7562	ENSG00000253958	CLDN23
7563	ENSG00000147324	MFHAS1
7564	ENSG00000104626	ERI1
7565	ENSG00000173281	PPP1R3B
7566	ENSG00000173273	TNKS
7567	ENSG00000175806	MSRA
7568	ENSG00000253649	PRSS51
7569	ENSG00000184647	PRSS55
7570	ENSG00000183638	RP1L1
7571	ENSG00000171060	C8orf74
7572	ENSG00000171056	SOX7
7573	ENSG00000254093	PINX1
7574	ENSG00000171044	XKR6
7575	ENSG00000104643	MTMR9
7576	ENSG00000177710	SLC35G5
7577	ENSG00000154319	FAM167A
7578	ENSG00000136573	BLK
7579	ENSG00000136574	GATA4
7580	ENSG00000154328	NEIL2
7581	ENSG00000079459	FDFT1
7582	ENSG00000164733	CTSB
7583	ENSG00000205882	DEFB134
7584	ENSG00000215343	ZNF705D
7585	ENSG00000223443	USP17L2
7586	ENSG00000186523	FAM86B1
7587	ENSG00000145002	FAM86B2
7588	ENSG00000154359	LONRF1
7589	ENSG00000250305	TRMT9B
7590	ENSG00000164741	DLC1
7591	ENSG00000164743	C8orf48
7592	ENSG00000185053	SGCZ
7593	ENSG00000104723	TUSC3
7594	ENSG00000038945	MSR1
7595	ENSG00000078579	FGF20
7596	ENSG00000155970	MICU3
7597	ENSG00000104219	ZDHHC2
7598	ENSG00000198791	CNOT7
7599	ENSG00000155975	VPS37A
7600	ENSG00000003987	MTMR7
7601	ENSG00000003989	SLC7A2
7602	ENSG00000104213	PDGFRL
7603	ENSG00000129422	MTUS1
7604	ENSG00000104760	FGL1
7605	ENSG00000078674	PCM1
7606	ENSG00000104763	ASAH1
7607	ENSG00000171428	NAT1
7608	ENSG00000156006	NAT2
7609	ENSG00000156011	PSD3
7610	ENSG00000104611	SH2D4A
7611	ENSG00000147408	CSGALNACT1
7612	ENSG00000104613	INTS10
7613	ENSG00000175445	LPL
7614	ENSG00000036565	SLC18A1
7615	ENSG00000147416	ATP6V1B2
7616	ENSG00000061337	LZTS1
7617	ENSG00000168546	GFRA2
7618	ENSG00000147443	DOK2
7619	ENSG00000130227	XPO7
7620	ENSG00000158806	NPM2
7621	ENSG00000158815	FGF17
7622	ENSG00000158856	DMTN
7623	ENSG00000158863	FHIP2B
7624	ENSG00000275074	NUDT18
7625	ENSG00000168453	HR
7626	ENSG00000168476	REEP4
7627	ENSG00000168481	LGI3
7628	ENSG00000168484	SFTPC
7629	ENSG00000168487	BMP1
7630	ENSG00000168490	PHYHIP
7631	ENSG00000168495	POLR3D
7632	ENSG00000197181	PIWIL2
7633	ENSG00000104635	SLC39A14
7634	ENSG00000120910	PPP3CC
7635	ENSG00000120896	SORBS3
7636	ENSG00000120913	PDLIM2
7637	ENSG00000241852	C8orf58
7638	ENSG00000158941	CCAR2
7639	ENSG00000147439	BIN3
7640	ENSG00000179388	EGR3
7641	ENSG00000134020	PEBP4
7642	ENSG00000008853	RHOBTB2
7643	ENSG00000120889	TNFRSF10B
7644	ENSG00000173535	TNFRSF10C
7645	ENSG00000173530	TNFRSF10D
7646	ENSG00000104689	TNFRSF10A
7647	ENSG00000147457	CHMP7
7648	ENSG00000104679	R3HCC1
7649	ENSG00000134013	LOXL2
7650	ENSG00000197217	ENTPD4
7651	ENSG00000147454	SLC25A37
7652	ENSG00000167034	NKX3-1
7653	ENSG00000180053	NKX2-6
7654	ENSG00000159167	STC1
7655	ENSG00000042980	ADAM28
7656	ENSG00000134028	ADAMDEC1
7657	ENSG00000069206	ADAM7
7658	ENSG00000104722	NEFM
7659	ENSG00000277586	NEFL
7660	ENSG00000147459	DOCK5
7661	ENSG00000147437	GNRH1
7662	ENSG00000104756	KCTD9
7663	ENSG00000184661	CDCA2
7664	ENSG00000221818	EBF2
7665	ENSG00000221914	PPP2R2A
7666	ENSG00000104765	BNIP3L
7667	ENSG00000240694	PNMA2
7668	ENSG00000092964	DPYSL2
7669	ENSG00000120907	ADRA1A
7670	ENSG00000015592	STMN4
7671	ENSG00000104228	TRIM35
7672	ENSG00000120899	PTK2B
7673	ENSG00000120903	CHRNA2
7674	ENSG00000120915	EPHX2
7675	ENSG00000120885	CLU
7676	ENSG00000168077	SCARA3
7677	ENSG00000147419	CCDC25
7678	ENSG00000171320	ESCO2
7679	ENSG00000168078	PBK
7680	ENSG00000168079	SCARA5
7681	ENSG00000189233	NUGGC
7682	ENSG00000134014	ELP3
7683	ENSG00000168081	PNOC
7684	ENSG00000186918	ZNF395
7685	ENSG00000214050	FBXO16
7686	ENSG00000012232	EXTL3
7687	ENSG00000104299	INTS9
7688	ENSG00000147421	HMBOX1
7689	ENSG00000197892	KIF13B
7690	ENSG00000120875	DUSP4
7691	ENSG00000133872	SARAF
7692	ENSG00000104660	LEPROTL1
7693	ENSG00000177669	MBOAT4
7694	ENSG00000104671	DCTN6
7695	ENSG00000157110	RBPMS
7696	ENSG00000197265	GTF2E2
7697	ENSG00000253457	SMIM18
7698	ENSG00000104687	GSR
7699	ENSG00000104691	UBXN8
7700	ENSG00000104695	PPP2CB
7701	ENSG00000133863	TEX15
7702	ENSG00000172733	PURG
7703	ENSG00000165392	WRN
7704	ENSG00000157168	NRG1
7705	ENSG00000172728	FUT10
7706	ENSG00000129696	TTI2
7707	ENSG00000198042	MAK16
7708	ENSG00000133874	RNF122
7709	ENSG00000133878	DUSP26
7710	ENSG00000156687	UNC5D
7711	ENSG00000215262	KCNU1
7712	ENSG00000183779	ZNF703
7713	ENSG00000147475	ERLIN2
7714	ENSG00000147471	PLPBP
7715	ENSG00000020181	ADGRA2
7716	ENSG00000104221	BRF2
7717	ENSG00000156675	RAB11FIP1
7718	ENSG00000169154	GOT1L1
7719	ENSG00000188778	ADRB3
7720	ENSG00000187840	EIF4EBP1
7721	ENSG00000129691	ASH2L
7722	ENSG00000147465	STAR
7723	ENSG00000175324	LSM1
7724	ENSG00000156735	BAG4
7725	ENSG00000085788	DDHD2
7726	ENSG00000147535	PLPP5
7727	ENSG00000147548	NSD3
7728	ENSG00000165046	LETM2
7729	ENSG00000077782	FGFR1
7730	ENSG00000147526	TACC1
7731	ENSG00000169499	PLEKHA2
7732	ENSG00000169495	HTRA4
7733	ENSG00000169490	TM2D2
7734	ENSG00000168615	ADAM9
7735	ENSG00000197140	ADAM32
7736	ENSG00000168619	ADAM18
7737	ENSG00000104755	ADAM2
7738	ENSG00000131203	IDO1
7739	ENSG00000188676	IDO2
7740	ENSG00000176907	TCIM
7741	ENSG00000165061	ZMAT4
7742	ENSG00000104332	SFRP1
7743	ENSG00000147533	GOLGA7
7744	ENSG00000147536	GINS4
7745	ENSG00000158669	GPAT4
7746	ENSG00000165066	NKX6-3
7747	ENSG00000029534	ANK1
7748	ENSG00000083168	KAT6A
7749	ENSG00000070718	AP3M2
7750	ENSG00000104368	PLAT
7751	ENSG00000104365	IKBKB
7752	ENSG00000070501	POLB
7753	ENSG00000104371	DKK4
7754	ENSG00000078668	VDAC3
7755	ENSG00000168575	SLC20A2
7756	ENSG00000176209	SMIM19
7757	ENSG00000147432	CHRNB3
7758	ENSG00000147434	CHRNA6
7759	ENSG00000131931	THAP1
7760	ENSG00000120925	RNF170
7761	ENSG00000168522	FNTA
7762	ENSG00000185900	POMK
7763	ENSG00000165102	HGSNAT
7764	ENSG00000164808	SPIDR
7765	ENSG00000221869	CEBPD
7766	ENSG00000253729	PRKDC
7767	ENSG00000104738	MCM4
7768	ENSG00000169139	UBE2V2
7769	ENSG00000034239	EFCAB1
7770	ENSG00000019549	SNAI2
7771	ENSG00000168333	PPDPFL
7772	ENSG00000147481	SNTG1
7773	ENSG00000147485	PXDNL
7774	ENSG00000168300	PCMTD1
7775	ENSG00000147488	ST18
7776	ENSG00000196711	ALKAL1
7777	ENSG00000023287	RB1CC1
7779	ENSG00000082556	OPRK1
7780	ENSG00000047249	ATP6V1H
7781	ENSG00000147509	RGS20
7782	ENSG00000187735	TCEA1
7783	ENSG00000120992	LYPLA1
7784	ENSG00000137547	MRPL15
7785	ENSG00000164736	SOX17
7786	ENSG00000104237	RP1
7787	ENSG00000167904	TMEM68
7788	ENSG00000137574	TGS1
7789	ENSG00000254087	LYN
7790	ENSG00000008988	RPS20
7791	ENSG00000181690	PLAG1
7792	ENSG00000170791	CHCHD7
7793	ENSG00000170786	SDR16C5
7794	ENSG00000181195	PENK
7795	ENSG00000104331	BPNT2
7796	ENSG00000169122	FAM110B
7797	ENSG00000215114	UBXN2B
7798	ENSG00000167910	CYP7A1
7799	ENSG00000137575	SDCBP
7800	ENSG00000035681	NSMAF
7801	ENSG00000198846	TOX
7802	ENSG00000178538	CA8
7803	ENSG00000104388	RAB2A
7804	ENSG00000171316	CHD7
7805	ENSG00000177182	CLVS1
7806	ENSG00000198363	ASPH
7807	ENSG00000137563	GGH
7808	ENSG00000137561	TTPA
7809	ENSG00000185728	YTHDF3
7810	ENSG00000180828	BHLHE22
7811	ENSG00000172817	CYP7B1
7812	ENSG00000104442	ARMC1
7813	ENSG00000066855	MTFR1
7814	ENSG00000205268	PDE7A
7815	ENSG00000147570	DNAJC5B
7816	ENSG00000147573	TRIM55
7817	ENSG00000147571	CRH
7818	ENSG00000179041	RRS1
7819	ENSG00000147576	ADHFE1
7820	ENSG00000169085	VXN
7821	ENSG00000185697	MYBL1
7822	ENSG00000175073	VCPIP1
7823	ENSG00000104205	SGK3
7824	ENSG00000178460	MCMDC2
7825	ENSG00000261787	TCF24
7826	ENSG00000178125	PPP1R42
7827	ENSG00000121022	COPS5
7828	ENSG00000104218	CSPP1
7829	ENSG00000066777	ARFGEF1
7830	ENSG00000165078	CPA6
7831	ENSG00000046889	PREX2
7832	ENSG00000165084	C8orf34
7833	ENSG00000137573	SULF1
7834	ENSG00000137571	SLCO5A1
7835	ENSG00000147596	PRDM14
7836	ENSG00000140396	NCOA2
7837	ENSG00000067167	TRAM1
7838	ENSG00000147592	LACTB2
7839	ENSG00000221947	XKR9
7840	ENSG00000104313	EYA1
7841	ENSG00000178860	MSC
7842	ENSG00000104321	TRPA1
7843	ENSG00000182674	KCNB2
7844	ENSG00000147601	TERF1
7845	ENSG00000164764	SBSPON
7846	ENSG00000274443	C8orf89
7847	ENSG00000147604	RPL7
7848	ENSG00000121039	RDH10
7849	ENSG00000040341	STAU2
7850	ENSG00000104343	UBE2W
7851	ENSG00000154582	ELOC
7852	ENSG00000175606	TMEM70
7853	ENSG00000154589	LY96
7854	ENSG00000104369	JPH1
7855	ENSG00000104381	GDAP1
7856	ENSG00000137558	PI15
7857	ENSG00000121005	CRISPLD1
7858	ENSG00000164749	HNF4G
7859	ENSG00000091656	ZFHX4
7860	ENSG00000164751	PEX2
7861	ENSG00000171033	PKIA
7862	ENSG00000104427	ZC2HC1A
7863	ENSG00000104432	IL7
7864	ENSG00000104435	STMN2
7865	ENSG00000164683	HEY1
7866	ENSG00000147586	MRPS28
7867	ENSG00000076554	TPD52
7868	ENSG00000205189	ZBTB10
7869	ENSG00000076641	PAG1
7870	ENSG00000164687	FABP5
7871	ENSG00000147588	PMP2
7872	ENSG00000205186	FABP9
7873	ENSG00000170323	FABP4
7874	ENSG00000197416	FABP12
7875	ENSG00000133731	IMPA1
7876	ENSG00000253598	SLC10A5
7877	ENSG00000104231	ZFAND1
7878	ENSG00000164695	CHMP4C
7879	ENSG00000104497	SNX16
7880	ENSG00000184672	RALYL
7881	ENSG00000133739	LRRCC1
7882	ENSG00000133740	E2F5
7883	ENSG00000176731	RBIS
7884	ENSG00000185015	CA13
7885	ENSG00000133742	CA1
7886	ENSG00000164879	CA3
7887	ENSG00000104267	CA2
7888	ENSG00000147614	ATP6V0D2
7889	ENSG00000147613	PSKH2
7890	ENSG00000164893	SLC7A13
7891	ENSG00000123124	WWP1
7892	ENSG00000176623	RMDN1
7893	ENSG00000085719	CPNE3
7894	ENSG00000170289	CNGB3
7895	ENSG00000176571	CNBD1
7896	ENSG00000176566	DCAF4L2
7897	ENSG00000156103	MMP16
7898	ENSG00000104312	RIPK2
7899	ENSG00000164823	OSGIN2
7900	ENSG00000104320	NBN
7901	ENSG00000104325	DECR1
7902	ENSG00000104327	CALB1
7903	ENSG00000180694	TMEM64
7904	ENSG00000123119	NECAB1
7905	ENSG00000253250	C8orf88
7906	ENSG00000155099	PIP4P2
7907	ENSG00000155100	OTUD6B
7908	ENSG00000214954	LRRC69
7909	ENSG00000147606	SLC26A7
7910	ENSG00000079102	RUNX1T1
7911	ENSG00000205133	TRIQK
7912	ENSG00000188343	CIBAR1
7913	ENSG00000183808	RBM12B
7914	ENSG00000164953	TMEM67
7915	ENSG00000164951	PDP1
7916	ENSG00000079112	CDH17
7917	ENSG00000164949	GEM
7918	ENSG00000197275	RAD54B
7919	ENSG00000265817	FSBP
7920	ENSG00000164944	VIRMA
7921	ENSG00000104413	ESRP1
7922	ENSG00000156162	DPY19L4
7923	ENSG00000164941	INTS8
7924	ENSG00000175305	CCNE2
7925	ENSG00000156170	NDUFAF6
7926	ENSG00000164938	TP53INP1
7927	ENSG00000175895	PLEKHF2
7928	ENSG00000156172	CFAP418
7929	ENSG00000156466	GDF6
7930	ENSG00000156467	UQCRB
7931	ENSG00000156469	MTERF3
7932	ENSG00000156471	PTDSS1
7933	ENSG00000169439	SDC2
7934	ENSG00000104324	CPQ
7935	ENSG00000180543	TSPYL5
7936	ENSG00000147649	MTDH
7937	ENSG00000104341	LAPTM4B
7938	ENSG00000132561	MATN2
7939	ENSG00000156482	RPL30
7940	ENSG00000177459	ERICH5
7941	ENSG00000132541	RIDA
7942	ENSG00000104356	POP1
7943	ENSG00000104361	NIPAL2
7944	ENSG00000104375	STK3
7945	ENSG00000156486	KCNS2
7946	ENSG00000164920	OSR2
7947	ENSG00000132549	VPS13B
7948	ENSG00000164919	COX6C
7949	ENSG00000132554	RGS22
7950	ENSG00000156509	FBXO43
7951	ENSG00000147669	POLR2K
7952	ENSG00000104450	SPAG1
7953	ENSG00000034677	RNF19A
7954	ENSG00000186106	ANKRD46
7955	ENSG00000174226	SNX31
7956	ENSG00000070756	PABPC1
7957	ENSG00000164924	YWHAZ
7958	ENSG00000120963	ZNF706
7959	ENSG00000083307	GRHL2
7960	ENSG00000104490	NCALD
7961	ENSG00000048392	RRM2B
7962	ENSG00000104517	UBR5
7963	ENSG00000155087	ODF1
7964	ENSG00000155090	KLF10
7965	ENSG00000155096	AZIN1
7966	ENSG00000155097	ATP6V1C1
7967	ENSG00000164929	BAALC
7968	ENSG00000164930	FZD6
7969	ENSG00000164932	CTHRC1
7970	ENSG00000164933	SLC25A32
7971	ENSG00000164934	DCAF13
7972	ENSG00000176406	RIMS2
7973	ENSG00000147647	DPYS
7974	ENSG00000164935	DCSTAMP
7975	ENSG00000147650	LRP12
7976	ENSG00000169946	ZFPM2
7977	ENSG00000164830	OXR1
7978	ENSG00000174429	ABRA
7979	ENSG00000154188	ANGPT1
7980	ENSG00000147655	RSPO2
7981	ENSG00000104408	EIF3E
7982	ENSG00000104412	EMC2
7983	ENSG00000164841	TMEM74
7984	ENSG00000174417	TRHR
7985	ENSG00000120526	NUDCD1
7986	ENSG00000120533	ENY2
7987	ENSG00000205038	PKHD1L1
7988	ENSG00000147654	EBAG9
7989	ENSG00000147642	SYBU
7990	ENSG00000164794	KCNV1
7991	ENSG00000164796	CSMD3
7992	ENSG00000104447	TRPS1
7993	ENSG00000147677	EIF3H
7994	ENSG00000147679	UTP23
7995	ENSG00000164754	RAD21
7996	ENSG00000205002	AARD
7997	ENSG00000164756	SLC30A8
7998	ENSG00000164758	MED30
7999	ENSG00000182197	EXT1
8000	ENSG00000177570	SAMD12
8001	ENSG00000164761	TNFRSF11B
8002	ENSG00000184374	COLEC10
8003	ENSG00000147676	MAL2
8004	ENSG00000136999	CCN3
8005	ENSG00000136960	ENPP2
8006	ENSG00000064313	TAF2
8007	ENSG00000136982	DSCC1
8008	ENSG00000155792	DEPTOR
8009	ENSG00000187955	COL14A1
8010	ENSG00000172172	MRPL13
8011	ENSG00000172167	MTBP
8012	ENSG00000172164	SNTB1
8013	ENSG00000170961	HAS2
8014	ENSG00000178764	ZHX2
8015	ENSG00000136986	DERL1
8016	ENSG00000156787	TBC1D31
8017	ENSG00000147689	FAM83A
8018	ENSG00000189376	C8orf76
8019	ENSG00000165156	ZHX1
8020	ENSG00000156802	ATAD2
8021	ENSG00000156795	NTAQ1
8022	ENSG00000156804	FBXO32
8023	ENSG00000175946	KLHL38
8024	ENSG00000104537	ANXA13
8025	ENSG00000176853	FAM91A1
8026	ENSG00000214814	FER1L6
8027	ENSG00000164983	TMEM65
8028	ENSG00000183665	TRMT12
8029	ENSG00000170881	RNF139
8030	ENSG00000147687	TATDN1
8031	ENSG00000147684	NDUFB9
8032	ENSG00000170873	MTSS1
8033	ENSG00000180938	ZNF572
8034	ENSG00000104549	SQLE
8035	ENSG00000164961	WASHC5
8036	ENSG00000156831	NSMCE2
8037	ENSG00000173334	TRIB1
8038	ENSG00000168672	LRATD2
8039	ENSG00000212993	POU5F1B
8040	ENSG00000136997	MYC
8041	ENSG00000147697	GSDMC
8042	ENSG00000153310	CYRIB
8043	ENSG00000153317	ASAP1
8044	ENSG00000155897	ADCY8
8045	ENSG00000132294	EFR3A
8046	ENSG00000253117	OC90
8047	ENSG00000132297	HHLA1
8048	ENSG00000184156	KCNQ3
8049	ENSG00000129295	DNAAF11
8050	ENSG00000165071	TMEM71
8051	ENSG00000129292	PHF20L1
8052	ENSG00000042832	TG
8053	ENSG00000155926	SLA
8054	ENSG00000104415	CCN4
8055	ENSG00000104419	NDRG1
8056	ENSG00000008513	ST3GAL1
8057	ENSG00000066827	ZFAT
8058	ENSG00000131773	KHDRBS3
8059	ENSG00000147724	FAM135B
8060	ENSG00000169436	COL22A1
8061	ENSG00000169427	KCNK9
8062	ENSG00000167632	TRAPPC9
8063	ENSG00000104472	CHRAC1
8064	ENSG00000169398	PTK2
8065	ENSG00000105339	DENND3
8066	ENSG00000022567	SLC45A4
8067	ENSG00000204882	GPR20
8068	ENSG00000184489	PTP4A3
8069	ENSG00000171045	TSNARE1
8070	ENSG00000181790	ADGRB1
8071	ENSG00000198576	ARC
8072	ENSG00000234616	JRK
8073	ENSG00000167653	PSCA
8074	ENSG00000160886	LY6K
8075	ENSG00000130193	THEM6
8076	ENSG00000126233	SLURP1
8077	ENSG00000197353	LYPD2
8078	ENSG00000283992	SLURP2
8079	ENSG00000180155	LYNX1
8080	ENSG00000167656	LY6D
8081	ENSG00000104499	GML
8082	ENSG00000160882	CYP11B1
8083	ENSG00000179142	CYP11B2
8084	ENSG00000160932	LY6E
8085	ENSG00000261667	LY6L
8086	ENSG00000176956	LY6H
8087	ENSG00000277494	GPIHBP1
8088	ENSG00000181638	ZFP41
8089	ENSG00000250571	GLI4
8090	ENSG00000185730	ZNF696
8091	ENSG00000184428	TOP1MT
8092	ENSG00000158106	RHPN1
8093	ENSG00000182759	MAFA
8094	ENSG00000014164	ZC3H3
8095	ENSG00000104518	GSDMD
8096	ENSG00000204839	MROH6
8097	ENSG00000147813	NAPRT
8098	ENSG00000104529	EEF1D
8100	ENSG00000104524	PYCR3
8101	ENSG00000104522	GFUS
8102	ENSG00000183309	ZNF623
8103	ENSG00000181135	ZNF707
8104	ENSG00000181085	MAPK15
8105	ENSG00000180921	FAM83H
8106	ENSG00000203499	IQANK1
8107	ENSG00000180900	SCRIB
8108	ENSG00000179950	PUF60
8109	ENSG00000185189	NRBP2
8110	ENSG00000261150	EPPK1
8111	ENSG00000178209	PLEC
8112	ENSG00000178685	PARP10
8113	ENSG00000178719	GRINA
8114	ENSG00000186583	SPATC1
8115	ENSG00000178814	OPLAH
8116	ENSG00000178896	EXOSC4
8117	ENSG00000197858	GPAA1
8118	ENSG00000179091	CYC1
8119	ENSG00000179526	SHARPIN
8120	ENSG00000179632	MAF1
8121	ENSG00000179698	WDR97
8122	ENSG00000235173	HGH1
8123	ENSG00000179832	MROH1
8124	ENSG00000261236	BOP1
8125	ENSG00000260428	SCX
8126	ENSG00000185122	HSF1
8127	ENSG00000185000	DGAT1
8128	ENSG00000261678	SCRT1
8129	ENSG00000185803	SLC52A2
8130	ENSG00000261587	TMEM249
8131	ENSG00000182325	FBXL6
8132	ENSG00000173137	ADCK5
8133	ENSG00000071894	CPSF1
8134	ENSG00000147804	SLC39A4
8135	ENSG00000160948	VPS28
8136	ENSG00000160949	TONSL
8137	ENSG00000187954	CYHR1
8138	ENSG00000167702	KIFC2
8139	ENSG00000160973	FOXH1
8140	ENSG00000160972	PPP1R16A
8141	ENSG00000167701	GPT
8142	ENSG00000167700	MFSD3
8143	ENSG00000160957	RECQL4
8144	ENSG00000160959	LRRC14
8145	ENSG00000213563	C8orf82
8146	ENSG00000147799	ARHGAP39
8147	ENSG00000198169	ZNF251
8148	ENSG00000196378	ZNF34
8149	ENSG00000161016	RPL8
8150	ENSG00000197363	ZNF517
8151	ENSG00000147789	ZNF7
8152	ENSG00000170619	COMMD5
8153	ENSG00000196150	ZNF250
8154	ENSG00000170631	ZNF16
8155	ENSG00000182307	C8orf33
8156	ENSG00000181404	WASHC1
8157	ENSG00000170122	FOXD4
8158	ENSG00000172785	CBWD1
8159	ENSG00000107099	DOCK8
8160	ENSG00000107104	KANK1
8161	ENSG00000137090	DMRT1
8162	ENSG00000064218	DMRT3
8163	ENSG00000173253	DMRT2
8164	ENSG00000080503	SMARCA2
8165	ENSG00000147852	VLDLR
8166	ENSG00000168263	KCNV2
8167	ENSG00000080608	PUM3
8168	ENSG00000080298	RFX3
8169	ENSG00000107249	GLIS3
8170	ENSG00000106688	SLC1A1
8171	ENSG00000106686	SPATA6L
8172	ENSG00000205808	PLPP6
8173	ENSG00000106993	CDC37L1
8174	ENSG00000147853	AK3
8175	ENSG00000120158	RCL1
8176	ENSG00000096968	JAK2
8177	ENSG00000120210	INSL6
8178	ENSG00000120211	INSL4
8179	ENSG00000107014	RLN2
8180	ENSG00000107018	RLN1
8181	ENSG00000107020	PLGRKT
8182	ENSG00000120217	CD274
8183	ENSG00000197646	PDCD1LG2
8184	ENSG00000107036	RIC1
8185	ENSG00000099219	ERMP1
8186	ENSG00000183354	KIAA2026
8187	ENSG00000120215	MLANA
8188	ENSG00000137040	RANBP6
8189	ENSG00000137033	IL33
8190	ENSG00000170777	TPD52L3
8191	ENSG00000147854	UHRF2
8192	ENSG00000178445	GLDC
8193	ENSG00000107077	KDM4C
8194	ENSG00000137038	DMAC1
8195	ENSG00000153707	PTPRD
8196	ENSG00000107165	TYRP1
8197	ENSG00000153714	LURAP1L
8198	ENSG00000107186	MPDZ
8199	ENSG00000147862	NFIB
8200	ENSG00000175893	ZDHHC21
8201	ENSG00000147869	CER1
8202	ENSG00000164946	FREM1
8203	ENSG00000155158	TTC39B
8204	ENSG00000164975	SNAPC3
8205	ENSG00000164985	PSIP1
8206	ENSG00000164989	CCDC171
8207	ENSG00000173068	BNC2
8208	ENSG00000044459	CNTLN
8209	ENSG00000107295	SH3GL2
8210	ENSG00000178031	ADAMTSL1
8211	ENSG00000155875	SAXO1
8212	ENSG00000155876	RRAGA
8213	ENSG00000147874	HAUS6
8214	ENSG00000147872	PLIN2
8215	ENSG00000137145	DENND4C
8216	ENSG00000137154	RPS6
8217	ENSG00000177076	ACER2
8218	ENSG00000155886	SLC24A2
8219	ENSG00000171843	MLLT3
8220	ENSG00000188352	FOCAD
8221	ENSG00000188921	HACD4
8222	ENSG00000171855	IFNB1
8223	ENSG00000177047	IFNW1
8224	ENSG00000137080	IFNA21
8225	ENSG00000236637	IFNA4
8226	ENSG00000214042	IFNA7
8227	ENSG00000186803	IFNA10
8228	ENSG00000147885	IFNA16
8229	ENSG00000234829	IFNA17
8230	ENSG00000228083	IFNA14
8231	ENSG00000147873	IFNA5
8232	ENSG00000198642	KLHL9
8233	ENSG00000120235	IFNA6
8234	ENSG00000188379	IFNA2
8235	ENSG00000120242	IFNA8
8236	ENSG00000197919	IFNA1
8237	ENSG00000184995	IFNE
8238	ENSG00000099810	MTAP
8239	ENSG00000147889	CDKN2A
8240	ENSG00000147883	CDKN2B
8241	ENSG00000176399	DMRTA1
8242	ENSG00000107105	ELAVL2
8243	ENSG00000205442	IZUMO3
8244	ENSG00000198680	TUSC1
8245	ENSG00000120159	CAAP1
8246	ENSG00000137055	PLAA
8247	ENSG00000096872	IFT74
8248	ENSG00000184434	LRRC19
8249	ENSG00000120156	TEK
8250	ENSG00000120160	EQTN
8251	ENSG00000120162	MOB3B
8252	ENSG00000147896	IFNK
8253	ENSG00000147894	C9orf72
8254	ENSG00000174482	LINGO2
8255	ENSG00000122729	ACO1
8256	ENSG00000107201	DDX58
8257	ENSG00000197579	TOPORS
8258	ENSG00000235453	SMIM27
8259	ENSG00000165264	NDUFB6
8260	ENSG00000122728	TAF1L
8261	ENSG00000188133	TMEM215
8262	ENSG00000137074	APTX
8263	ENSG00000086061	DNAJA1
8264	ENSG00000122692	SMU1
8265	ENSG00000086062	B4GALT1
8266	ENSG00000122711	SPINK4
8267	ENSG00000107262	BAG1
8268	ENSG00000086065	CHMP5
8269	ENSG00000086102	NFX1
8270	ENSG00000165269	AQP7
8271	ENSG00000165272	AQP3
8272	ENSG00000165271	NOL6
8273	ENSG00000230453	ANKRD18B
8274	ENSG00000010438	PRSS3
8275	ENSG00000107341	UBE2R2
8276	ENSG00000137073	UBAP2
8277	ENSG00000198876	DCAF12
8278	ENSG00000165006	UBAP1
8279	ENSG00000186638	KIF24
8280	ENSG00000164978	NUDT2
8281	ENSG00000164976	MYORG
8282	ENSG00000164972	C9orf24
8283	ENSG00000164970	FAM219A
8284	ENSG00000122735	DNAI1
8285	ENSG00000168913	ENHO
8286	ENSG00000122756	CNTFR
8287	ENSG00000164967	RPP25L
8288	ENSG00000137100	DCTN3
8289	ENSG00000205143	ARID3C
8290	ENSG00000147955	SIGMAR1
8291	ENSG00000213930	GALT
8292	ENSG00000137070	IL11RA
8293	ENSG00000213927	CCL27
8294	ENSG00000172724	CCL19
8295	ENSG00000137077	CCL21
8296	ENSG00000205108	FAM205A
8297	ENSG00000187791	FAM205C
8298	ENSG00000122733	PHF24
8299	ENSG00000137094	DNAJB5
8300	ENSG00000174038	C9orf131
8301	ENSG00000165280	VCP
8302	ENSG00000221829	FANCG
8303	ENSG00000165282	PIGO
8304	ENSG00000165283	STOML2
8305	ENSG00000005238	FAM214B
8306	ENSG00000198722	UNC13B
8307	ENSG00000198853	RUSC2
8308	ENSG00000215187	FAM166B
8309	ENSG00000107140	TESK1
8310	ENSG00000137101	CD72
8311	ENSG00000137078	SIT1
8312	ENSG00000159884	CCDC107
8313	ENSG00000137135	ARHGEF39
8314	ENSG00000107159	CA9
8315	ENSG00000198467	TPM2
8316	ENSG00000137076	TLN1
8317	ENSG00000107175	CREB3
8318	ENSG00000070610	GBA2
8319	ENSG00000107185	RGP1
8320	ENSG00000159899	NPR2
8321	ENSG00000137098	SPAG8
8322	ENSG00000137133	HINT2
8323	ENSG00000204930	FAM221B
8324	ENSG00000196196	HRCT1
8325	ENSG00000235387	SPAAR
8326	ENSG00000278889	OR2S2
8327	ENSG00000122707	RECK
8328	ENSG00000122694	GLIPR2
8329	ENSG00000185972	CCIN
8330	ENSG00000122705	CLTA
8331	ENSG00000159921	GNE
8332	ENSG00000137075	RNF38
8333	ENSG00000165304	MELK
8334	ENSG00000196092	PAX5
8335	ENSG00000147905	ZCCHC7
8336	ENSG00000137106	GRHPR
8337	ENSG00000168795	ZBTB5
8338	ENSG00000137054	POLR1E
8339	ENSG00000147912	FBXO10
8340	ENSG00000175768	TOMM5
8341	ENSG00000070601	FRMPD1
8342	ENSG00000165275	TRMT10B
8343	ENSG00000107371	EXOSC3
8344	ENSG00000122741	DCAF10
8345	ENSG00000122696	SLC25A51
8346	ENSG00000107338	SHB
8347	ENSG00000137124	ALDH1B1
8348	ENSG00000137142	IGFBPL1
8349	ENSG00000180071	ANKRD18A
8350	ENSG00000283329	FAM240B
8351	ENSG00000106714	CNTNAP3
8352	ENSG00000204849	SPATA31A1
8353	ENSG00000183148	ANKRD20A2P
8354	ENSG00000273514	FOXD4L6
8355	ENSG00000215126	CBWD6
8356	ENSG00000154529	CNTNAP3B
8357	ENSG00000185775	SPATA31A6
8358	ENSG00000276581	SPATA31A5
8359	ENSG00000276040	SPATA31A7
8360	ENSG00000172014	ANKRD20A4P
8361	ENSG00000204779	FOXD4L5
8362	ENSG00000147996	CBWD5
8363	ENSG00000184659	FOXD4L4
8364	ENSG00000276203	ANKRD20A3P
8365	ENSG00000274349	ZNF658
8366	ENSG00000275969	SPATA31A3
8367	ENSG00000260691	ANKRD20A1
8368	ENSG00000196873	CBWD3
8369	ENSG00000187559	FOXD4L3
8370	ENSG00000154330	PGM5
8371	ENSG00000181778	TMEM252
8372	ENSG00000107242	PIP5K1B
8373	ENSG00000187866	PABIR1
8374	ENSG00000165059	PRKACG
8375	ENSG00000165060	FXN
8376	ENSG00000119139	TJP2
8377	ENSG00000135063	FAM189A2
8378	ENSG00000107282	APBA1
8379	ENSG00000188647	PTAR1
8380	ENSG00000204711	C9orf135
8381	ENSG00000165072	MAMDC2
8382	ENSG00000198887	SMC5
8383	ENSG00000119138	KLF9
8384	ENSG00000083067	TRPM3
8385	ENSG00000135048	CEMIP2
8386	ENSG00000107362	ABHD17B
8387	ENSG00000155621	C9orf85
8388	ENSG00000204669	C9orf57
8389	ENSG00000119125	GDA
8390	ENSG00000107372	ZFAND5
8391	ENSG00000165091	TMC1
8392	ENSG00000165092	ALDH1A1
8393	ENSG00000135046	ANXA1
8394	ENSG00000198963	RORB
8395	ENSG00000119121	TRPM6
8396	ENSG00000135045	C9orf40
8397	ENSG00000156017	CARNMT1
8398	ENSG00000106733	NMRK1
8399	ENSG00000134996	OSTF1
8400	ENSG00000099139	PCSK5
8401	ENSG00000135002	RFK
8402	ENSG00000187210	GCNT1
8403	ENSG00000106772	PRUNE2
8404	ENSG00000197969	VPS13A
8405	ENSG00000156049	GNA14
8406	ENSG00000156052	GNAQ
8407	ENSG00000148019	CEP78
8408	ENSG00000135069	PSAT1
8409	ENSG00000106829	TLE4
8410	ENSG00000196781	TLE1
8411	ENSG00000189357	SPATA31D4
8412	ENSG00000186788	SPATA31D3
8413	ENSG00000214929	SPATA31D1
8414	ENSG00000165105	RASEF
8415	ENSG00000172159	FRMD3
8416	ENSG00000148057	IDNK
8417	ENSG00000135018	UBQLN1
8418	ENSG00000165113	GKAP1
8419	ENSG00000165115	KIF27
8420	ENSG00000165118	C9orf64
8421	ENSG00000165119	HNRNPK
8422	ENSG00000178966	RMI1
8423	ENSG00000197506	SLC28A3
8424	ENSG00000148053	NTRK2
8425	ENSG00000135049	AGTPBP1
8426	ENSG00000135040	NAA35
8427	ENSG00000135052	GOLM1
8428	ENSG00000187753	C9orf153
8429	ENSG00000135070	ISCA1
8430	ENSG00000083223	TUT7
8431	ENSG00000180447	GAS1
8432	ENSG00000196730	DAPK1
8433	ENSG00000135047	CTSL
8434	ENSG00000177992	SPATA31E1
8435	ENSG00000156345	CDK20
8437	ENSG00000106723	SPIN1
8438	ENSG00000130045	NXNL2
8439	ENSG00000213694	S1PR3
8440	ENSG00000148082	SHC3
8441	ENSG00000123975	CKS2
8442	ENSG00000187742	SECISBP2
8443	ENSG00000187764	SEMA4D
8444	ENSG00000130222	GADD45G
8445	ENSG00000165023	DIRAS2
8446	ENSG00000165025	SYK
8447	ENSG00000148090	AUH
8448	ENSG00000165030	NFIL3
8449	ENSG00000169071	ROR2
8450	ENSG00000090054	SPTLC1
8451	ENSG00000196305	IARS1
8452	ENSG00000198000	NOL8
8453	ENSG00000188312	CENPP
8454	ENSG00000106809	OGN
8455	ENSG00000127083	OMD
8456	ENSG00000106819	ASPN
8457	ENSG00000106823	ECM2
8458	ENSG00000127080	IPPK
8459	ENSG00000185963	BICD2
8460	ENSG00000127081	ZNF484
8461	ENSG00000127084	FGD3
8462	ENSG00000157303	SUSD3
8463	ENSG00000165233	CARD19
8464	ENSG00000131669	NINJ1
8465	ENSG00000165238	WNK2
8466	ENSG00000188938	FAM120AOS
8467	ENSG00000048828	FAM120A
8468	ENSG00000197724	PHF2
8469	ENSG00000131668	BARX1
8470	ENSG00000158079	PTPDC1
8471	ENSG00000175787	ZNF169
8472	ENSG00000130950	NUTM2F
8473	ENSG00000148110	MFSD14B
8474	ENSG00000130957	FBP2
8475	ENSG00000165140	FBP1
8476	ENSG00000148120	AOPEP
8477	ENSG00000158169	FANCC
8478	ENSG00000185920	PTCH1
8479	ENSG00000182150	ERCC6L2
8480	ENSG00000130948	HSD17B3
8481	ENSG00000130958	SLC35D2
8482	ENSG00000165244	ZNF367
8483	ENSG00000130956	HABP4
8484	ENSG00000081377	CDC14B
8485	ENSG00000158122	PRXL2C
8486	ENSG00000081386	ZNF510
8487	ENSG00000196597	ZNF782
8488	ENSG00000188152	NUTM2G
8489	ENSG00000136943	CTSV
8490	ENSG00000197816	CCDC180
8491	ENSG00000196116	TDRD7
8492	ENSG00000136842	TMOD1
8493	ENSG00000136925	TSTD2
8494	ENSG00000136937	NCBP1
8495	ENSG00000136936	XPA
8496	ENSG00000178919	FOXE1
8497	ENSG00000136932	TRMO
8498	ENSG00000136929	HEMGN
8499	ENSG00000136938	ANP32B
8500	ENSG00000095380	NANS
8501	ENSG00000106785	TRIM14
8502	ENSG00000106789	CORO2A
8503	ENSG00000095383	TBC1D2
8504	ENSG00000136928	GABBR2
8505	ENSG00000165138	ANKS6
8506	ENSG00000119514	GALNT12
8507	ENSG00000204291	COL15A1
8508	ENSG00000106799	TGFBR1
8509	ENSG00000119523	ALG2
8510	ENSG00000106803	SEC61B
8511	ENSG00000119508	NR4A3
8512	ENSG00000136874	STX17
8513	ENSG00000023318	ERP44
8514	ENSG00000119509	INVS
8515	ENSG00000136891	TEX10
8516	ENSG00000066697	MSANTD3
8517	ENSG00000241697	TMEFF1
8518	ENSG00000170681	CAVIN4
8519	ENSG00000148123	PLPPR1
8520	ENSG00000136881	BAAT
8521	ENSG00000136897	MRPL50
8522	ENSG00000136870	ZNF189
8523	ENSG00000136872	ALDOB
8524	ENSG00000165152	PGAP4
8525	ENSG00000155827	RNF20
8526	ENSG00000198785	GRIN3A
8527	ENSG00000188386	PPP3R2
8528	ENSG00000155833	CYLC2
8529	ENSG00000136824	SMC2
8530	ENSG00000204246	OR13C3
8531	ENSG00000136783	NIPSNAP3A
8532	ENSG00000165028	NIPSNAP3B
8533	ENSG00000165029	ABCA1
8534	ENSG00000070214	SLC44A1
8535	ENSG00000106701	FSD1L
8536	ENSG00000106692	FKTN
8537	ENSG00000186051	TAL2
8538	ENSG00000095209	TMEM38B
8539	ENSG00000148143	ZNF462
8540	ENSG00000119318	RAD23B
8541	ENSG00000136826	KLF4
8542	ENSG00000148156	ACTL7B
8543	ENSG00000187003	ACTL7A
8544	ENSG00000070061	ELP1
8545	ENSG00000119328	ABITRAM
8546	ENSG00000119326	CTNNAL1
8547	ENSG00000106771	TMEM245
8548	ENSG00000260230	FRRS1L
8549	ENSG00000095203	EPB41L4B
8550	ENSG00000070159	PTPN3
8551	ENSG00000157654	PALM2AKAP2
8552	ENSG00000188959	C9orf152
8553	ENSG00000136810	TXN
8554	ENSG00000204193	TXNDC8
8555	ENSG00000165124	SVEP1
8556	ENSG00000030304	MUSK
8557	ENSG00000198121	LPAR1
8558	ENSG00000171133	OR2K2
8559	ENSG00000136813	ECPAS
8560	ENSG00000106853	PTGR1
8561	ENSG00000059769	DNAJC25
8562	ENSG00000242616	GNG10
8563	ENSG00000165181	SHOC1
8564	ENSG00000148154	UGCG
8565	ENSG00000106868	SUSD1
8566	ENSG00000119314	PTBP3
8567	ENSG00000119471	HSDL2
8568	ENSG00000165185	KIAA1958
8569	ENSG00000148153	INIP
8570	ENSG00000148158	SNX30
8571	ENSG00000119457	SLC46A2
8572	ENSG00000136866	ZFP37
8573	ENSG00000136867	SLC31A2
8574	ENSG00000119321	FKBP15
8575	ENSG00000136868	SLC31A1
8576	ENSG00000176386	CDC26
8577	ENSG00000136875	PRPF4
8578	ENSG00000165188	RNF183
8579	ENSG00000148225	WDR31
8580	ENSG00000119411	BSPRY
8581	ENSG00000119431	HDHD3
8582	ENSG00000148218	ALAD
8583	ENSG00000148229	POLE3
8584	ENSG00000157653	C9orf43
8585	ENSG00000138835	RGS3
8586	ENSG00000157657	ZNF618
8587	ENSG00000106927	AMBP
8588	ENSG00000136883	KIF12
8589	ENSG00000196739	COL27A1
8590	ENSG00000229314	ORM1
8591	ENSG00000228278	ORM2
8592	ENSG00000106948	AKNA
8593	ENSG00000095397	WHRN
8594	ENSG00000136888	ATP6V1G1
8595	ENSG00000157693	TMEM268
8596	ENSG00000230054	TEX53
8597	ENSG00000230601	TEX48
8598	ENSG00000181634	TNFSF15
8599	ENSG00000106952	TNFSF8
8600	ENSG00000041982	TNC
8601	ENSG00000182752	PAPPA
8602	ENSG00000148219	ASTN2
8603	ENSG00000119401	TRIM32
8604	ENSG00000078725	BRINP1
8605	ENSG00000136861	CDK5RAP2
8606	ENSG00000106780	MEGF9
8607	ENSG00000119402	FBXW2
8608	ENSG00000214654	B3GALT9
8609	ENSG00000095261	PSMD5
8610	ENSG00000119403	PHF19
8611	ENSG00000056558	TRAF1
8612	ENSG00000106804	C5
8613	ENSG00000119397	CNTRL
8614	ENSG00000119396	RAB14
8615	ENSG00000148180	GSN
8616	ENSG00000148175	STOM
8618	ENSG00000136848	DAB2IP
8619	ENSG00000175764	TTLL11
8620	ENSG00000119421	NDUFA8
8621	ENSG00000185681	MORN5
8622	ENSG00000106852	LHX6
8623	ENSG00000119446	RBM18
8624	ENSG00000148187	MRRF
8625	ENSG00000095303	PTGS1
8626	ENSG00000171501	OR1N2
8627	ENSG00000171496	OR1L8
8628	ENSG00000136940	PDCL
8629	ENSG00000056586	RC3H2
8630	ENSG00000186130	ZBTB6
8631	ENSG00000171448	ZBTB26
8632	ENSG00000011454	RABGAP1
8633	ENSG00000188394	GPR21
8634	ENSG00000165209	STRBP
8635	ENSG00000148204	CRB2
8636	ENSG00000119522	DENND1A
8637	ENSG00000106689	LHX2
8638	ENSG00000119408	NEK6
8639	ENSG00000136930	PSMB7
8640	ENSG00000180264	ADGRD2
8641	ENSG00000136931	NR5A1
8642	ENSG00000148200	NR6A1
8643	ENSG00000185585	OLFML2A
8644	ENSG00000136918	WDR38
8645	ENSG00000136942	RPL35
8646	ENSG00000136950	ARPC5L
8647	ENSG00000136935	GOLGA1
8648	ENSG00000119414	PPP6C
8649	ENSG00000136933	RABEPK
8650	ENSG00000044574	HSPA5
8651	ENSG00000165219	GAPVD1
8652	ENSG00000119487	MAPKAP1
8653	ENSG00000167081	PBX3
8654	ENSG00000196814	MVB12B
8655	ENSG00000136944	LMX1B
8656	ENSG00000169155	ZBTB43
8657	ENSG00000177125	ZBTB34
8658	ENSG00000136828	RALGPS1
8659	ENSG00000136859	ANGPTL2
8660	ENSG00000136895	GARNL3
8661	ENSG00000136856	SLC2A8
8662	ENSG00000196152	ZNF79
8663	ENSG00000197958	RPL12
8664	ENSG00000148356	LRSAM1
8665	ENSG00000136830	NIBAN2
8666	ENSG00000136854	STXBP1
8667	ENSG00000187024	PTRH1
8668	ENSG00000160401	CFAP157
8669	ENSG00000167094	TTC16
8670	ENSG00000160404	TOR2A
8671	ENSG00000095370	SH2D3C
8672	ENSG00000136807	CDK9
8673	ENSG00000136877	FPGS
8674	ENSG00000106991	ENG
8675	ENSG00000106992	AK1
8676	ENSG00000160408	ST6GALNAC6
8677	ENSG00000136840	ST6GALNAC4
8678	ENSG00000167103	PIP5KL1
8679	ENSG00000136908	DPM2
8680	ENSG00000167106	FAM102A
8681	ENSG00000171169	NAIF1
8682	ENSG00000148339	SLC25A25
8683	ENSG00000148334	PTGES2
8684	ENSG00000148346	LCN2
8685	ENSG00000171159	BBLN
8686	ENSG00000148337	CIZ1
8687	ENSG00000106976	DNM1
8688	ENSG00000167110	GOLGA2
8689	ENSG00000175854	SWI5
8690	ENSG00000167112	TRUB2
8691	ENSG00000167113	COQ4
8692	ENSG00000167114	SLC27A4
8693	ENSG00000167118	URM1
8694	ENSG00000167123	CERCAM
8695	ENSG00000136811	ODF2
8696	ENSG00000119392	GLE1
8697	ENSG00000197694	SPTAN1
8698	ENSG00000119333	DYNC2I2
8699	ENSG00000119335	SET
8700	ENSG00000160447	PKN3
8701	ENSG00000160446	ZDHHC12
8702	ENSG00000160445	ZER1
8703	ENSG00000107021	TBC1D13
8704	ENSG00000167136	ENDOG
8705	ENSG00000198917	SPOUT1
8706	ENSG00000171097	KYAT1
8707	ENSG00000136802	LRRC8A
8708	ENSG00000175287	PHYHD1
8709	ENSG00000175283	DOLK
8710	ENSG00000095319	NUP188
8711	ENSG00000148341	SH3GLB2
8712	ENSG00000148343	MIGA2
8713	ENSG00000167130	DOLPP1
8714	ENSG00000095321	CRAT
8715	ENSG00000119383	PTPA
8716	ENSG00000188483	IER5L
8717	ENSG00000148335	NTMT1
8718	ENSG00000179058	C9orf50
8719	ENSG00000148331	ASB6
8720	ENSG00000167157	PRRX2
8721	ENSG00000148344	PTGES
8722	ENSG00000136816	TOR1B
8723	ENSG00000136827	TOR1A
8724	ENSG00000136819	C9orf78
8725	ENSG00000136878	USP20
8726	ENSG00000187239	FNBP1
8727	ENSG00000148358	GPR107
8728	ENSG00000107130	NCS1
8729	ENSG00000148357	HMCN2
8730	ENSG00000130707	ASS1
8731	ENSG00000107164	FUBP3
8732	ENSG00000130711	PRDM12
8733	ENSG00000130713	EXOSC2
8734	ENSG00000097007	ABL1
8735	ENSG00000188710	QRFP
8736	ENSG00000130720	FIBCD1
8737	ENSG00000050555	LAMC3
8738	ENSG00000126878	AIF1L
8739	ENSG00000126883	NUP214
8740	ENSG00000126882	FAM78A
8741	ENSG00000160539	PLPP7
8743	ENSG00000130714	POMT1
8744	ENSG00000130717	UCK1
8745	ENSG00000283526	PRRT1B
8746	ENSG00000107263	RAPGEF1
8747	ENSG00000160563	MED27
8748	ENSG00000196358	NTNG2
8749	ENSG00000107290	SETX
8750	ENSG00000125482	TTF1
8751	ENSG00000188523	CFAP77
8752	ENSG00000125492	BARHL1
8753	ENSG00000125485	DDX31
8754	ENSG00000125484	GTF3C4
8755	ENSG00000165695	AK8
8756	ENSG00000165698	SPACA9
8757	ENSG00000165699	TSC1
8758	ENSG00000165702	GFI1B
8759	ENSG00000148308	GTF3C5
8760	ENSG00000170835	CEL
8761	ENSG00000160271	RALGDS
8762	ENSG00000148288	GBGT1
8763	ENSG00000171102	OBP2B
8764	ENSG00000175164	ABO
8765	ENSG00000148296	SURF6
8766	ENSG00000148297	MED22
8767	ENSG00000148303	RPL7A
8768	ENSG00000148290	SURF1
8769	ENSG00000148248	SURF4
8770	ENSG00000198870	STKLD1
8771	ENSG00000148300	REXO4
8772	ENSG00000160323	ADAMTS13
8773	ENSG00000160325	CACFD1
8774	ENSG00000160326	SLC2A6
8775	ENSG00000187616	MYMK
8776	ENSG00000197859	ADAMTSL2
8777	ENSG00000196990	FAM163B
8778	ENSG00000123454	DBH
8779	ENSG00000123453	SARDH
8780	ENSG00000160293	VAV2
8781	ENSG00000235106	BRD3OS
8782	ENSG00000169925	BRD3
8783	ENSG00000196363	WDR5
8784	ENSG00000186350	RXRA
8785	ENSG00000130635	COL5A1
8786	ENSG00000160339	FCN2
8787	ENSG00000085265	FCN1
8788	ENSG00000130558	OLFM1
8789	ENSG00000196422	PPP1R26
8790	ENSG00000160345	C9orf116
8791	ENSG00000122140	MRPS2
8792	ENSG00000160349	LCN1
8793	ENSG00000122136	OBP2A
8794	ENSG00000122133	PAEP
8795	ENSG00000204007	GLT6D1
8796	ENSG00000148386	LCN9
8797	ENSG00000165643	SOHLH1
8798	ENSG00000107147	KCNT1
8799	ENSG00000130559	CAMSAP1
8800	ENSG00000130560	UBAC1
8801	ENSG00000148411	NACC2
8802	ENSG00000238227	TMEM250
8803	ENSG00000107187	LHX3
8804	ENSG00000165661	QSOX2
8805	ENSG00000260220	CCDC187
8806	ENSG00000160360	GPSM1
8807	ENSG00000213221	DNLZ
8808	ENSG00000187796	CARD9
8809	ENSG00000165684	SNAPC4
8810	ENSG00000165689	ENTR1
8811	ENSG00000165688	PMPCA
8812	ENSG00000148384	INPP5E
8813	ENSG00000148396	SEC16A
8814	ENSG00000148400	NOTCH1
8815	ENSG00000172889	EGFL7
8816	ENSG00000169692	AGPAT2
8817	ENSG00000165716	DIPK1B
8818	ENSG00000187922	LCN10
8819	ENSG00000267206	LCN6
8820	ENSG00000204001	LCN8
8821	ENSG00000177984	LCN15
8822	ENSG00000244187	TMEM141
8823	ENSG00000213213	CCDC183
8824	ENSG00000196642	RABL6
8825	ENSG00000232434	AJM1
8826	ENSG00000054148	PHPT1
8827	ENSG00000177943	MAMDC4
8828	ENSG00000107223	EDF1
8829	ENSG00000127191	TRAF2
8830	ENSG00000159069	FBXW5
8831	ENSG00000176919	C8G
8832	ENSG00000184925	LCN12
8833	ENSG00000107317	PTGDS
8834	ENSG00000214402	LCNL1
8835	ENSG00000148362	PAXX
8836	ENSG00000169583	CLIC3
8837	ENSG00000107331	ABCA2
8838	ENSG00000180549	FUT7
8839	ENSG00000107281	NPDC1
8840	ENSG00000054179	ENTPD2
8841	ENSG00000186193	SAPCD2
8842	ENSG00000197355	UAP1L1
8843	ENSG00000177239	MAN1B1
8844	ENSG00000176978	DPP7
8845	ENSG00000176884	GRIN1
8846	ENSG00000184709	LRRC26
8847	ENSG00000185863	TMEM210
8848	ENSG00000176248	ANAPC2
8849	ENSG00000176101	SSNA1
8850	ENSG00000176058	TPRN
8851	ENSG00000187713	TMEM203
8852	ENSG00000188566	NDOR1
8853	ENSG00000212864	RNF208
8854	ENSG00000197191	CYSRT1
8855	ENSG00000233198	RNF224
8856	ENSG00000198569	SLC34A3
8857	ENSG00000188229	TUBB4B
8858	ENSG00000188163	FAM166A
8859	ENSG00000197768	STPG3
8860	ENSG00000188986	NELFB
8861	ENSG00000198113	TOR4A
8862	ENSG00000198435	NRARP
8863	ENSG00000187609	EXD3
8864	ENSG00000188747	NOXA1
8865	ENSG00000188833	ENTPD8
8866	ENSG00000165802	NSMF
8867	ENSG00000130653	PNPLA7
8868	ENSG00000182154	MRPL41
8869	ENSG00000148399	DPH7
8870	ENSG00000165724	ZMYND19
8871	ENSG00000197070	ARRDC1
8872	ENSG00000181090	EHMT1
8873	ENSG00000148408	CACNA1B
8874	ENSG00000261456	TUBB8
8875	ENSG00000015171	ZMYND11
8876	ENSG00000151240	DIP2C
8877	ENSG00000107929	LARP4B
8878	ENSG00000107937	GTPBP4
8879	ENSG00000148377	IDI2
8880	ENSG00000067064	IDI1
8881	ENSG00000047056	WDR37
8882	ENSG00000185736	ADARB2
8883	ENSG00000067057	PFKP
8884	ENSG00000107959	PITRM1
8885	ENSG00000067082	KLF6
8886	ENSG00000165568	AKR1E2
8887	ENSG00000187134	AKR1C1
8888	ENSG00000151632	AKR1C2
8889	ENSG00000196139	AKR1C3
8891	ENSG00000198610	AKR1C4
8892	ENSG00000178473	UCN3
8893	ENSG00000178462	TUBAL3
8894	ENSG00000173848	NET1
8895	ENSG00000178372	CALML5
8896	ENSG00000178363	CALML3
8897	ENSG00000196372	ASB13
8898	ENSG00000108021	TASOR2
8899	ENSG00000057608	GDI2
8900	ENSG00000134461	ANKRD16
8901	ENSG00000134452	FBH1
8902	ENSG00000134470	IL15RA
8903	ENSG00000134460	IL2RA
8904	ENSG00000134453	RBM17
8905	ENSG00000170525	PFKFB3
8906	ENSG00000065675	PRKCQ
8907	ENSG00000198879	SFMBT2
8908	ENSG00000123243	ITIH5
8909	ENSG00000151655	ITIH2
8910	ENSG00000151657	KIN
8911	ENSG00000165629	ATP5F1C
8912	ENSG00000165632	TAF3
8913	ENSG00000107485	GATA3
8914	ENSG00000048740	CELF2
8915	ENSG00000148429	USP6NL
8916	ENSG00000134463	ECHDC3
8917	ENSG00000148426	PROSER2
8918	ENSG00000151461	UPF2
8919	ENSG00000181192	DHTKD1
8920	ENSG00000065665	SEC61A2
8921	ENSG00000165609	NUDT5
8922	ENSG00000151465	CDC123
8923	ENSG00000183049	CAMK1D
8924	ENSG00000151468	CCDC3
8925	ENSG00000123240	OPTN
8926	ENSG00000065328	MCM10
8927	ENSG00000165623	UCMA
8928	ENSG00000107537	PHYH
8929	ENSG00000086475	SEPHS1
8930	ENSG00000165626	BEND7
8931	ENSG00000165630	PRPF18
8932	ENSG00000151474	FRMD4A
8933	ENSG00000065809	FAM107B
8934	ENSG00000185267	CDNF
8935	ENSG00000187522	HSPA14
8936	ENSG00000152455	SUV39H2
8937	ENSG00000152457	DCLRE1C
8938	ENSG00000197889	MEIG1
8939	ENSG00000152463	OLAH
8940	ENSG00000176244	ACBD7
8941	ENSG00000152464	RPP38
8942	ENSG00000152465	NMT2
8943	ENSG00000148468	FAM171A1
8944	ENSG00000077943	ITGA8
8945	ENSG00000148481	MINDY3
8946	ENSG00000165983	PTER
8947	ENSG00000165985	C1QL3
8948	ENSG00000148484	RSU1
8949	ENSG00000107611	CUBN
8950	ENSG00000026025	VIM
8951	ENSG00000148488	ST8SIA6
8952	ENSG00000165996	HACD1
8953	ENSG00000136738	STAM
8954	ENSG00000148483	TMEM236
8955	ENSG00000260314	MRC1
8956	ENSG00000148482	SLC39A12
8957	ENSG00000165995	CACNB2
8958	ENSG00000241058	NSUN6
8959	ENSG00000165997	ARL5B
8960	ENSG00000204740	MALRD1
8961	ENSG00000078114	NEBL
8962	ENSG00000180592	SKIDA1
8963	ENSG00000078403	MLLT10
8964	ENSG00000136770	DNAJC1
8965	ENSG00000223601	EBLN1
8966	ENSG00000148444	COMMD3
8967	ENSG00000168283	BMI1
8968	ENSG00000077327	SPAG6
8969	ENSG00000150867	PIP4K2A
8970	ENSG00000165309	ARMC3
8971	ENSG00000148450	MSRB2
8972	ENSG00000168267	PTF1A
8973	ENSG00000179133	C10orf67
8974	ENSG00000165312	OTUD1
8975	ENSG00000120549	KIAA1217
8976	ENSG00000107863	ARHGAP21
8977	ENSG00000099256	PRTFDC1
8978	ENSG00000151023	ENKUR
8979	ENSG00000185875	THNSL1
8980	ENSG00000151025	GPR158
8981	ENSG00000095777	MYO3A
8982	ENSG00000136750	GAD2
8983	ENSG00000077420	APBB1IP
8984	ENSG00000148459	PDSS1
8985	ENSG00000136754	ABI1
8986	ENSG00000107890	ANKRD26
8987	ENSG00000136758	YME1L1
8988	ENSG00000120539	MASTL
8989	ENSG00000107897	ACBD5
8991	ENSG00000099246	RAB18
8992	ENSG00000150051	MKX
8993	ENSG00000169126	ODAD2
8994	ENSG00000150054	MPP7
8995	ENSG00000095787	WAC
8996	ENSG00000095739	BAMBI
8997	ENSG00000120563	LYZL1
8998	ENSG00000197321	SVIL
8999	ENSG00000165757	JCAD
9000	ENSG00000107951	MTPAP
9001	ENSG00000107968	MAP3K8
9002	ENSG00000151033	LYZL2
9003	ENSG00000183621	ZNF438
9004	ENSG00000148516	ZEB1
9005	ENSG00000165322	ARHGAP12
9006	ENSG00000170759	KIF5B
9007	ENSG00000120616	EPC1
9008	ENSG00000216937	CCDC7
9009	ENSG00000150093	ITGB1
9010	ENSG00000099250	NRP1
9011	ENSG00000148498	PARD3
9012	ENSG00000108094	CUL2
9013	ENSG00000095794	CREM
9014	ENSG00000108100	CCNY
9015	ENSG00000177291	GJD4
9016	ENSG00000177283	FZD8
9017	ENSG00000148513	ANKRD30A
9018	ENSG00000256892	MTRNR2L7
9019	ENSG00000198105	ZNF248
9020	ENSG00000175395	ZNF25
9021	ENSG00000189180	ZNF33A
9022	ENSG00000075407	ZNF37A
9023	ENSG00000196693	ZNF33B
9024	ENSG00000165733	BMS1
9025	ENSG00000165731	RET
9026	ENSG00000169826	CSGALNACT2
9027	ENSG00000198915	RASGEF1A
9028	ENSG00000150201	FXYD4
9029	ENSG00000169813	HNRNPF
9030	ENSG00000243660	ZNF487
9031	ENSG00000196793	ZNF239
9032	ENSG00000198298	ZNF485
9033	ENSG00000169740	ZNF32
9034	ENSG00000107562	CXCL12
9035	ENSG00000187783	TMEM72
9036	ENSG00000107551	RASSF4
9037	ENSG00000165507	DEPP1
9038	ENSG00000165512	ZNF22
9039	ENSG00000256574	OR13A1
9040	ENSG00000012779	ALOX5
9041	ENSG00000165406	MARCHF8
9042	ENSG00000172671	ZFAND4
9043	ENSG00000172661	WASHC2C
9044	ENSG00000188234	AGAP4
9045	ENSG00000265354	TIMM23
9046	ENSG00000266412	NCOA4
9047	ENSG00000263639	MSMB
9048	ENSG00000274209	ANTXRL
9049	ENSG00000264230	ANXA8L1
9050	ENSG00000204174	NPY4R
9051	ENSG00000204175	GPRIN2
9052	ENSG00000204176	SYT15
9053	ENSG00000204179	PTPN20
9054	ENSG00000266524	GDF10
9055	ENSG00000263761	GDF2
9056	ENSG00000265203	RBP3
9057	ENSG00000265763	ZNF488
9058	ENSG00000265190	ANXA8
9059	ENSG00000189090	FAM25G
9060	ENSG00000204172	AGAP9
9061	ENSG00000264717	NPY4R2
9062	ENSG00000276430	FAM25C
9063	ENSG00000170324	FRMPD2
9064	ENSG00000107643	MAPK8
9065	ENSG00000128805	ARHGAP22
9066	ENSG00000128815	WDFY4
9067	ENSG00000165383	LRRC18
9068	ENSG00000165633	VSTM4
9069	ENSG00000172538	FAM170B
9070	ENSG00000204161	TMEM273
9071	ENSG00000177354	C10orf71
9072	ENSG00000165606	DRGX
9073	ENSG00000225830	ERCC6
9074	ENSG00000070748	CHAT
9075	ENSG00000187714	SLC18A3
9076	ENSG00000178645	C10orf53
9077	ENSG00000197444	OGDHL
9078	ENSG00000227345	PARG
9079	ENSG00000204152	TIMM23B
9081	ENSG00000204149	AGAP6
9082	ENSG00000099290	WASHC2A
9083	ENSG00000188611	ASAH2
9084	ENSG00000198964	SGMS1
9085	ENSG00000204147	ASAH2B
9086	ENSG00000148584	A1CF
9087	ENSG00000185532	PRKG1
9088	ENSG00000177613	CSTF2T
9089	ENSG00000107984	DKK1
9090	ENSG00000165471	MBL2
9091	ENSG00000150275	PCDH15
9092	ENSG00000249860	MTRNR2L5
9093	ENSG00000122952	ZWINT
9094	ENSG00000151151	IPMK
9095	ENSG00000122873	CISD1
9096	ENSG00000072401	UBE2D1
9097	ENSG00000108064	TFAM
9098	ENSG00000122870	BICC1
9099	ENSG00000165443	PHYHIPL
9100	ENSG00000148541	FAM13C
9101	ENSG00000165449	SLC16A9
9102	ENSG00000227877	MRLN
9103	ENSG00000108091	CCDC6
9104	ENSG00000151150	ANK3
9105	ENSG00000170312	CDK1
9106	ENSG00000072422	RHOBTB1
9107	ENSG00000196932	TMEM26
9108	ENSG00000183346	CABCOCO1
9109	ENSG00000150347	ARID5B
9110	ENSG00000182010	RTKN2
9111	ENSG00000138311	ZNF365
9112	ENSG00000181915	ADO
9113	ENSG00000122877	EGR2
9114	ENSG00000148572	NRBF2
9115	ENSG00000171988	JMJD1C
9116	ENSG00000165476	REEP3
9117	ENSG00000183230	CTNNA3
9118	ENSG00000198739	LRRTM3
9119	ENSG00000108176	DNAJC12
9120	ENSG00000096717	SIRT1
9121	ENSG00000148634	HERC4
9122	ENSG00000138347	MYPN
9123	ENSG00000179774	ATOH7
9124	ENSG00000108187	PBLD
9125	ENSG00000096746	HNRNPH3
9126	ENSG00000204130	RUFY2
9127	ENSG00000138346	DNA2
9128	ENSG00000122912	SLC25A16
9129	ENSG00000138336	TET1
9130	ENSG00000060339	CCAR1
9131	ENSG00000165730	STOX1
9132	ENSG00000107625	DDX50
9133	ENSG00000165732	DDX21
9134	ENSG00000198954	KIFBP
9135	ENSG00000122862	SRGN
9136	ENSG00000122958	VPS26A
9137	ENSG00000156502	SUPV3L1
9138	ENSG00000156510	HKDC1
9139	ENSG00000156515	HK1
9140	ENSG00000075073	TACR2
9141	ENSG00000099282	TSPAN15
9142	ENSG00000122859	NEUROG3
9143	ENSG00000171224	FAM241B
9144	ENSG00000197467	COL13A1
9145	ENSG00000099284	MACROH2A2
9146	ENSG00000042286	AIFM2
9147	ENSG00000156521	TYSND1
9148	ENSG00000079332	SAR1A
9149	ENSG00000180817	PPA1
9150	ENSG00000148734	NPFFR1
9151	ENSG00000172731	LRRC20
9152	ENSG00000148730	EIF4EBP2
9153	ENSG00000156574	NODAL
9154	ENSG00000107719	PALD1
9155	ENSG00000180644	PRF1
9156	ENSG00000138316	ADAMTS14
9157	ENSG00000166220	TBATA
9158	ENSG00000166224	SGPL1
9159	ENSG00000166228	PCBD1
9160	ENSG00000107731	UNC5B
9161	ENSG00000198246	SLC29A3
9162	ENSG00000107736	CDH23
9163	ENSG00000214688	C10orf105
9164	ENSG00000107738	VSIR
9165	ENSG00000197746	PSAP
9166	ENSG00000122863	CHST3
9167	ENSG00000107742	SPOCK2
9168	ENSG00000138303	ASCC1
9169	ENSG00000166295	ANAPC16
9170	ENSG00000168209	DDIT4
9171	ENSG00000148719	DNAJB12
9172	ENSG00000107745	MICU1
9173	ENSG00000156026	MCU
9174	ENSG00000138315	OIT3
9175	ENSG00000138308	PLA2G12B
9176	ENSG00000122884	P4HA1
9177	ENSG00000166321	NUDT13
9178	ENSG00000122882	ECD
9179	ENSG00000138286	FAM149B1
9180	ENSG00000213551	DNAJC9
9181	ENSG00000182180	MRPS16
9182	ENSG00000156042	CFAP70
9183	ENSG00000138279	ANXA7
9184	ENSG00000166343	MSS51
9185	ENSG00000107758	PPP3CB
9186	ENSG00000166348	USP54
9187	ENSG00000177791	MYOZ1
9188	ENSG00000166317	SYNPO2L
9189	ENSG00000172650	AGAP5
9190	ENSG00000176986	SEC24C
9191	ENSG00000196968	FUT11
9192	ENSG00000172586	CHCHD1
9193	ENSG00000214655	ZSWIM8
9194	ENSG00000166507	NDST2
9195	ENSG00000148660	CAMK2G
9196	ENSG00000122861	PLAU
9197	ENSG00000035403	VCL
9198	ENSG00000185009	AP3M1
9199	ENSG00000156110	ADK
9200	ENSG00000156650	KAT6B
9201	ENSG00000188716	DUSP29
9202	ENSG00000079393	DUSP13
9203	ENSG00000156671	SAMD8
9204	ENSG00000165637	VDAC2
9205	ENSG00000165644	COMTD1
9206	ENSG00000165655	ZNF503
9207	ENSG00000148655	LRMDA
9208	ENSG00000156113	KCNMA1
9209	ENSG00000151208	DLG5
9210	ENSG00000148606	POLR3A
9211	ENSG00000138326	RPS24
9212	ENSG00000108175	ZMIZ1
9213	ENSG00000108179	PPIF
9214	ENSG00000165424	ZCCHC24
9215	ENSG00000253626	EIF5AL1
9216	ENSG00000185303	SFTPA2
9217	ENSG00000122852	SFTPA1
9218	ENSG00000188199	NUTM2B
9219	ENSG00000228570	NUTM2E
9220	ENSG00000133661	SFTPD
9221	ENSG00000133678	TMEM254
9222	ENSG00000189129	PLAC9
9223	ENSG00000122359	ANXA11
9224	ENSG00000151224	MAT1A
9225	ENSG00000170788	DYDC1
9226	ENSG00000133665	DYDC2
9227	ENSG00000122378	PRXL2A
9228	ENSG00000178217	SH2D4B
9229	ENSG00000185737	NRG3
9230	ENSG00000165678	GHITM
9231	ENSG00000188373	C10orf99
9232	ENSG00000148600	CDHR1
9233	ENSG00000204033	LRIT2
9234	ENSG00000148604	RGR
9235	ENSG00000148602	LRIT1
9236	ENSG00000107771	CCSER2
9237	ENSG00000182771	GRID1
9238	ENSG00000062650	WAPL
9239	ENSG00000122375	OPN4
9240	ENSG00000122367	LDB3
9241	ENSG00000107779	BMPR1A
9242	ENSG00000173269	MMRN2
9243	ENSG00000173267	SNCG
9244	ENSG00000148671	ADIRF
9245	ENSG00000188100	FAM25A
9246	ENSG00000148672	GLUD1
9247	ENSG00000122376	SHLD2
9248	ENSG00000184923	NUTM2A
9249	ENSG00000214562	NUTM2D
9250	ENSG00000107789	MINPP1
9251	ENSG00000198682	PAPSS2
9252	ENSG00000138138	ATAD1
9253	ENSG00000227268	KLLN
9254	ENSG00000171862	PTEN
9255	ENSG00000184719	RNLS
9256	ENSG00000204022	LIPJ
9257	ENSG00000182333	LIPF
9258	ENSG00000204020	LIPN
9259	ENSG00000173239	LIPM
9260	ENSG00000152766	ANKRD22
9261	ENSG00000138134	STAMBPL1
9262	ENSG00000107796	ACTA2
9263	ENSG00000138135	CH25H
9264	ENSG00000107798	LIPA
9265	ENSG00000119922	IFIT2
9266	ENSG00000119917	IFIT3
9267	ENSG00000204010	IFIT1B
9268	ENSG00000185745	IFIT1
9269	ENSG00000152778	IFIT5
9270	ENSG00000152779	SLC16A12
9271	ENSG00000152782	PANK1
9272	ENSG00000138182	KIF20B
9273	ENSG00000148680	HTR7
9274	ENSG00000148688	RPP30
9275	ENSG00000148677	ANKRD1
9276	ENSG00000180628	PCGF5
9277	ENSG00000165338	HECTD2
9278	ENSG00000119938	PPP1R3C
9279	ENSG00000107854	TNKS2
9280	ENSG00000174721	FGFBP3
9281	ENSG00000095564	BTAF1
9282	ENSG00000107864	CPEB3
9283	ENSG00000198060	MARCHF5
9284	ENSG00000119912	IDE
9285	ENSG00000138160	KIF11
9286	ENSG00000152804	HHEX
9287	ENSG00000138190	EXOC6
9288	ENSG00000187553	CYP26C1
9289	ENSG00000095596	CYP26A1
9290	ENSG00000138119	MYOF
9291	ENSG00000138180	CEP55
9292	ENSG00000186188	FFAR4
9293	ENSG00000138207	RBP4
9294	ENSG00000095464	PDE6C
9295	ENSG00000148690	FRA10AC1
9296	ENSG00000108231	LGI1
9297	ENSG00000176273	SLC35G1
9298	ENSG00000138193	PLCE1
9299	ENSG00000173145	NOC3L
9300	ENSG00000108239	TBC1D12
9301	ENSG00000119969	HELLS
9302	ENSG00000108242	CYP2C18
9303	ENSG00000165841	CYP2C19
9304	ENSG00000138109	CYP2C9
9305	ENSG00000138115	CYP2C8
9306	ENSG00000173124	ACSM6
9307	ENSG00000107438	PDLIM1
9308	ENSG00000095637	SORBS1
9309	ENSG00000059573	ALDH18A1
9310	ENSG00000119977	TCTN3
9311	ENSG00000188649	CC2D2B
9312	ENSG00000107443	CCNJ
9313	ENSG00000177853	ZNF518A
9314	ENSG00000095585	BLNK
9315	ENSG00000107447	DNTT
9316	ENSG00000197430	OPALIN
9317	ENSG00000095587	TLL2
9318	ENSG00000077147	TM9SF3
9319	ENSG00000155629	PIK3AP1
9320	ENSG00000187122	SLIT1
9321	ENSG00000213390	ARHGAP19
9322	ENSG00000165879	FRAT1
9323	ENSG00000181274	FRAT2
9324	ENSG00000052749	RRP12
9325	ENSG00000171314	PGAM1
9326	ENSG00000171311	EXOSC1
9327	ENSG00000171307	ZDHHC16
9328	ENSG00000155229	MMS19
9329	ENSG00000165886	UBTD1
9330	ENSG00000165887	ANKRD2
9331	ENSG00000241935	HOGA1
9332	ENSG00000203942	C10orf62
9333	ENSG00000171160	MORN4
9334	ENSG00000155252	PI4K2A
9335	ENSG00000119986	AVPI1
9336	ENSG00000155254	MARVELD1
9337	ENSG00000155256	ZFYVE27
9338	ENSG00000120057	SFRP5
9339	ENSG00000155265	GOLGA7B
9340	ENSG00000095713	CRTAC1
9341	ENSG00000166024	R3HCC1L
9342	ENSG00000138131	LOXL4
9343	ENSG00000119943	PYROXD2
9344	ENSG00000107521	HPS1
9345	ENSG00000172987	HPSE2
9346	ENSG00000119946	CNNM1
9347	ENSG00000120053	GOT1
9348	ENSG00000119919	NKX2-3
9349	ENSG00000155287	SLC25A28
9350	ENSG00000198018	ENTPD7
9351	ENSG00000119929	CUTC
9352	ENSG00000014919	COX15
9353	ENSG00000023839	ABCC2
9354	ENSG00000107554	DNMBP
9355	ENSG00000120054	CPN1
9356	ENSG00000107566	ERLIN1
9357	ENSG00000213341	CHUK
9358	ENSG00000095485	CWF19L1
9359	ENSG00000196072	BLOC1S2
9360	ENSG00000107593	PKD2L1
9361	ENSG00000099194	SCD
9362	ENSG00000075290	WNT8B
9363	ENSG00000075826	SEC31B
9364	ENSG00000166136	NDUFB8
9365	ENSG00000075891	PAX2
9366	ENSG00000119906	SLF2
9367	ENSG00000055950	MRPL43
9368	ENSG00000095539	SEMA4G
9369	ENSG00000107815	TWNK
9370	ENSG00000107816	LZTS2
9371	ENSG00000186862	PDZD7
9372	ENSG00000107819	SFXN3
9373	ENSG00000107821	KAZALD1
9374	ENSG00000107807	TLX1
9375	ENSG00000138136	LBX1
9376	ENSG00000166167	BTRC
9377	ENSG00000166171	DPCD
9378	ENSG00000166169	POLL
9379	ENSG00000107829	FBXW4
9380	ENSG00000107831	FGF8
9381	ENSG00000107833	NPM3
9382	ENSG00000198408	OGA
9383	ENSG00000120049	KCNIP2
9384	ENSG00000120029	ARMH3
9385	ENSG00000166189	HPS6
9386	ENSG00000198728	LDB1
9387	ENSG00000148840	PPRC1
9388	ENSG00000166197	NOLC1
9389	ENSG00000119915	ELOVL3
9390	ENSG00000107859	PITX3
9391	ENSG00000107862	GBF1
9392	ENSG00000077150	NFKB2
9393	ENSG00000059915	PSD
9394	ENSG00000107872	FBXL15
9395	ENSG00000107874	CUEDC2
9396	ENSG00000120055	C10orf95
9397	ENSG00000138111	MFSD13A
9398	ENSG00000138107	ACTR1A
9399	ENSG00000107882	SUFU
9400	ENSG00000171206	TRIM8
9401	ENSG00000138175	ARL3
9402	ENSG00000156398	SFXN2
9403	ENSG00000166272	WBP1L
9404	ENSG00000148795	CYP17A1
9405	ENSG00000166275	BORCS7
9406	ENSG00000214435	AS3MT
9407	ENSG00000076685	NT5C2
9408	ENSG00000235376	RPEL1
9409	ENSG00000148798	INA
9410	ENSG00000156374	PCGF6
9411	ENSG00000148835	TAF5
9412	ENSG00000173915	ATP5MK
9413	ENSG00000148843	PDCD11
9414	ENSG00000138172	CALHM2
9415	ENSG00000185933	CALHM1
9416	ENSG00000183128	CALHM3
9417	ENSG00000107954	NEURL1
9418	ENSG00000107957	SH3PXD2A
9419	ENSG00000107960	STN1
9420	ENSG00000065613	SLK
9421	ENSG00000065618	COL17A1
9422	ENSG00000156384	SFR1
9423	ENSG00000197748	CFAP43
9424	ENSG00000148834	GSTO1
9425	ENSG00000065621	GSTO2
9426	ENSG00000148841	ITPRIP
9427	ENSG00000120051	CFAP58
9428	ENSG00000156395	SORCS3
9429	ENSG00000108018	SORCS1
9430	ENSG00000108039	XPNPEP1
9431	ENSG00000148700	ADD3
9432	ENSG00000119950	MXI1
9433	ENSG00000119953	SMNDC1
9434	ENSG00000138166	DUSP5
9435	ENSG00000108055	SMC3
9436	ENSG00000203867	RBM20
9437	ENSG00000150593	PDCD4
9438	ENSG00000214413	BBIP1
9439	ENSG00000108061	SHOC2
9440	ENSG00000150594	ADRA2A
9441	ENSG00000119927	GPAM
9442	ENSG00000119913	TECTB
9443	ENSG00000197142	ACSL5
9444	ENSG00000023041	ZDHHC6
9445	ENSG00000151532	VTI1A
9446	ENSG00000148737	TCF7L2
9447	ENSG00000148702	HABP2
9448	ENSG00000197893	NRAP
9449	ENSG00000165806	CASP7
9450	ENSG00000148735	PLEKHS1
9451	ENSG00000198924	DCLRE1A
9452	ENSG00000196865	NHLRC2
9453	ENSG00000043591	ADRB1
9454	ENSG00000165813	CCDC186
9455	ENSG00000095627	TDRD1
9456	ENSG00000165816	VWA2
9457	ENSG00000169129	AFAP1L2
9458	ENSG00000099204	ABLIM1
9459	ENSG00000151553	FHIP2A
9460	ENSG00000165832	TRUB1
9461	ENSG00000107518	ATRNL1
9462	ENSG00000151892	GFRA1
9463	ENSG00000182645	CCDC172
9464	ENSG00000203837	PNLIPRP3
9465	ENSG00000175535	PNLIP
9466	ENSG00000187021	PNLIPRP1
9467	ENSG00000165863	C10orf82
9468	ENSG00000165868	HSPA12A
9469	ENSG00000188316	ENO4
9470	ENSG00000187164	SHTN1
9471	ENSG00000148704	VAX1
9472	ENSG00000165646	SLC18A2
9473	ENSG00000165650	PDZD8
9474	ENSG00000170370	EMX2
9475	ENSG00000107560	RAB11FIP2
9476	ENSG00000119973	PRLHR
9477	ENSG00000151893	CACUL1
9478	ENSG00000188613	NANOS1
9479	ENSG00000107581	EIF3A
9480	ENSG00000119979	DENND10
9481	ENSG00000183605	SFXN4
9482	ENSG00000165672	PRDX3
9483	ENSG00000198873	GRK5
9484	ENSG00000148908	RGS10
9485	ENSG00000151923	TIAL1
9486	ENSG00000151929	BAG3
9487	ENSG00000198825	INPP5F
9488	ENSG00000197771	MCMBP
9489	ENSG00000107651	SEC23IP
9490	ENSG00000203805	PLPP4
9491	ENSG00000120008	WDR11
9492	ENSG00000066468	FGFR2
9493	ENSG00000107669	ATE1
9494	ENSG00000107672	NSMCE4A
9495	ENSG00000138162	TACC2
9496	ENSG00000138152	BTBD16
9497	ENSG00000107679	PLEKHA1
9498	ENSG00000254636	ARMS2
9499	ENSG00000166033	HTRA1
9500	ENSG00000187908	DMBT1
9501	ENSG00000183559	C10orf120
9502	ENSG00000138161	CUZD1
9503	ENSG00000213185	FAM24B
9504	ENSG00000203795	FAM24A
9505	ENSG00000119965	C10orf88
9506	ENSG00000179988	PSTK
9507	ENSG00000095574	IKZF5
9508	ENSG00000196177	ACADSB
9509	ENSG00000188620	HMX3
9510	ENSG00000188816	HMX2
9511	ENSG00000154473	BUB3
9512	ENSG00000154478	GPR26
9513	ENSG00000121898	CPXM2
9514	ENSG00000182022	CHST15
9515	ENSG00000065154	OAT
9516	ENSG00000229544	NKX1-2
9517	ENSG00000107902	LHPP
9518	ENSG00000189319	FAM53B
9519	ENSG00000203791	EEF1AKMT2
9520	ENSG00000165660	ABRAXAS2
9521	ENSG00000019995	ZRANB1
9522	ENSG00000175029	CTBP2
9523	ENSG00000175018	TEX36
9524	ENSG00000107938	EDRF1
9525	ENSG00000154485	MMP21
9526	ENSG00000188690	UROS
9527	ENSG00000107949	BCCIP
9528	ENSG00000089876	DHX32
9529	ENSG00000203780	FANK1
9530	ENSG00000148848	ADAM12
9531	ENSG00000154493	C10orf90
9532	ENSG00000150760	DOCK1
9533	ENSG00000188916	INSYN2A
9534	ENSG00000214285	NPS
9535	ENSG00000186766	FOXI2
9536	ENSG00000180745	CLRN3
9537	ENSG00000132334	PTPRE
9538	ENSG00000148773	MKI67
9539	ENSG00000170430	MGMT
9540	ENSG00000108001	EBF3
9541	ENSG00000237489	C10orf143
9542	ENSG00000108010	GLRX3
9543	ENSG00000176769	TCERG1L
9544	ENSG00000175470	PPP2R2D
9545	ENSG00000176171	BNIP3
9546	ENSG00000188385	JAKMIP3
9547	ENSG00000151640	DPYSL4
9548	ENSG00000165752	STK32C
9549	ENSG00000148814	LRRC27
9550	ENSG00000171813	PWWP2B
9551	ENSG00000068383	INPP5A
9552	ENSG00000148826	NKX6-2
9553	ENSG00000171811	CFAP46
9554	ENSG00000197177	ADGRA1
9555	ENSG00000171798	KNDC1
9556	ENSG00000171794	UTF1
9557	ENSG00000151650	VENTX
9558	ENSG00000151651	ADAM8
9559	ENSG00000130640	TUBGCP2
9560	ENSG00000198546	ZNF511
9561	ENSG00000130643	CALY
9562	ENSG00000165828	PRAP1
9563	ENSG00000148803	FUOM
9564	ENSG00000127884	ECHS1
9565	ENSG00000148832	PAOX
9566	ENSG00000148824	MTG1
9567	ENSG00000203772	SPRN
9568	ENSG00000214279	SCART1
9569	ENSG00000130649	CYP2E1
9570	ENSG00000171772	SYCE1
9571	ENSG00000225899	FRG2B
9572	ENSG00000177951	BET1L
9573	ENSG00000188076	SCGB1C1
9574	ENSG00000177947	ODF3
9575	ENSG00000177963	RIC8A
9576	ENSG00000142082	SIRT3
9577	ENSG00000185627	PSMD13
9578	ENSG00000174885	NLRP6
9579	ENSG00000142102	PGGHG
9580	ENSG00000206013	IFITM5
9581	ENSG00000185201	IFITM2
9582	ENSG00000185885	IFITM1
9583	ENSG00000142089	IFITM3
9584	ENSG00000182272	B4GALNT4
9585	ENSG00000184363	PKP3
9586	ENSG00000185187	SIGIRR
9587	ENSG00000185101	ANO9
9588	ENSG00000174915	PTDSS2
9589	ENSG00000023191	RNH1
9590	ENSG00000174775	HRAS
9591	ENSG00000161328	LRRC56
9592	ENSG00000185522	LMNTD2
9593	ENSG00000099849	RASSF7
9594	ENSG00000070047	PHRF1
9595	ENSG00000185507	IRF7
9596	ENSG00000099834	CDHR5
9597	ENSG00000070031	SCT
9598	ENSG00000069696	DRD4
9599	ENSG00000177030	DEAF1
9600	ENSG00000177106	EPS8L2
9601	ENSG00000177042	TMEM80
9602	ENSG00000177156	TALDO1
9603	ENSG00000177225	GATD1
9604	ENSG00000184524	CEND1
9605	ENSG00000177542	SLC25A22
9606	ENSG00000177595	PIDD1
9607	ENSG00000177600	RPLP2
9608	ENSG00000177666	PNPLA2
9609	ENSG00000177685	CRACR2B
9610	ENSG00000177697	CD151
9611	ENSG00000177700	POLR2L
9612	ENSG00000214063	TSPAN4
9613	ENSG00000177830	CHID1
9614	ENSG00000183020	AP2A2
9615	ENSG00000184956	MUC6
9617	ENSG00000215182	MUC5AC
9618	ENSG00000117983	MUC5B
9619	ENSG00000078902	TOLLIP
9620	ENSG00000174672	BRSK2
9621	ENSG00000182208	MOB2
9622	ENSG00000184545	DUSP8
9623	ENSG00000205869	KRTAP5-1
9624	ENSG00000205867	KRTAP5-2
9625	ENSG00000196224	KRTAP5-3
9626	ENSG00000241598	KRTAP5-4
9627	ENSG00000185940	KRTAP5-5
9628	ENSG00000205864	KRTAP5-6
9629	ENSG00000244242	IFITM10
9630	ENSG00000117984	CTSD
9631	ENSG00000149043	SYT8
9632	ENSG00000130598	TNNI2
9633	ENSG00000130592	LSP1
9634	ENSG00000283787	PRR33
9635	ENSG00000130595	TNNT3
9636	ENSG00000214026	MRPL23
9637	ENSG00000167244	IGF2
9638	ENSG00000254647	INS
9639	ENSG00000180176	TH
9640	ENSG00000183734	ASCL2
9641	ENSG00000110665	C11orf21
9642	ENSG00000064201	TSPAN32
9643	ENSG00000110651	CD81
9644	ENSG00000184281	TSSC4
9645	ENSG00000070985	TRPM5
9646	ENSG00000053918	KCNQ1
9648	ENSG00000254827	SLC22A18AS
9649	ENSG00000110628	SLC22A18
9650	ENSG00000181649	PHLDA2
9651	ENSG00000205531	NAP1L4
9652	ENSG00000110619	CARS1
9653	ENSG00000021762	OSBPL5
9654	ENSG00000184350	MRGPRE
9655	ENSG00000005801	ZNF195
9656	ENSG00000167311	ART5
9657	ENSG00000129744	ART1
9658	ENSG00000129749	CHRNA10
9659	ENSG00000110713	NUP98
9660	ENSG00000148985	PGAP2
9661	ENSG00000177105	RHOG
9662	ENSG00000167323	STIM1
9663	ENSG00000167325	RRM1
9665	ENSG00000132109	TRIM21
9666	ENSG00000181963	OR52K2
9667	ENSG00000196778	OR52K1
9668	ENSG00000226288	OR52I2
9669	ENSG00000167333	TRIM68
9670	ENSG00000197428	OR51D1
9671	ENSG00000180785	OR51E1
9672	ENSG00000167332	OR51E2
9674	ENSG00000167346	MMP26
9675	ENSG00000176925	OR51F2
9676	ENSG00000176895	OR51A7
9677	ENSG00000176893	OR51G2
9678	ENSG00000205497	OR51A4
9679	ENSG00000176798	OR51L1
9680	ENSG00000171944	OR52A5
9681	ENSG00000182070	OR52A1
9682	ENSG00000244734	HBB
9683	ENSG00000223609	HBD
9684	ENSG00000213934	HBG1
9685	ENSG00000196565	HBG2
9686	ENSG00000213931	HBE1
9687	ENSG00000184698	OR51M1
9688	ENSG00000167360	OR51Q1
9689	ENSG00000187918	OR51I2
9690	ENSG00000181609	OR52D1
9691	ENSG00000175520	UBQLN3
9692	ENSG00000175518	UBQLNL
9693	ENSG00000181616	OR52H1
9694	ENSG00000121236	TRIM6
9695	ENSG00000258659	TRIM34
9696	ENSG00000132256	TRIM5
9697	ENSG00000132274	TRIM22
9698	ENSG00000181023	OR56B1
9699	ENSG00000181074	OR52N4
9701	ENSG00000181009	OR52N5
9702	ENSG00000181001	OR52N1
9703	ENSG00000180988	OR52N2
9704	ENSG00000205409	OR52E6
9705	ENSG00000180974	OR52E4
9706	ENSG00000277932	OR52E5
9707	ENSG00000184478	OR56A3
9708	ENSG00000183313	OR52L1
9709	ENSG00000183389	OR56A4
9710	ENSG00000180934	OR56A1
9711	ENSG00000180919	OR56B4
9712	ENSG00000180878	C11orf42
9713	ENSG00000051009	FHIP1B
9714	ENSG00000132259	CNGA4
9715	ENSG00000110148	CCKBR
9716	ENSG00000170955	CAVIN3
9717	ENSG00000166311	SMPD1
9718	ENSG00000166313	APBB1
9719	ENSG00000110169	HPX
9720	ENSG00000110171	TRIM3
9721	ENSG00000132254	ARFIP2
9722	ENSG00000132286	TIMM10B
9723	ENSG00000179532	DNHD1
9724	ENSG00000132275	RRP8
9725	ENSG00000166333	ILK
9726	ENSG00000166337	TAF10
9727	ENSG00000166340	TPP1
9728	ENSG00000166341	DCHS1
9729	ENSG00000158042	MRPL17
9730	ENSG00000188124	OR2AG2
9731	ENSG00000279486	OR2AG1
9732	ENSG00000184933	OR6A2
9733	ENSG00000170790	OR10A2
9734	ENSG00000170782	OR10A4
9735	ENSG00000149054	ZNF215
9736	ENSG00000149050	ZNF214
9737	ENSG00000158077	NLRP14
9738	ENSG00000170748	RBMXL2
9739	ENSG00000170743	SYT9
9740	ENSG00000183801	OLFML1
9741	ENSG00000166387	PPFIBP2
9742	ENSG00000166394	CYB5R2
9743	ENSG00000183378	OVCH2
9744	ENSG00000183303	OR5P2
9748	ENSG00000182261	NLRP10
9749	ENSG00000175390	EIF3F
9750	ENSG00000166402	TUB
9751	ENSG00000166405	RIC3
9752	ENSG00000166407	LMO1
9753	ENSG00000130413	STK33
9754	ENSG00000166436	TRIM66
9755	ENSG00000166441	RPL27A
9756	ENSG00000166444	DENND2B
9757	ENSG00000166452	AKIP1
9758	ENSG00000176029	C11orf16
9759	ENSG00000176009	ASCL3
9760	ENSG00000175348	TMEM9B
9761	ENSG00000175352	NRIP3
9762	ENSG00000175356	SCUBE2
9763	ENSG00000184014	DENND5A
9764	ENSG00000166471	TMEM41B
9765	ENSG00000205339	IPO7
9766	ENSG00000166478	ZNF143
9767	ENSG00000166483	WEE1
9768	ENSG00000133789	SWAP70
9769	ENSG00000133812	SBF2
9770	ENSG00000148926	ADM
9771	ENSG00000133805	AMPD3
9772	ENSG00000255823	MTRNR2L8
9773	ENSG00000110315	RNF141
9774	ENSG00000133800	LYVE1
9775	ENSG00000072952	IRAG1
9776	ENSG00000198730	CTR9
9777	ENSG00000110321	EIF4G2
9778	ENSG00000236287	ZBED5
9779	ENSG00000110328	GALNT18
9780	ENSG00000170242	USP47
9781	ENSG00000050165	DKK3
9782	ENSG00000133816	MICAL2
9783	ENSG00000197702	PARVA
9784	ENSG00000187079	TEAD1
9785	ENSG00000189431	RASSF10
9786	ENSG00000133794	ARNTL
9787	ENSG00000148925	BTBD10
9788	ENSG00000152266	PTH
9789	ENSG00000197601	FAR1
9790	ENSG00000262655	SPON1
9791	ENSG00000133818	RRAS2
9792	ENSG00000129083	COPB1
9793	ENSG00000129084	PSMA1
9794	ENSG00000152270	PDE3B
9795	ENSG00000186104	CYP2R1
9796	ENSG00000175868	CALCB
9797	ENSG00000110680	CALCA
9798	ENSG00000188487	INSC
9799	ENSG00000110693	SOX6
9800	ENSG00000110696	C11orf58
9801	ENSG00000166689	PLEKHA7
9802	ENSG00000110700	RPS13
9803	ENSG00000011405	PIK3C2A
9804	ENSG00000070081	NUCB2
9805	ENSG00000188211	NCR3LG1
9806	ENSG00000187486	KCNJ11
9807	ENSG00000006071	ABCC8
9808	ENSG00000006611	USH1C
9809	ENSG00000188162	OTOG
9810	ENSG00000129152	MYOD1
9811	ENSG00000129159	KCNC1
9812	ENSG00000129158	SERGEF
9813	ENSG00000129167	TPH1
9814	ENSG00000166788	SAAL1
9815	ENSG00000179826	MRGPRX3
9816	ENSG00000179817	MRGPRX4
9817	ENSG00000148965	SAA4
9818	ENSG00000134339	SAA2
9819	ENSG00000173432	SAA1
9820	ENSG00000110756	HPS5
9821	ENSG00000110768	GTF2H1
9822	ENSG00000134333	LDHA
9823	ENSG00000166796	LDHC
9824	ENSG00000166800	LDHAL6A
9825	ENSG00000074319	TSG101
9826	ENSG00000151116	UEVLD
9827	ENSG00000247595	SPTY2D1OS
9828	ENSG00000179119	SPTY2D1
9829	ENSG00000151117	TMEM86A
9830	ENSG00000179057	IGSF22
9831	ENSG00000110786	PTPN5
9832	ENSG00000170255	MRGPRX1
9833	ENSG00000183695	MRGPRX2
9834	ENSG00000177054	ZDHHC13
9835	ENSG00000129170	CSRP3
9836	ENSG00000129173	E2F8
9837	ENSG00000166833	NAV2
9838	ENSG00000109851	DBX1
9839	ENSG00000109854	HTATIP2
9840	ENSG00000185238	PRMT3
9841	ENSG00000165970	SLC6A5
9842	ENSG00000165973	NELL1
9843	ENSG00000171714	ANO5
9844	ENSG00000091664	SLC17A6
9845	ENSG00000183161	FANCF
9846	ENSG00000148935	GAS2
9847	ENSG00000198168	SVIP
9848	ENSG00000255359	CCDC179
9849	ENSG00000187398	LUZP2
9850	ENSG00000134343	ANO3
9851	ENSG00000169550	MUC15
9852	ENSG00000148942	SLC5A12
9853	ENSG00000176971	FIBIN
9854	ENSG00000129151	BBOX1
9855	ENSG00000109881	CCDC34
9856	ENSG00000205213	LGR4
9857	ENSG00000148943	LIN7C
9858	ENSG00000176697	BDNF
9859	ENSG00000121621	KIF18A
9860	ENSG00000169519	METTL15
9861	ENSG00000182255	KCNA4
9862	ENSG00000131808	FSHB
9863	ENSG00000152219	ARL14EP
9864	ENSG00000066382	MPPED2
9865	ENSG00000170959	DCDC1
9866	ENSG00000170946	DNAJC24
9867	ENSG00000148950	IMMP1L
9868	ENSG00000109911	ELP4
9869	ENSG00000007372	PAX6
9870	ENSG00000049449	RCN1
9871	ENSG00000184937	WT1
9872	ENSG00000149100	EIF3M
9873	ENSG00000186714	CCDC73
9874	ENSG00000135378	PRRG4
9875	ENSG00000060749	QSER1
9876	ENSG00000121690	DEPDC7
9877	ENSG00000176148	TCP11L1
9878	ENSG00000176102	CSTF3
9879	ENSG00000110422	HIPK3
9880	ENSG00000110427	KIAA1549L
9881	ENSG00000205177	C11orf91
9882	ENSG00000085063	CD59
9883	ENSG00000110429	FBXO3
9884	ENSG00000135363	LMO2
9885	ENSG00000135387	CAPRIN1
9886	ENSG00000135372	NAT10
9887	ENSG00000166016	ABTB2
9888	ENSG00000121691	CAT
9889	ENSG00000135374	ELF5
9890	ENSG00000135373	EHF
9891	ENSG00000149089	APIP
9892	ENSG00000110435	PDHX
9893	ENSG00000026508	CD44
9894	ENSG00000110436	SLC1A2
9895	ENSG00000149090	PAMR1
9896	ENSG00000179431	FJX1
9897	ENSG00000179241	LDLRAD3
9898	ENSG00000110442	COMMD9
9899	ENSG00000135362	PRR5L
9900	ENSG00000175104	TRAF6
9901	ENSG00000166349	RAG1
9902	ENSG00000175097	RAG2
9903	ENSG00000166352	IFTAP
9904	ENSG00000148948	LRRC4C
9905	ENSG00000166181	API5
9906	ENSG00000052841	TTC17
9907	ENSG00000149084	HSD17B12
9908	ENSG00000166199	ALKBH3
9909	ENSG00000187479	C11orf96
9910	ENSG00000205126	ACCSL
9911	ENSG00000110455	ACCS
9912	ENSG00000151348	EXT2
9913	ENSG00000052850	ALX4
9914	ENSG00000085117	CD82
9915	ENSG00000157570	TSPAN18
9916	ENSG00000175274	TP53I11
9917	ENSG00000019485	PRDM11
9918	ENSG00000019505	SYT13
9919	ENSG00000175264	CHST1
9920	ENSG00000181830	SLC35C1
9921	ENSG00000121671	CRY2
9922	ENSG00000121653	MAPK8IP1
9923	ENSG00000234776	C11orf94
9924	ENSG00000121680	PEX16
9925	ENSG00000165905	LARGE2
9926	ENSG00000135365	PHF21A
9927	ENSG00000157613	CREB3L1
9928	ENSG00000149091	DGKZ
9929	ENSG00000110492	MDK
9930	ENSG00000180720	CHRM4
9931	ENSG00000110497	AMBRA1
9932	ENSG00000180423	HARBI1
9933	ENSG00000175224	ATG13
9934	ENSG00000175220	ARHGAP1
9935	ENSG00000175213	ZNF408
9936	ENSG00000180210	F2
9937	ENSG00000175216	CKAP5
9938	ENSG00000134569	LRP4
9939	ENSG00000149179	C11orf49
9940	ENSG00000149182	ARFGAP2
9941	ENSG00000165912	PACSIN3
9942	ENSG00000134574	DDB2
9943	ENSG00000134575	ACP2
9944	ENSG00000025434	NR1H3
9945	ENSG00000110514	MADD
9946	ENSG00000134571	MYBPC3
9947	ENSG00000066336	SPI1
9948	ENSG00000165915	SLC39A13
9949	ENSG00000165916	PSMC3
9950	ENSG00000165917	RAPSN
9951	ENSG00000149187	CELF1
9952	ENSG00000213619	NDUFS3
9953	ENSG00000110536	PTPMT1
9954	ENSG00000123444	KBTBD4
9955	ENSG00000196666	FAM180B
9956	ENSG00000172247	C1QTNF4
9957	ENSG00000109919	MTCH2
9958	ENSG00000165923	AGBL2
9959	ENSG00000109920	FNBP4
9960	ENSG00000030066	NUP160
9961	ENSG00000149177	PTPRJ
9962	ENSG00000176547	OR4C3
9964	ENSG00000182053	TRIM49B
9965	ENSG00000086205	FOLH1
9966	ENSG00000258817	OR4C13
9967	ENSG00000221954	OR4C12
9968	ENSG00000221840	OR4A5
9969	ENSG00000150244	TRIM48
9970	ENSG00000172188	OR4C11
9971	ENSG00000181927	OR4P4
9973	ENSG00000181903	OR4C6
9976	ENSG00000124900	TRIM51
9977	ENSG00000174970	OR10AG1
9978	ENSG00000181785	OR5AS1
9979	ENSG00000181767	OR8H2
9980	ENSG00000167822	OR8J3
9983	ENSG00000181693	OR8H1
9985	ENSG00000172487	OR8J1
9986	ENSG00000174937	OR5M3
9987	ENSG00000255012	OR5M1
9990	ENSG00000183908	LRRC55
9991	ENSG00000134817	APLNR
9992	ENSG00000149115	TNKS1BP1
9993	ENSG00000149136	SSRP1
9994	ENSG00000109991	P2RX3
9995	ENSG00000156575	PRG3
9996	ENSG00000186652	PRG2
9997	ENSG00000134802	SLC43A3
9998	ENSG00000186907	RTN4RL2
9999	ENSG00000149150	SLC43A1
10000	ENSG00000134809	TIMM10
10001	ENSG00000214872	SMTNL1
10002	ENSG00000156587	UBE2L6
10003	ENSG00000149131	SERPING1
10004	ENSG00000166793	YPEL4
10005	ENSG00000172409	CLP1
10006	ENSG00000156599	ZDHHC5
10007	ENSG00000156603	MED19
10008	ENSG00000213593	TMX2
10009	ENSG00000211450	SELENOH
10010	ENSG00000233436	BTBD18
10011	ENSG00000198561	CTNND1
10012	ENSG00000186509	OR9Q1
10013	ENSG00000172377	OR9I1
10014	ENSG00000186513	OR9Q2
10016	ENSG00000180475	OR10Q1
10017	ENSG00000172772	OR10W1
10018	ENSG00000172365	OR5B2
10019	ENSG00000172362	OR5B12
10020	ENSG00000198283	OR5B21
10021	ENSG00000110031	LPXN
10022	ENSG00000186660	ZFP91
10023	ENSG00000242689	CNTF
10024	ENSG00000149124	GLYAT
10025	ENSG00000156689	GLYATL2
10026	ENSG00000166840	GLYATL1
10027	ENSG00000189057	FAM111B
10028	ENSG00000166801	FAM111A
10029	ENSG00000110042	DTX4
10030	ENSG00000197629	MPEG1
10031	ENSG00000176495	OR5AN1
10032	ENSG00000172324	OR5A2
10033	ENSG00000172320	OR5A1
10034	ENSG00000254466	OR4D10
10035	ENSG00000172742	OR4D9
10036	ENSG00000110048	OSBP
10037	ENSG00000166889	PATL1
10038	ENSG00000166900	STX3
10039	ENSG00000166902	MRPL16
10040	ENSG00000134812	CBLIF
10041	ENSG00000134827	TCN1
10046	ENSG00000149507	OOSP2
10047	ENSG00000149516	MS4A3
10048	ENSG00000149534	MS4A2
10049	ENSG00000110077	MS4A6A
10050	ENSG00000110079	MS4A4A
10051	ENSG00000214787	MS4A4E
10052	ENSG00000166926	MS4A6E
10053	ENSG00000166927	MS4A7
10054	ENSG00000166928	MS4A14
10055	ENSG00000166930	MS4A5
10056	ENSG00000156738	MS4A1
10057	ENSG00000071203	MS4A12
10058	ENSG00000204979	MS4A13
10059	ENSG00000166959	MS4A8
10060	ENSG00000214782	MS4A18
10061	ENSG00000166961	MS4A15
10062	ENSG00000172689	MS4A10
10063	ENSG00000110104	CCDC86
10064	ENSG00000183134	PTGDR2
10065	ENSG00000149506	ZP1
10066	ENSG00000110107	PRPF19
10067	ENSG00000110108	TMEM109
10068	ENSG00000006118	TMEM132A
10069	ENSG00000110446	SLC15A3
10070	ENSG00000013725	CD6
10071	ENSG00000110448	CD5
10072	ENSG00000167987	VPS37C
10073	ENSG00000229859	PGA3
10074	ENSG00000229183	PGA4
10075	ENSG00000256713	PGA5
10076	ENSG00000167992	VWCE
10077	ENSG00000167986	DDB1
10078	ENSG00000149476	TKFC
10079	ENSG00000162144	CYB561A3
10080	ENSG00000149483	TMEM138
10081	ENSG00000187049	TMEM216
10082	ENSG00000149532	CPSF7
10083	ENSG00000167985	SDHAF2
10084	ENSG00000162148	PPP1R32
10085	ENSG00000204950	LRRC10B
10086	ENSG00000011347	SYT7
10087	ENSG00000134780	DAGLA
10088	ENSG00000124920	MYRF
10089	ENSG00000134825	TMEM258
10090	ENSG00000168496	FEN1
10091	ENSG00000134824	FADS2
10092	ENSG00000149485	FADS1
10093	ENSG00000221968	FADS3
10094	ENSG00000167994	RAB3IL1
10095	ENSG00000167995	BEST1
10096	ENSG00000167996	FTH1
10097	ENSG00000149503	INCENP
10098	ENSG00000168515	SCGB1D1
10099	ENSG00000124939	SCGB2A1
10100	ENSG00000124935	SCGB1D2
10101	ENSG00000110484	SCGB2A2
10102	ENSG00000197745	SCGB1D4
10103	ENSG00000162174	ASRGL1
10104	ENSG00000149021	SCGB1A1
10105	ENSG00000124942	AHNAK
10106	ENSG00000254772	EEF1G
10107	ENSG00000149016	TUT1
10108	ENSG00000149480	MTA2
10109	ENSG00000149499	EML3
10110	ENSG00000149489	ROM1
10111	ENSG00000149541	B3GAT3
10112	ENSG00000089597	GANAB
10113	ENSG00000185085	INTS5
10114	ENSG00000278615	C11orf98
10115	ENSG00000162194	LBHD1
10116	ENSG00000214756	CSKMT
10117	ENSG00000204922	UQCC3
10118	ENSG00000162191	UBXN1
10119	ENSG00000177363	LRRN4CL
10120	ENSG00000168000	BSCL2
10121	ENSG00000162188	GNG3
10122	ENSG00000214753	HNRNPUL2
10123	ENSG00000162222	TTC9C
10124	ENSG00000185670	ZBTB3
10125	ENSG00000168002	POLR2G
10126	ENSG00000162227	TAF6L
10127	ENSG00000168569	TMEM223
10128	ENSG00000185475	TMEM179B
10129	ENSG00000162231	NXF1
10130	ENSG00000162236	STX5
10131	ENSG00000283268	TEX54
10132	ENSG00000133316	WDR74
10133	ENSG00000168003	SLC3A2
10134	ENSG00000168539	CHRM1
10135	ENSG00000197901	SLC22A6
10136	ENSG00000149452	SLC22A8
10137	ENSG00000197658	SLC22A24
10138	ENSG00000196600	SLC22A25
10139	ENSG00000184999	SLC22A10
10140	ENSG00000149742	SLC22A9
10141	ENSG00000168004	PLAAT5
10142	ENSG00000133317	LGALS12
10143	ENSG00000133321	PLAAT4
10144	ENSG00000133328	PLAAT2
10145	ENSG00000176485	PLAAT3
10146	ENSG00000184743	ATL3
10147	ENSG00000133318	RTN3
10148	ENSG00000188070	ZFTA
10149	ENSG00000168005	SPINDOC
10150	ENSG00000072518	MARK2
10151	ENSG00000167771	RCOR2
10152	ENSG00000110583	NAA40
10153	ENSG00000176340	COX8A
10154	ENSG00000167770	OTUB1
10155	ENSG00000133315	MACROD1
10156	ENSG00000126500	FLRT1
10157	ENSG00000168439	STIP1
10158	ENSG00000149781	FERMT3
10159	ENSG00000149743	TRPT1
10160	ENSG00000149761	NUDT22
10161	ENSG00000110011	DNAJC4
10162	ENSG00000173511	VEGFB
10163	ENSG00000173457	PPP1R14B
10164	ENSG00000149782	PLCB3
10165	ENSG00000002330	BAD
10166	ENSG00000173264	GPR137
10167	ENSG00000182450	KCNK4
10168	ENSG00000219435	CATSPERZ
10169	ENSG00000173153	ESRRA
10170	ENSG00000173113	TRMT112
10171	ENSG00000126432	PRDX5
10172	ENSG00000168071	CCDC88B
10173	ENSG00000162302	RPS6KA4
10174	ENSG00000168065	SLC22A11
10175	ENSG00000197891	SLC22A12
10176	ENSG00000110076	NRXN2
10177	ENSG00000068831	RASGRP2
10178	ENSG00000068976	PYGM
10179	ENSG00000168066	SF1
10180	ENSG00000168067	MAP4K2
10181	ENSG00000133895	MEN1
10182	ENSG00000171219	CDC42BPG
10183	ENSG00000110047	EHD1
10184	ENSG00000110046	ATG2A
10185	ENSG00000068971	PPP2R5B
10186	ENSG00000149735	GPHA2
10187	ENSG00000168070	MAJIN
10188	ENSG00000168062	BATF2
10189	ENSG00000213465	ARL2
10190	ENSG00000110025	SNX15
10191	ENSG00000168061	SAC3D1
10192	ENSG00000168060	NAALADL1
10193	ENSG00000146670	CDCA5
10194	ENSG00000162300	ZFPL1
10195	ENSG00000187066	TMEM262
10196	ENSG00000149823	VPS51
10197	ENSG00000149809	TM7SF2
10198	ENSG00000174276	ZNHIT2
10199	ENSG00000149806	FAU
10200	ENSG00000162298	SYVN1
10201	ENSG00000149792	MRPL49
10202	ENSG00000204710	SPDYC
10203	ENSG00000014216	CAPN1
10204	ENSG00000014138	POLA2
10205	ENSG00000149798	CDC42EP2
10206	ENSG00000133884	DPF2
10207	ENSG00000173825	TIGD3
10208	ENSG00000162241	SLC25A45
10209	ENSG00000126391	FRMD8
10210	ENSG00000142186	SCYL1
10211	ENSG00000168056	LTBP3
10212	ENSG00000173465	ZNRD2
10213	ENSG00000176973	FAM89B
10214	ENSG00000173442	EHBP1L1
10215	ENSG00000173338	KCNK7
10216	ENSG00000173327	MAP3K11
10217	ENSG00000197136	PCNX3
10218	ENSG00000213445	SIPA1
10219	ENSG00000173039	RELA
10220	ENSG00000172977	KAT5
10221	ENSG00000172922	RNASEH2C
10222	ENSG00000254470	AP5B1
10223	ENSG00000172818	OVOL1
10224	ENSG00000172757	CFL1
10225	ENSG00000172803	SNX32
10226	ENSG00000172732	MUS81
10227	ENSG00000172638	EFEMP2
10228	ENSG00000172543	CTSW
10229	ENSG00000172500	FIBP
10230	ENSG00000175602	CCDC85B
10231	ENSG00000175592	FOSL1
10232	ENSG00000175573	C11orf68
10233	ENSG00000175550	DRAP1
10234	ENSG00000175513	TSGA10IP
10235	ENSG00000175467	SART1
10236	ENSG00000175376	EIF1AD
10237	ENSG00000175334	BANF1
10238	ENSG00000175315	CST6
10239	ENSG00000175294	CATSPER1
10240	ENSG00000175229	GAL3ST3
10241	ENSG00000087365	SF3B2
10242	ENSG00000175115	PACS1
10243	ENSG00000174996	KLC2
10244	ENSG00000174903	RAB1B
10245	ENSG00000174871	CNIH2
10246	ENSG00000174851	YIF1A
10247	ENSG00000179292	TMEM151A
10248	ENSG00000174807	CD248
10249	ENSG00000174791	RIN1
10250	ENSG00000174744	BRMS1
10251	ENSG00000174684	B4GAT1
10252	ENSG00000174669	SLC29A2
10253	ENSG00000174576	NPAS4
10254	ENSG00000174547	MRPL11
10255	ENSG00000174516	PELI3
10256	ENSG00000254986	DPP3
10257	ENSG00000174483	BBS1
10258	ENSG00000174165	ZDHHC24
10259	ENSG00000248746	ACTN3
10260	ENSG00000174080	CTSF
10261	ENSG00000182791	CCDC87
10262	ENSG00000173992	CCS
10263	ENSG00000239306	RBM14
10264	ENSG00000173933	RBM4
10265	ENSG00000173914	RBM4B
10266	ENSG00000173898	SPTBN2
10267	ENSG00000173715	C11orf80
10268	ENSG00000173653	RCE1
10269	ENSG00000173599	PC
10270	ENSG00000173621	LRFN4
10271	ENSG00000173237	C11orf86
10272	ENSG00000173227	SYT12
10273	ENSG00000173156	RHOD
10274	ENSG00000173120	KDM2A
10275	ENSG00000173020	GRK2
10276	ENSG00000172932	ANKRD13D
10277	ENSG00000172830	SSH3
10278	ENSG00000172613	RAD9A
10279	ENSG00000175482	POLD4
10280	ENSG00000175505	CLCF1
10281	ENSG00000172531	PPP1CA
10282	ENSG00000175463	TBC1D10C
10283	ENSG00000172508	CARNS1
10284	ENSG00000175634	RPS6KB2
10285	ENSG00000172725	CORO1B
10286	ENSG00000175544	CABP4
10287	ENSG00000172663	TMEM134
10288	ENSG00000110711	AIP
10289	ENSG00000110697	PITPNM1
10290	ENSG00000167797	CDK2AP2
10291	ENSG00000167791	CABP2
10292	ENSG00000084207	GSTP1
10293	ENSG00000167792	NDUFV1
10294	ENSG00000167799	NUDT8
10295	ENSG00000167800	TBX10
10296	ENSG00000132744	ACY3
10297	ENSG00000132746	ALDH3B2
10298	ENSG00000110057	UNC93B1
10299	ENSG00000006534	ALDH3B1
10300	ENSG00000110717	NDUFS8
10301	ENSG00000110719	TCIRG1
10302	ENSG00000110721	CHKA
10303	ENSG00000110066	KMT5B
10304	ENSG00000171067	C11orf24
10305	ENSG00000162337	LRP5
10306	ENSG00000110075	PPP6R3
10307	ENSG00000069482	GAL
10308	ENSG00000132749	TESMIN
10309	ENSG00000110090	CPT1A
10310	ENSG00000197345	MRPL21
10311	ENSG00000132740	IGHMBP2
10312	ENSG00000172935	MRGPRF
10313	ENSG00000162341	TPCN2
10315	ENSG00000172927	MYEOV
10316	ENSG00000110092	CCND1
10317	ENSG00000149716	LTO1
10318	ENSG00000162344	FGF19
10319	ENSG00000075388	FGF4
10320	ENSG00000186895	FGF3
10321	ENSG00000131620	ANO1
10322	ENSG00000168040	FADD
10323	ENSG00000131626	PPFIA1
10324	ENSG00000085733	CTTN
10325	ENSG00000162105	SHANK2
10326	ENSG00000172893	DHCR7
10327	ENSG00000172890	NADSYN1
10328	ENSG00000244411	KRTAP5-7
10329	ENSG00000241233	KRTAP5-8
10330	ENSG00000254997	KRTAP5-9
10331	ENSG00000204572	KRTAP5-10
10332	ENSG00000204571	KRTAP5-11
10333	ENSG00000214534	ZNF705E
10334	ENSG00000184276	DEFB108B
10335	ENSG00000137522	RNF121
10336	ENSG00000137496	IL18BP
10337	ENSG00000137497	NUMA1
10338	ENSG00000184154	LRRC51
10339	ENSG00000149357	LAMTOR1
10341	ENSG00000110200	ANAPC15
10342	ENSG00000110203	FOLR3
10343	ENSG00000110195	FOLR1
10344	ENSG00000165457	FOLR2
10345	ENSG00000165458	INPPL1
10346	ENSG00000165462	PHOX2A
10347	ENSG00000162129	CLPB
10348	ENSG00000186642	PDE2A
10349	ENSG00000186635	ARAP1
10350	ENSG00000214530	STARD10
10351	ENSG00000168010	ATG16L2
10352	ENSG00000137478	FCHSD2
10353	ENSG00000175591	P2RY2
10354	ENSG00000171631	P2RY6
10355	ENSG00000110237	ARHGEF17
10356	ENSG00000054967	RELT
10357	ENSG00000054965	FAM168A
10358	ENSG00000021300	PLEKHB1
10359	ENSG00000175582	RAB6A
10360	ENSG00000175581	MRPL48
10361	ENSG00000181924	COA4
10362	ENSG00000175575	PAAF1
10363	ENSG00000187726	DNAJB13
10364	ENSG00000175567	UCP2
10365	ENSG00000175564	UCP3
10366	ENSG00000168014	C2CD3
10367	ENSG00000214517	PPME1
10368	ENSG00000149380	P4HA3
10369	ENSG00000165434	PGM2L1
10370	ENSG00000175538	KCNE3
10371	ENSG00000175536	LIPT2
10372	ENSG00000077514	POLD3
10373	ENSG00000054938	CHRDL2
10374	ENSG00000166439	RNF169
10375	ENSG00000166435	XRRA1
10376	ENSG00000118363	SPCS2
10377	ENSG00000162139	NEU3
10378	ENSG00000171561	OR2AT4
10379	ENSG00000137491	SLCO2B1
10380	ENSG00000261594	TPBGL
10381	ENSG00000137486	ARRB1
10382	ENSG00000149273	RPS3
10383	ENSG00000149243	KLHL35
10384	ENSG00000158555	GDPD5
10385	ENSG00000149257	SERPINH1
10386	ENSG00000171533	MAP6
10387	ENSG00000166391	MOGAT2
10388	ENSG00000062282	DGAT2
10389	ENSG00000198382	UVRAG
10390	ENSG00000085741	WNT11
10391	ENSG00000137492	THAP12
10392	ENSG00000179240	GVQW3
10393	ENSG00000158636	EMSY
10394	ENSG00000137507	LRRC32
10395	ENSG00000182704	TSKU
10396	ENSG00000078124	ACER3
10397	ENSG00000198488	B3GNT6
10398	ENSG00000149260	CAPN5
10399	ENSG00000137474	MYO7A
10400	ENSG00000178795	GDPD4
10401	ENSG00000149269	PAK1
10402	ENSG00000074201	CLNS1A
10403	ENSG00000178301	AQP11
10404	ENSG00000048649	RSF1
10405	ENSG00000087884	AAMDC
10406	ENSG00000149262	INTS4
10407	ENSG00000151364	KCTD14
10408	ENSG00000151365	THRSP
10409	ENSG00000151366	NDUFC2
10410	ENSG00000159063	ALG8
10411	ENSG00000188997	KCTD21
10412	ENSG00000118369	USP35
10413	ENSG00000033327	GAB2
10414	ENSG00000137513	NARS2
10415	ENSG00000149256	TENM4
10416	ENSG00000182103	FAM181B
10417	ENSG00000137509	PRCP
10418	ENSG00000165490	DDIAS
10419	ENSG00000137502	RAB30
10420	ENSG00000165494	PCF11
10421	ENSG00000137494	ANKRD42
10422	ENSG00000137500	CCDC90B
10423	ENSG00000150672	DLG2
10424	ENSG00000171204	TMEM126B
10425	ENSG00000171202	TMEM126A
10426	ENSG00000137504	CREBZF
10427	ENSG00000179071	CCDC89
10428	ENSG00000137501	SYTL2
10429	ENSG00000150676	CCDC83
10430	ENSG00000073921	PICALM
10431	ENSG00000074266	EED
10432	ENSG00000149196	HIKESHI
10433	ENSG00000149201	CCDC81
10434	ENSG00000151376	ME3
10435	ENSG00000150687	PRSS23
10436	ENSG00000174804	FZD4
10437	ENSG00000166575	TMEM135
10438	ENSG00000123892	RAB38
10439	ENSG00000109861	CTSC
10440	ENSG00000168959	GRM5
10441	ENSG00000077498	TYR
10442	ENSG00000086991	NOX4
10443	ENSG00000168930	TRIM49
10444	ENSG00000189253	TRIM64B
10445	ENSG00000223417	TRIM49D1
10446	ENSG00000233802	TRIM49D2
10447	ENSG00000204450	TRIM64
10448	ENSG00000204449	TRIM49C
10449	ENSG00000077616	NAALAD2
10450	ENSG00000110172	CHORDC1
10451	ENSG00000165323	FAT3
10452	ENSG00000134640	MTNR1B
10453	ENSG00000180773	SLC36A4
10454	ENSG00000165325	DEUP1
10455	ENSG00000166002	SMCO4
10456	ENSG00000166004	CEP295
10457	ENSG00000166012	TAF1D
10458	ENSG00000182919	C11orf54
10459	ENSG00000042429	MED17
10460	ENSG00000214376	VSTM5
10461	ENSG00000181333	HEPHL1
10462	ENSG00000110218	PANX1
10463	ENSG00000183560	IZUMO1R
10464	ENSG00000123901	GPR83
10465	ENSG00000020922	MRE11
10466	ENSG00000168876	ANKRD49
10467	ENSG00000257057	C11orf97
10468	ENSG00000134627	PIWIL4
10469	ENSG00000196371	FUT4
10470	ENSG00000166025	AMOTL1
10471	ENSG00000150316	CWC15
10472	ENSG00000186280	KDM4D
10473	ENSG00000235268	KDM4E
10474	ENSG00000263465	SRSF8
10475	ENSG00000149218	ENDOD1
10476	ENSG00000149212	SESN3
10477	ENSG00000077458	FAM76B
10478	ENSG00000166037	CEP57
10479	ENSG00000087053	MTMR2
10480	ENSG00000184384	MAML2
10481	ENSG00000149231	CCDC82
10482	ENSG00000183340	JRKL
10483	ENSG00000149972	CNTN5
10484	ENSG00000165895	ARHGAP42
10485	ENSG00000082175	PGR
10486	ENSG00000137672	TRPC6
10487	ENSG00000187151	ANGPTL5
10488	ENSG00000110318	CEP126
10489	ENSG00000137691	CFAP300
10490	ENSG00000137693	YAP1
10491	ENSG00000023445	BIRC3
10492	ENSG00000110330	BIRC2
10493	ENSG00000152558	TMEM123
10494	ENSG00000137673	MMP7
10495	ENSG00000137674	MMP20
10496	ENSG00000137675	MMP27
10497	ENSG00000118113	MMP8
10498	ENSG00000166670	MMP10
10499	ENSG00000196611	MMP1
10500	ENSG00000149968	MMP3
10501	ENSG00000262406	MMP12
10502	ENSG00000137745	MMP13
10503	ENSG00000187240	DYNC2H1
10504	ENSG00000170962	PDGFD
10505	ENSG00000170967	DDI1
10506	ENSG00000196954	CASP4
10507	ENSG00000137757	CASP5
10508	ENSG00000137752	CASP1
10509	ENSG00000204397	CARD16
10510	ENSG00000255501	CARD18
10511	ENSG00000152578	GRIA4
10512	ENSG00000170903	MSANTD4
10513	ENSG00000182359	KBTBD3
10514	ENSG00000149313	AASDHPPT
10515	ENSG00000152404	CWF19L2
10516	ENSG00000137760	ALKBH8
10517	ENSG00000110675	ELMOD1
10518	ENSG00000170290	SLN
10519	ENSG00000110660	SLC35F2
10520	ENSG00000179331	RAB39A
10521	ENSG00000166266	CUL5
10522	ENSG00000075239	ACAT1
10523	ENSG00000149308	NPAT
10524	ENSG00000149311	ATM
10525	ENSG00000166323	C11orf65
10526	ENSG00000178202	POGLUT3
10527	ENSG00000110723	EXPH5
10528	ENSG00000178105	DDX10
10529	ENSG00000185742	C11orf87
10530	ENSG00000137710	RDX
10531	ENSG00000149289	ZC3H12C
10532	ENSG00000137714	FDX1
10533	ENSG00000137727	ARHGAP20
10534	ENSG00000150750	C11orf53
10535	ENSG00000214290	COLCA2
10536	ENSG00000110777	POU2AF1
10537	ENSG00000137707	BTG4
10538	ENSG00000183644	HOATZ
10539	ENSG00000204381	LAYN
10540	ENSG00000170145	SIK2
10541	ENSG00000137713	PPP2R1B
10542	ENSG00000086848	ALG9
10543	ENSG00000255561	FDXACB1
10544	ENSG00000137720	C11orf1
10545	ENSG00000109846	CRYAB
10546	ENSG00000170276	HSPB2
10547	ENSG00000149300	C11orf52
10548	ENSG00000150764	DIXDC1
10549	ENSG00000150768	DLAT
10550	ENSG00000150773	PIH1D2
10551	ENSG00000150776	NKAPD1
10552	ENSG00000150779	TIMM8B
10553	ENSG00000204370	SDHD
10554	ENSG00000150782	IL18
10555	ENSG00000150783	TEX12
10556	ENSG00000197580	BCO2
10557	ENSG00000150787	PTS
10558	ENSG00000188771	PLET1
10559	ENSG00000149294	NCAM1
10560	ENSG00000149292	TTC12
10561	ENSG00000170209	ANKK1
10562	ENSG00000149295	DRD2
10563	ENSG00000166682	TMPRSS5
10564	ENSG00000086827	ZW10
10565	ENSG00000048028	USP28
10566	ENSG00000149305	HTR3B
10567	ENSG00000166736	HTR3A
10568	ENSG00000109906	ZBTB16
10569	ENSG00000166741	NNMT
10570	ENSG00000180425	C11orf71
10571	ENSG00000076053	RBM7
10572	ENSG00000076043	REXO2
10573	ENSG00000095110	NXPE1
10574	ENSG00000137634	NXPE4
10575	ENSG00000204361	NXPE2
10576	ENSG00000182985	CADM1
10577	ENSG00000137656	BUD13
10578	ENSG00000109917	ZPR1
10579	ENSG00000110243	APOA5
10580	ENSG00000110244	APOA4
10581	ENSG00000110245	APOC3
10582	ENSG00000118137	APOA1
10583	ENSG00000160584	SIK3
10584	ENSG00000168092	PAFAH1B2
10585	ENSG00000149577	SIDT2
10586	ENSG00000149591	TAGLN
10587	ENSG00000160613	PCSK7
10588	ENSG00000167257	RNF214
10589	ENSG00000186318	BACE1
10590	ENSG00000110274	CEP164
10591	ENSG00000177103	DSCAML1
10592	ENSG00000137731	FXYD2
10593	ENSG00000137726	FXYD6
10594	ENSG00000137747	TMPRSS13
10595	ENSG00000110324	IL10RA
10596	ENSG00000255274	SMIM35
10597	ENSG00000137648	TMPRSS4
10598	ENSG00000177098	SCN4B
10599	ENSG00000149575	SCN2B
10600	ENSG00000160593	JAML
10601	ENSG00000160588	MPZL3
10602	ENSG00000149573	MPZL2
10603	ENSG00000198851	CD3E
10604	ENSG00000167286	CD3D
10605	ENSG00000160654	CD3G
10606	ENSG00000110344	UBE4A
10607	ENSG00000167283	ATP5MG
10608	ENSG00000118058	KMT2A
10609	ENSG00000172425	TTC36
10610	ENSG00000149582	TMEM25
10611	ENSG00000118096	IFT46
10612	ENSG00000095139	ARCN1
10613	ENSG00000019144	PHLDB1
10614	ENSG00000118094	TREH
10615	ENSG00000110367	DDX6
10616	ENSG00000160683	CXCR5
10617	ENSG00000186174	BCL9L
10618	ENSG00000110375	UPK2
10619	ENSG00000176302	FOXR1
10620	ENSG00000186166	CENATAC
10621	ENSG00000118181	RPS25
10622	ENSG00000196655	TRAPPC4
10623	ENSG00000137700	SLC37A4
10624	ENSG00000149428	HYOU1
10625	ENSG00000160695	VPS11
10626	ENSG00000256269	HMBS
10627	ENSG00000188486	H2AX
10628	ENSG00000172269	DPAGT1
10629	ENSG00000172375	C2CD2L
10630	ENSG00000172273	HINFP
10631	ENSG00000172350	ABCG4
10632	ENSG00000160703	NLRX1
10633	ENSG00000172367	PDZD3
10634	ENSG00000248712	CCDC153
10635	ENSG00000110395	CBL
10636	ENSG00000076706	MCAM
10637	ENSG00000173456	RNF26
10638	ENSG00000223953	C1QTNF5
10639	ENSG00000235718	MFRP
10640	ENSG00000036672	USP2
10641	ENSG00000154096	THY1
10642	ENSG00000110400	NECTIN1
10643	ENSG00000137699	TRIM29
10644	ENSG00000184232	OAF
10645	ENSG00000137709	POU2F3
10646	ENSG00000181264	TLCD5
10647	ENSG00000196914	ARHGEF12
10648	ENSG00000149403	GRIK4
10649	ENSG00000154114	TBCEL
10650	ENSG00000109927	TECTA
10651	ENSG00000109929	SC5D
10652	ENSG00000137642	SORL1
10653	ENSG00000259571	BLID
10654	ENSG00000154127	UBASH3B
10655	ENSG00000109943	CRTAM
10656	ENSG00000109944	JHY
10657	ENSG00000188909	BSX
10658	ENSG00000109971	HSPA8
10659	ENSG00000166250	CLMP
10660	ENSG00000023171	GRAMD1B
10661	ENSG00000166257	SCN3B
10662	ENSG00000166261	ZNF202
10663	ENSG00000204300	TMEM225
10664	ENSG00000181518	OR8D4
10665	ENSG00000196248	OR10S1
10666	ENSG00000254737	OR10G4
10667	ENSG00000234560	OR10G8
10668	ENSG00000182634	OR10G7
10669	ENSG00000110002	VWA5A
10670	ENSG00000197309	OR10D3
10671	ENSG00000197849	OR8G1
10672	ENSG00000255298	OR8G5
10673	ENSG00000196341	OR8D1
10675	ENSG00000197125	OR8B8
10676	ENSG00000196119	OR8A1
10677	ENSG00000154143	PANX3
10678	ENSG00000154144	TBRG1
10679	ENSG00000110013	SIAE
10680	ENSG00000064199	SPA17
10681	ENSG00000154146	NRGN
10682	ENSG00000019102	VSIG2
10683	ENSG00000149564	ESAM
10684	ENSG00000120458	MSANTD2
10685	ENSG00000154134	ROBO3
10686	ENSG00000154133	ROBO4
10687	ENSG00000165478	HEPACAM
10688	ENSG00000149548	CCDC15
10689	ENSG00000134955	SLC37A2
10690	ENSG00000150433	TMEM218
10691	ENSG00000165495	PKNOX2
10692	ENSG00000149557	FEZ1
10693	ENSG00000149547	EI24
10694	ENSG00000134910	STT3A
10695	ENSG00000149554	CHEK1
10696	ENSG00000134940	ACRV1
10697	ENSG00000171053	PATE1
10698	ENSG00000196844	PATE2
10699	ENSG00000236027	PATE3
10700	ENSG00000237353	PATE4
10701	ENSG00000198331	HYLS1
10702	ENSG00000110060	PUS3
10703	ENSG00000109832	DDX25
10704	ENSG00000283703	VSIG10L2
10705	ENSG00000064309	CDON
10706	ENSG00000165526	RPUSD4
10707	ENSG00000197798	FAM118B
10708	ENSG00000182934	SRPRA
10709	ENSG00000110074	FOXRED1
10710	ENSG00000150455	TIRAP
10711	ENSG00000110063	DCPS
10712	ENSG00000110080	ST3GAL4
10713	ENSG00000149571	KIRREL3
10714	ENSG00000134954	ETS1
10715	ENSG00000151702	FLI1
10716	ENSG00000151704	KCNJ1
10717	ENSG00000120457	KCNJ5
10718	ENSG00000174370	C11orf45
10719	ENSG00000120471	TP53AIP1
10720	ENSG00000134909	ARHGAP32
10721	ENSG00000043039	BARX2
10722	ENSG00000151715	TMEM45B
10723	ENSG00000170322	NFRKB
10724	ENSG00000170325	PRDM10
10725	ENSG00000084234	APLP2
10726	ENSG00000149418	ST14
10727	ENSG00000196323	ZBTB44
10728	ENSG00000134917	ADAMTS8
10729	ENSG00000166106	ADAMTS15
10730	ENSG00000182667	NTM
10731	ENSG00000183715	OPCML
10732	ENSG00000166118	SPATA19
10733	ENSG00000166086	JAM3
10734	ENSG00000151503	NCAPD3
10735	ENSG00000151502	VPS26B
10736	ENSG00000151500	THYN1
10737	ENSG00000151498	ACAD8
10738	ENSG00000166105	GLB1L3
10739	ENSG00000149328	GLB1L2
10740	ENSG00000109956	B3GAT1
10741	ENSG00000120645	IQSEC3
10742	ENSG00000111181	SLC6A12
10743	ENSG00000010379	SLC6A13
10744	ENSG00000073614	KDM5A
10745	ENSG00000120647	CCDC77
10746	ENSG00000139044	B4GALNT3
10747	ENSG00000171840	NINJ2
10748	ENSG00000060237	WNK1
10749	ENSG00000002016	RAD52
10750	ENSG00000082805	ERC1
10751	ENSG00000111186	WNT5B
10752	ENSG00000171823	FBXL14
10753	ENSG00000006831	ADIPOR2
10754	ENSG00000151062	CACNA2D4
10755	ENSG00000166159	LRTM2
10756	ENSG00000151065	DCP1B
10757	ENSG00000151067	CACNA1C
10758	ENSG00000004478	FKBP4
10759	ENSG00000111203	ITFG2
10760	ENSG00000053702	NRIP2
10761	ENSG00000283297	TEX52
10762	ENSG00000111206	FOXM1
10763	ENSG00000171792	RHNO1
10764	ENSG00000078246	TULP3
10765	ENSG00000197905	TEAD4
10766	ENSG00000011105	TSPAN9
10767	ENSG00000111218	PRMT8
10768	ENSG00000130038	CRACR2A
10769	ENSG00000111224	PARP11
10770	ENSG00000118971	CCND2
10771	ENSG00000078237	TIGAR
10772	ENSG00000118972	FGF23
10773	ENSG00000111241	FGF6
10774	ENSG00000047621	C12orf4
10775	ENSG00000111247	RAD51AP1
10776	ENSG00000010219	DYRK4
10777	ENSG00000111254	AKAP3
10778	ENSG00000139180	NDUFA9
10779	ENSG00000130035	GALNT8
10780	ENSG00000151079	KCNA6
10781	ENSG00000111262	KCNA1
10782	ENSG00000130037	KCNA5
10783	ENSG00000185652	NTF3
10784	ENSG00000047617	ANO2
10785	ENSG00000110799	VWF
10786	ENSG00000010278	CD9
10787	ENSG00000008323	PLEKHG6
10788	ENSG00000067182	TNFRSF1A
10789	ENSG00000111319	SCNN1A
10790	ENSG00000111321	LTBR
10791	ENSG00000139193	CD27
10792	ENSG00000139192	TAPBPL
10793	ENSG00000139190	VAMP1
10794	ENSG00000111639	MRPL51
10795	ENSG00000010292	NCAPD2
10796	ENSG00000111640	GAPDH
10797	ENSG00000010295	IFFO1
10798	ENSG00000111641	NOP2
10799	ENSG00000111642	CHD4
10800	ENSG00000184574	LPAR5
10801	ENSG00000111644	ACRBP
10802	ENSG00000111653	ING4
10803	ENSG00000126746	ZNF384
10804	ENSG00000139200	PIANP
10805	ENSG00000111652	COPS7A
10806	ENSG00000089693	MLF2
10807	ENSG00000159335	PTMS
10808	ENSG00000089692	LAG3
10809	ENSG00000010610	CD4
10810	ENSG00000250510	GPR162
10811	ENSG00000110811	P3H3
10812	ENSG00000111664	GNB3
10813	ENSG00000111665	CDCA3
10814	ENSG00000111667	USP5
10815	ENSG00000111669	TPI1
10816	ENSG00000111671	SPSB2
10817	ENSG00000010626	LRRC23
10818	ENSG00000111674	ENO2
10819	ENSG00000111676	ATN1
10820	ENSG00000111678	C12orf57
10821	ENSG00000111679	PTPN6
10822	ENSG00000215021	PHB2
10823	ENSG00000126749	EMG1
10824	ENSG00000111684	LPCAT3
10825	ENSG00000182326	C1S
10826	ENSG00000159403	C1R
10827	ENSG00000139178	C1RL
10828	ENSG00000139194	RBP5
10829	ENSG00000139182	CLSTN3
10830	ENSG00000139197	PEX5
10831	ENSG00000215009	ACSM4
10832	ENSG00000177675	CD163L1
10833	ENSG00000177575	CD163
10834	ENSG00000111701	APOBEC1
10835	ENSG00000184344	GDF3
10836	ENSG00000187569	DPPA3
10837	ENSG00000198178	CLEC4C
10838	ENSG00000205857	NANOGNB
10839	ENSG00000111704	NANOG
10840	ENSG00000173262	SLC2A14
10841	ENSG00000059804	SLC2A3
10842	ENSG00000065970	FOXJ2
10843	ENSG00000171860	C3AR1
10844	ENSG00000089818	NECAP1
10845	ENSG00000111729	CLEC4A
10846	ENSG00000196946	ZNF705A
10847	ENSG00000171847	FAM90A1
10848	ENSG00000205846	CLEC6A
10849	ENSG00000166527	CLEC4D
10850	ENSG00000166523	CLEC4E
10851	ENSG00000111732	AICDA
10852	ENSG00000197614	MFAP5
10853	ENSG00000166532	RIMKLB
10854	ENSG00000166535	A2ML1
10855	ENSG00000111752	PHC1
10856	ENSG00000003056	M6PR
10857	ENSG00000139187	KLRG1
10858	ENSG00000175899	A2M
10859	ENSG00000126838	PZP
10860	ENSG00000111796	KLRB1
10861	ENSG00000069493	CLEC2D
10862	ENSG00000110848	CD69
10863	ENSG00000150045	KLRF1
10864	ENSG00000110852	CLEC2B
10865	ENSG00000188393	CLEC2A
10866	ENSG00000172322	CLEC12A
10867	ENSG00000165682	CLEC1B
10868	ENSG00000256660	CLEC12B
10869	ENSG00000197992	CLEC9A
10870	ENSG00000150048	CLEC1A
10871	ENSG00000172243	CLEC7A
10872	ENSG00000173391	OLR1
10873	ENSG00000165685	TMEM52B
10874	ENSG00000139112	GABARAPL1
10875	ENSG00000213809	KLRK1
10876	ENSG00000183542	KLRC4
10877	ENSG00000205810	KLRC3
10878	ENSG00000205809	KLRC2
10879	ENSG00000134545	KLRC1
10880	ENSG00000180574	EIF2S3B
10881	ENSG00000111196	MAGOHB
10882	ENSG00000060140	STYK1
10883	ENSG00000060138	YBX3
10884	ENSG00000121377	TAS2R7
10885	ENSG00000121381	TAS2R9
10886	ENSG00000231887	PRH1
10887	ENSG00000121318	TAS2R10
10888	ENSG00000111215	PRR4
10889	ENSG00000212128	TAS2R13
10890	ENSG00000134551	PRH2
10891	ENSG00000212127	TAS2R14
10892	ENSG00000212126	TAS2R50
10893	ENSG00000255837	TAS2R20
10894	ENSG00000212124	TAS2R19
10895	ENSG00000226761	TAS2R46
10896	ENSG00000255374	TAS2R43
10897	ENSG00000256188	TAS2R30
10898	ENSG00000256537	SMIM10L1
10899	ENSG00000197870	PRB3
10900	ENSG00000230657	PRB4
10901	ENSG00000251655	PRB1
10902	ENSG00000121335	PRB2
10903	ENSG00000139083	ETV6
10904	ENSG00000121380	BCL2L14
10905	ENSG00000070018	LRP6
10906	ENSG00000111261	MANSC1
10907	ENSG00000165714	BORCS5
10908	ENSG00000111266	DUSP16
10909	ENSG00000111269	CREBL2
10910	ENSG00000183150	GPR19
10911	ENSG00000111276	CDKN1B
10912	ENSG00000178878	APOLD1
10913	ENSG00000213782	DDX47
10914	ENSG00000013588	GPRC5A
10915	ENSG00000013583	HEBP1
10916	ENSG00000084444	FAM234B
10917	ENSG00000111305	GSG1
10918	ENSG00000134531	EMP1
10919	ENSG00000171681	ATF7IP
10920	ENSG00000121316	PLBD1
10921	ENSG00000070019	GUCY2C
10922	ENSG00000197837	H4-16
10923	ENSG00000246705	H2AJ
10924	ENSG00000084463	WBP11
10925	ENSG00000182993	C12orf60
10926	ENSG00000179256	SMCO3
10927	ENSG00000111339	ART4
10928	ENSG00000111341	MGP
10929	ENSG00000139055	ERP27
10930	ENSG00000111348	ARHGDIB
10931	ENSG00000139053	PDE6H
10932	ENSG00000134533	RERG
10933	ENSG00000151490	PTPRO
10934	ENSG00000151491	EPS8
10935	ENSG00000023734	STRAP
10936	ENSG00000023697	DERA
10937	ENSG00000188991	SLC15A5
10938	ENSG00000008394	MGST1
10939	ENSG00000048540	LMO3
10940	ENSG00000111404	RERGL
10941	ENSG00000139144	PIK3C2G
10942	ENSG00000139151	PLCZ1
10943	ENSG00000052126	PLEKHA5
10944	ENSG00000139154	AEBP2
10945	ENSG00000172572	PDE3A
10946	ENSG00000139155	SLCO1C1
10947	ENSG00000111700	SLCO1B3
10948	ENSG00000134538	SLCO1B1
10949	ENSG00000084453	SLCO1A2
10950	ENSG00000121351	IAPP
10951	ENSG00000121350	PYROXD1
10952	ENSG00000004700	RECQL
10953	ENSG00000111711	GOLT1B
10954	ENSG00000134548	SPX
10955	ENSG00000111713	GYS2
10956	ENSG00000111716	LDHB
10957	ENSG00000121361	KCNJ8
10958	ENSG00000069431	ABCC9
10959	ENSG00000111726	CMAS
10960	ENSG00000111728	ST8SIA1
10961	ENSG00000111731	C2CD5
10962	ENSG00000139163	ETNK1
10963	ENSG00000134532	SOX5
10964	ENSG00000060982	BCAT1
10965	ENSG00000118308	IRAG2
10966	ENSG00000118307	DNAI7
10967	ENSG00000205707	ETFRF1
10968	ENSG00000133703	KRAS
10969	ENSG00000152936	LMNTD1
10970	ENSG00000123094	RASSF8
10971	ENSG00000123095	BHLHE41
10972	ENSG00000123096	SSPN
10973	ENSG00000123104	ITPR2
10974	ENSG00000064102	INTS13
10975	ENSG00000111790	FGFR1OP2
10976	ENSG00000064115	TM7SF3
10977	ENSG00000152944	MED21
10978	ENSG00000214700	C12orf71
10979	ENSG00000211455	STK38L
10980	ENSG00000029153	ARNTL2
10981	ENSG00000165935	SMCO2
10982	ENSG00000110841	PPFIBP1
10983	ENSG00000174236	REP15
10984	ENSG00000061794	MRPS35
10985	ENSG00000205693	MANSC4
10986	ENSG00000087448	KLHL42
10987	ENSG00000087494	PTHLH
10988	ENSG00000123106	CCDC91
10989	ENSG00000064763	FAR2
10990	ENSG00000087502	ERGIC2
10991	ENSG00000187950	OVCH1
10992	ENSG00000133687	TMTC1
10993	ENSG00000133704	IPO8
10994	ENSG00000110888	CAPRIN2
10995	ENSG00000110900	TSPAN11
10996	ENSG00000013573	DDX11
10997	ENSG00000139146	SINHCAF
10998	ENSG00000170456	DENND5B
11000	ENSG00000139160	ETFBKMT
11001	ENSG00000151743	AMN1
11002	ENSG00000188375	H3-5
11003	ENSG00000174718	RESF1
11004	ENSG00000151746	BICD1
11005	ENSG00000139132	FGD4
11006	ENSG00000087470	DNM1L
11007	ENSG00000139131	YARS2
11008	ENSG00000057294	PKP2
11009	ENSG00000110975	SYT10
11010	ENSG00000139133	ALG10
11011	ENSG00000175548	ALG10B
11012	ENSG00000139117	CPNE8
11013	ENSG00000139116	KIF21A
11014	ENSG00000173208	ABCD2
11015	ENSG00000180116	C12orf40
11016	ENSG00000151229	SLC2A13
11017	ENSG00000188906	LRRK2
11018	ENSG00000018236	CNTN1
11019	ENSG00000165966	PDZRN4
11020	ENSG00000151233	GXYLT1
11021	ENSG00000015153	YAF2
11022	ENSG00000134283	PPHLN1
11023	ENSG00000139168	ZCRB1
11024	ENSG00000139174	PRICKLE1
11025	ENSG00000173157	ADAMTS20
11026	ENSG00000198001	IRAK4
11027	ENSG00000151239	TWF1
11028	ENSG00000139173	TMEM117
11029	ENSG00000184613	NELL2
11030	ENSG00000185610	DBX2
11031	ENSG00000177119	ANO6
11032	ENSG00000189079	ARID2
11033	ENSG00000139218	SCAF11
11034	ENSG00000111371	SLC38A1
11035	ENSG00000134294	SLC38A2
11036	ENSG00000139209	SLC38A4
11037	ENSG00000139211	AMIGO2
11038	ENSG00000179715	PCED1B
11039	ENSG00000005175	RPAP3
11040	ENSG00000111405	ENDOU
11041	ENSG00000079337	RAPGEF3
11042	ENSG00000211584	SLC48A1
11043	ENSG00000061273	HDAC7
11044	ENSG00000111424	VDR
11045	ENSG00000134291	TMEM106C
11046	ENSG00000139219	COL2A1
11047	ENSG00000079387	SENP1
11048	ENSG00000152556	PFKM
11049	ENSG00000177981	ASB8
11050	ENSG00000177875	CCDC184
11051	ENSG00000187166	H1-7
11052	ENSG00000167528	ZNF641
11053	ENSG00000139223	ANP32D
11054	ENSG00000177627	C12orf54
11055	ENSG00000167531	LALBA
11056	ENSG00000139620	KANSL2
11057	ENSG00000129315	CCNT1
11058	ENSG00000257987	TEX49
11059	ENSG00000174233	ADCY6
11060	ENSG00000167535	CACNB3
11061	ENSG00000174243	DDX23
11062	ENSG00000172602	RND1
11063	ENSG00000139537	CCDC65
11064	ENSG00000134285	FKBP11
11065	ENSG00000134287	ARF3
11066	ENSG00000169884	WNT10B
11067	ENSG00000125084	WNT1
11068	ENSG00000181418	DDN
11069	ENSG00000181929	PRKAG1
11070	ENSG00000167548	KMT2D
11071	ENSG00000167550	RHEBL1
11072	ENSG00000139549	DHH
11073	ENSG00000139636	LMBR1L
11074	ENSG00000123416	TUBA1B
11075	ENSG00000167552	TUBA1A
11076	ENSG00000167553	TUBA1C
11077	ENSG00000135406	PRPH
11078	ENSG00000135451	TROAP
11079	ENSG00000186897	C1QL4
11080	ENSG00000178401	DNAJC22
11081	ENSG00000123352	SPATS2
11082	ENSG00000135519	KCNH3
11083	ENSG00000187778	MCRS1
11084	ENSG00000110844	PRPF40B
11085	ENSG00000135436	FAM186B
11086	ENSG00000161791	FMNL3
11087	ENSG00000139644	TMBIM6
11088	ENSG00000167566	NCKAP5L
11089	ENSG00000186666	BCDIN3D
11090	ENSG00000135472	FAIM2
11091	ENSG00000167580	AQP2
11092	ENSG00000161798	AQP5
11093	ENSG00000086159	AQP6
11094	ENSG00000161800	RACGAP1
11095	ENSG00000110881	ASIC1
11096	ENSG00000066117	SMARCD1
11097	ENSG00000167588	GPD1
11098	ENSG00000178449	COX14
11099	ENSG00000139624	CERS5
11100	ENSG00000050405	LIMA1
11101	ENSG00000185958	FAM186A
11102	ENSG00000161813	LARP4
11103	ENSG00000066084	DIP2B
11104	ENSG00000123268	ATF1
11105	ENSG00000186452	TMPRSS12
11106	ENSG00000185432	METTL7A
11107	ENSG00000110911	SLC11A2
11108	ENSG00000050426	LETMD1
11109	ENSG00000110925	CSRNP2
11110	ENSG00000135457	TFCP2
11111	ENSG00000184271	POU6F1
11112	ENSG00000183283	DAZAP2
11113	ENSG00000170545	SMAGP
11114	ENSG00000110934	BIN2
11115	ENSG00000139610	CELA1
11116	ENSG00000139629	GALNT6
11117	ENSG00000050438	SLC4A8
11118	ENSG00000196876	SCN8A
11119	ENSG00000261308	FIGNL2
11120	ENSG00000167612	ANKRD33
11121	ENSG00000139567	ACVRL1
11122	ENSG00000135503	ACVR1B
11123	ENSG00000161835	TAMALIN
11124	ENSG00000123358	NR4A1
11125	ENSG00000123395	ATG101
11127	ENSG00000167767	KRT80
11128	ENSG00000135480	KRT7
11129	ENSG00000170442	KRT86
11130	ENSG00000205426	KRT81
11131	ENSG00000170523	KRT83
11132	ENSG00000135443	KRT85
11133	ENSG00000161849	KRT84
11134	ENSG00000161850	KRT82
11135	ENSG00000170454	KRT75
11136	ENSG00000185479	KRT6B
11137	ENSG00000170465	KRT6C
11138	ENSG00000205420	KRT6A
11139	ENSG00000186081	KRT5
11140	ENSG00000139648	KRT71
11141	ENSG00000170484	KRT74
11142	ENSG00000170486	KRT72
11143	ENSG00000186049	KRT73
11144	ENSG00000172867	KRT2
11145	ENSG00000167768	KRT1
11146	ENSG00000189182	KRT77
11147	ENSG00000185069	KRT76
11148	ENSG00000186442	KRT3
11149	ENSG00000170477	KRT4
11150	ENSG00000185640	KRT79
11151	ENSG00000170423	KRT78
11152	ENSG00000170421	KRT8
11153	ENSG00000111057	KRT18
11154	ENSG00000063046	EIF4B
11155	ENSG00000111077	TNS2
11156	ENSG00000167778	SPRYD3
11157	ENSG00000167779	IGFBP6
11158	ENSG00000167780	SOAT2
11159	ENSG00000139631	CSAD
11160	ENSG00000139651	ZNF740
11161	ENSG00000139626	ITGB7
11162	ENSG00000172819	RARG
11163	ENSG00000182544	MFSD5
11164	ENSG00000135476	ESPL1
11165	ENSG00000123349	PFDN5
11166	ENSG00000139637	MYG1
11167	ENSG00000094914	AAAS
11168	ENSG00000170374	SP7
11169	ENSG00000185591	SP1
11170	ENSG00000135409	AMHR2
11171	ENSG00000205352	PRR13
11172	ENSG00000197111	PCBP2
11173	ENSG00000139625	MAP3K12
11174	ENSG00000139546	TARBP2
11175	ENSG00000139574	NPFF
11176	ENSG00000170653	ATF7
11177	ENSG00000135390	ATP5MC2
11178	ENSG00000012822	CALCOCO1
11179	ENSG00000123364	HOXC13
11180	ENSG00000123407	HOXC12
11181	ENSG00000123388	HOXC11
11182	ENSG00000180818	HOXC10
11183	ENSG00000197757	HOXC6
11184	ENSG00000180806	HOXC9
11185	ENSG00000037965	HOXC8
11186	ENSG00000198353	HOXC4
11187	ENSG00000172789	HOXC5
11188	ENSG00000123415	SMUG1
11189	ENSG00000135486	HNRNPA1
11190	ENSG00000123405	NFE2
11191	ENSG00000111481	COPZ1
11192	ENSG00000139572	GPR84
11193	ENSG00000161642	ZNF385A
11194	ENSG00000161638	ITGA5
11195	ENSG00000170627	GTSF1
11196	ENSG00000123338	NCKAP1L
11197	ENSG00000123360	PDE1B
11198	ENSG00000135447	PPP1R1A
11199	ENSG00000135413	LACRT
11200	ENSG00000161634	DCD
11201	ENSG00000172551	MUCL1
11202	ENSG00000135426	TESPA1
11203	ENSG00000123307	NEUROD4
11204	ENSG00000170605	OR9K2
11205	ENSG00000197706	OR6C74
11206	ENSG00000188324	OR6C6
11207	ENSG00000205330	OR6C1
11208	ENSG00000205329	OR6C3
11209	ENSG00000187857	OR6C75
11210	ENSG00000179695	OR6C2
11211	ENSG00000179626	OR6C4
11212	ENSG00000179615	OR2AP1
11213	ENSG00000170439	METTL7B
11214	ENSG00000135424	ITGA7
11215	ENSG00000135441	BLOC1S1
11216	ENSG00000135437	RDH5
11217	ENSG00000135404	CD63
11218	ENSG00000135414	GDF11
11219	ENSG00000205323	SARNP
11220	ENSG00000123353	ORMDL2
11221	ENSG00000135392	DNAJC14
11222	ENSG00000123342	MMP19
11223	ENSG00000170473	PYM1
11224	ENSG00000065357	DGKA
11225	ENSG00000185664	PMEL
11226	ENSG00000123374	CDK2
11227	ENSG00000111540	RAB5B
11228	ENSG00000139531	SUOX
11229	ENSG00000123411	IKZF4
11230	ENSG00000197728	RPS26
11231	ENSG00000065361	ERBB3
11232	ENSG00000170515	PA2G4
11233	ENSG00000229117	RPL41
11234	ENSG00000139641	ESYT1
11235	ENSG00000135482	ZC3H10
11236	ENSG00000196465	MYL6B
11237	ENSG00000092841	MYL6
11238	ENSG00000139613	SMARCC2
11239	ENSG00000181852	RNF41
11240	ENSG00000139579	NABP2
11241	ENSG00000139540	SLC39A5
11242	ENSG00000139645	ANKRD52
11243	ENSG00000135469	COQ10A
11244	ENSG00000062485	CS
11245	ENSG00000257727	CNPY2
11246	ENSG00000135473	PAN2
11247	ENSG00000110944	IL23A
11248	ENSG00000170581	STAT2
11249	ENSG00000175336	APOF
11250	ENSG00000111602	TIMELESS
11251	ENSG00000135517	MIP
11252	ENSG00000135423	GLS2
11253	ENSG00000076067	RBMS2
11254	ENSG00000076108	BAZ2A
11255	ENSG00000110955	ATP5F1B
11256	ENSG00000110958	PTGES3
11257	ENSG00000196531	NACA
11258	ENSG00000198056	PRIM1
11259	ENSG00000025423	HSD17B6
11260	ENSG00000170426	SDR9C7
11261	ENSG00000139547	RDH16
11262	ENSG00000166856	GPR182
11263	ENSG00000166860	ZBTB39
11264	ENSG00000166863	TAC3
11265	ENSG00000166866	MYO1A
11266	ENSG00000166881	NEMP1
11267	ENSG00000166886	NAB2
11268	ENSG00000166888	STAT6
11269	ENSG00000123384	LRP1
11270	ENSG00000182379	NXPH4
11271	ENSG00000182199	SHMT2
11272	ENSG00000185633	NDUFA4L2
11273	ENSG00000185482	STAC3
11274	ENSG00000179912	R3HDM2
11275	ENSG00000175189	INHBC
11276	ENSG00000139269	INHBE
11277	ENSG00000111087	GLI1
11278	ENSG00000123329	ARHGAP9
11279	ENSG00000166986	MARS1
11280	ENSG00000175197	DDIT3
11281	ENSG00000166987	MBD6
11282	ENSG00000175203	DCTN2
11283	ENSG00000155980	KIF5A
11284	ENSG00000166908	PIP4K2C
11285	ENSG00000178498	DTX3
11286	ENSG00000240771	ARHGEF25
11287	ENSG00000135454	B4GALNT1
11288	ENSG00000135506	OS9
11289	ENSG00000135439	AGAP2
11290	ENSG00000135452	TSPAN31
11291	ENSG00000135446	CDK4
11292	ENSG00000139266	MARCHF9
11293	ENSG00000111012	CYP27B1
11294	ENSG00000037897	METTL1
11295	ENSG00000123427	EEF1AKMT3
11296	ENSG00000123297	TSFM
11297	ENSG00000135407	AVIL
11298	ENSG00000175215	CTDSP2
11299	ENSG00000166896	ATP23
11300	ENSG00000139263	LRIG3
11301	ENSG00000198673	TAFA2
11302	ENSG00000061987	MON2
11303	ENSG00000111110	PPM1H
11304	ENSG00000166148	AVPR1A
11305	ENSG00000177990	DPY19L2
11306	ENSG00000118600	RXYLT1
11307	ENSG00000174206	KICS2
11308	ENSG00000185306	C12orf56
11309	ENSG00000184575	XPOT
11310	ENSG00000183735	TBK1
11311	ENSG00000153179	RASSF3
11312	ENSG00000135677	GNS
11313	ENSG00000111490	TBC1D30
11314	ENSG00000156076	WIF1
11315	ENSG00000174106	LEMD3
11316	ENSG00000174099	MSRB3
11317	ENSG00000149948	HMGA2
11318	ENSG00000139233	LLPH
11319	ENSG00000155957	TMBIM4
11320	ENSG00000090376	IRAK3
11321	ENSG00000127311	HELB
11322	ENSG00000155974	GRIP1
11323	ENSG00000111530	CAND1
11324	ENSG00000127334	DYRK2
11325	ENSG00000111537	IFNG
11326	ENSG00000111536	IL26
11327	ENSG00000127318	IL22
11328	ENSG00000111554	MDM1
11329	ENSG00000111581	NUP107
11330	ENSG00000135679	MDM2
11331	ENSG00000135678	CPM
11332	ENSG00000111605	CPSF6
11333	ENSG00000090382	LYZ
11334	ENSG00000127337	YEATS4
11335	ENSG00000166225	FRS2
11336	ENSG00000166226	CCT2
11337	ENSG00000198812	LRRC10
11338	ENSG00000127325	BEST3
11339	ENSG00000127328	RAB3IP
11340	ENSG00000166268	MYRFL
11341	ENSG00000111596	CNOT2
11342	ENSG00000135643	KCNMB4
11343	ENSG00000127329	PTPRB
11344	ENSG00000153233	PTPRR
11345	ENSG00000127324	TSPAN8
11346	ENSG00000139292	LGR5
11347	ENSG00000133858	ZFC3H1
11348	ENSG00000173451	THAP2
11349	ENSG00000139291	TMEM19
11350	ENSG00000121749	TBC1D15
11351	ENSG00000139287	TPH2
11352	ENSG00000072657	TRHDE
11353	ENSG00000253719	ATXN7L3B
11354	ENSG00000166006	KCNC2
11355	ENSG00000180881	CAPS2
11356	ENSG00000173401	GLIPR1L1
11357	ENSG00000180481	GLIPR1L2
11358	ENSG00000139278	GLIPR1
11359	ENSG00000111615	KRR1
11360	ENSG00000139289	PHLDA1
11361	ENSG00000179941	BBS10
11362	ENSG00000091039	OSBPL8
11363	ENSG00000186908	ZDHHC17
11364	ENSG00000175183	CSRP2
11365	ENSG00000165891	E2F7
11366	ENSG00000067798	NAV3
11367	ENSG00000067715	SYT1
11368	ENSG00000177425	PAWR
11369	ENSG00000058272	PPP1R12A
11370	ENSG00000165899	OTOGL
11371	ENSG00000139304	PTPRQ
11372	ENSG00000111046	MYF6
11373	ENSG00000111049	MYF5
11374	ENSG00000111052	LIN7A
11375	ENSG00000111058	ACSS3
11376	ENSG00000139220	PPFIA2
11377	ENSG00000133773	CCDC59
11378	ENSG00000127720	METTL25
11379	ENSG00000179104	TMTC2
11380	ENSG00000072041	SLC6A15
11381	ENSG00000231738	TSPAN19
11382	ENSG00000133640	LRRIQ1
11383	ENSG00000180318	ALX1
11384	ENSG00000198774	RASSF9
11385	ENSG00000133636	NTS
11386	ENSG00000165805	C12orf50
11387	ENSG00000133641	C12orf29
11388	ENSG00000198707	CEP290
11389	ENSG00000139324	TMTC3
11390	ENSG00000049130	KITLG
11391	ENSG00000139318	DUSP6
11392	ENSG00000139323	POC1B
11393	ENSG00000257594	GALNT4
11394	ENSG00000070961	ATP2B1
11395	ENSG00000197651	CCER1
11396	ENSG00000083782	EPYC
11397	ENSG00000139330	KERA
11398	ENSG00000139329	LUM
11399	ENSG00000011465	DCN
11400	ENSG00000133639	BTG1
11401	ENSG00000187510	PLEKHG7
11402	ENSG00000102189	EEA1
11403	ENSG00000173598	NUDT4
11404	ENSG00000177889	UBE2N
11405	ENSG00000120833	SOCS2
11406	ENSG00000169372	CRADD
11407	ENSG00000136040	PLXNC1
11408	ENSG00000173588	CEP83
11409	ENSG00000057704	TMCC3
11410	ENSG00000184752	NDUFA12
11411	ENSG00000120798	NR2C1
11412	ENSG00000180263	FGD6
11413	ENSG00000028203	VEZT
11414	ENSG00000111142	METAP2
11415	ENSG00000136014	USP44
11416	ENSG00000074527	NTN4
11417	ENSG00000139343	SNRPF
11418	ENSG00000165972	CCDC38
11419	ENSG00000139344	AMDHD1
11420	ENSG00000084110	HAL
11421	ENSG00000111144	LTA4H
11422	ENSG00000111145	ELK3
11423	ENSG00000059758	CDK17
11424	ENSG00000188596	CFAP54
11425	ENSG00000139350	NEDD1
11426	ENSG00000120802	TMPO
11427	ENSG00000075415	SLC25A3
11428	ENSG00000166130	IKBIP
11429	ENSG00000120868	APAF1
11430	ENSG00000185046	ANKS1B
11431	ENSG00000180219	FAM71C
11432	ENSG00000111647	UHRF1BP1L
11433	ENSG00000075089	ACTR6
11434	ENSG00000166153	DEPDC4
11435	ENSG00000136021	SCYL2
11436	ENSG00000179520	SLC17A8
11437	ENSG00000012504	NR1H4
11438	ENSG00000139354	GAS2L3
11439	ENSG00000151572	ANO4
11440	ENSG00000256870	SLC5A8
11441	ENSG00000120800	UTP20
11442	ENSG00000120805	ARL1
11443	ENSG00000166211	SPIC
11444	ENSG00000196091	MYBPC1
11445	ENSG00000111666	CHPT1
11446	ENSG00000139351	SYCP3
11447	ENSG00000111670	GNPTAB
11448	ENSG00000136048	DRAM1
11449	ENSG00000120860	WASHC3
11450	ENSG00000075188	NUP37
11451	ENSG00000185480	PARPBP
11452	ENSG00000183395	PMCH
11453	ENSG00000017427	IGF1
11454	ENSG00000171759	PAH
11455	ENSG00000139352	ASCL1
11456	ENSG00000179088	C12orf42
11457	ENSG00000136011	STAB2
11458	ENSG00000111696	NT5DC3
11459	ENSG00000166598	HSP90B1
11460	ENSG00000204954	C12orf73
11461	ENSG00000139372	TDG
11462	ENSG00000120820	GLT8D2
11463	ENSG00000111727	HCFC2
11464	ENSG00000120837	NFYB
11465	ENSG00000198431	TXNRD1
11466	ENSG00000255150	EID3
11467	ENSG00000171310	CHST11
11468	ENSG00000136052	SLC41A2
11469	ENSG00000136010	ALDH1L2
11470	ENSG00000136051	WASHC4
11471	ENSG00000136044	APPL2
11472	ENSG00000235162	C12orf75
11473	ENSG00000074590	NUAK1
11474	ENSG00000136026	CKAP4
11475	ENSG00000166046	TCP11L2
11476	ENSG00000013503	POLR3B
11477	ENSG00000111783	RFX4
11478	ENSG00000111785	RIC8B
11479	ENSG00000151135	TMEM263
11480	ENSG00000120832	MTERF2
11481	ENSG00000008405	CRY1
11482	ENSG00000151136	BTBD11
11483	ENSG00000136045	PWP1
11484	ENSG00000110851	PRDM4
11485	ENSG00000187855	ASCL4
11486	ENSG00000075035	WSCD2
11487	ENSG00000174600	CMKLR1
11488	ENSG00000198855	FICD
11489	ENSG00000075856	SART3
11490	ENSG00000136003	ISCU
11491	ENSG00000183160	TMEM119
11492	ENSG00000110876	SELPLG
11493	ENSG00000110880	CORO1C
11494	ENSG00000084112	SSH1
11495	ENSG00000110887	DAO
11496	ENSG00000166111	SVOP
11497	ENSG00000135093	USP30
11498	ENSG00000189046	ALKBH2
11499	ENSG00000076248	UNG
11500	ENSG00000076555	ACACB
11501	ENSG00000139445	FOXN4
11502	ENSG00000174527	MYO1H
11503	ENSG00000110906	KCTD10
11504	ENSG00000151148	UBE3B
11505	ENSG00000139428	MMAB
11506	ENSG00000110921	MVK
11507	ENSG00000139438	FAM222A
11508	ENSG00000111199	TRPV4
11509	ENSG00000139433	GLTP
11510	ENSG00000139437	TCHP
11511	ENSG00000139436	GIT2
11512	ENSG00000076513	ANKRD13A
11513	ENSG00000174456	C12orf76
11514	ENSG00000122970	IFT81
11515	ENSG00000174437	ATP2A2
11516	ENSG00000196510	ANAPC7
11517	ENSG00000111229	ARPC3
11518	ENSG00000111231	GPN3
11519	ENSG00000204856	FAM216A
11520	ENSG00000111237	VPS29
11521	ENSG00000151164	RAD9B
11522	ENSG00000196850	PPTC7
11523	ENSG00000204852	TCTN1
11524	ENSG00000122986	HVCN1
11525	ENSG00000186298	PPP1CC
11526	ENSG00000173093	CCDC63
11527	ENSG00000111245	MYL2
11528	ENSG00000111249	CUX2
11529	ENSG00000198324	PHETA1
11530	ENSG00000111252	SH2B3
11531	ENSG00000204842	ATXN2
11532	ENSG00000089234	BRAP
11533	ENSG00000111271	ACAD10
11534	ENSG00000111275	ALDH2
11535	ENSG00000089022	MAPKAPK5
11536	ENSG00000198270	TMEM116
11537	ENSG00000089248	ERP29
11538	ENSG00000111300	NAA25
11539	ENSG00000135148	TRAFD1
11540	ENSG00000173064	HECTD4
11541	ENSG00000089009	RPL6
11542	ENSG00000179295	PTPN11
11543	ENSG00000089169	RPH3A
11544	ENSG00000089127	OAS1
11545	ENSG00000111331	OAS3
11546	ENSG00000111335	OAS2
11547	ENSG00000135144	DTX1
11548	ENSG00000111344	RASAL1
11549	ENSG00000186710	CFAP73
11550	ENSG00000123064	DDX54
11551	ENSG00000139405	RITA1
11552	ENSG00000166578	IQCD
11553	ENSG00000186815	TPCN1
11554	ENSG00000089060	SLC8B1
11555	ENSG00000151176	PLBD2
11556	ENSG00000135094	SDS
11557	ENSG00000139410	SDSL
11558	ENSG00000089116	LHX5
11559	ENSG00000122965	RBM19
11560	ENSG00000089225	TBX5
11561	ENSG00000135111	TBX3
11562	ENSG00000123066	MED13L
11563	ENSG00000258102	MAP1LC3B2
11564	ENSG00000111412	SPRING1
11565	ENSG00000135119	RNFT2
11566	ENSG00000135116	HRK
11567	ENSG00000174989	FBXW8
11568	ENSG00000088992	TESC
11569	ENSG00000135108	FBXO21
11570	ENSG00000089250	NOS1
11571	ENSG00000111445	RFC5
11572	ENSG00000176871	WSB2
11573	ENSG00000176834	VSIG10
11574	ENSG00000089220	PEBP1
11575	ENSG00000135090	TAOK3
11576	ENSG00000111707	SUDS3
11577	ENSG00000139767	SRRM4
11578	ENSG00000152137	HSPB8
11579	ENSG00000183273	CCDC60
11580	ENSG00000224982	TMEM233
11581	ENSG00000111725	PRKAB1
11582	ENSG00000122966	CIT
11583	ENSG00000135127	BICDL1
11584	ENSG00000111737	RAB35
11585	ENSG00000089154	GCN1
11586	ENSG00000089157	RPLP0
11587	ENSG00000089159	PXN
11588	ENSG00000089163	SIRT4
11589	ENSG00000170890	PLA2G1B
11590	ENSG00000135097	MSI1
11591	ENSG00000111775	COX6A1
11592	ENSG00000170855	TRIAP1
11593	ENSG00000257218	GATC
11594	ENSG00000111786	SRSF9
11595	ENSG00000088986	DYNLL1
11596	ENSG00000110871	COQ5
11597	ENSG00000022840	RNF10
11598	ENSG00000167272	POP5
11599	ENSG00000157782	CABP1
11600	ENSG00000110917	MLEC
11601	ENSG00000175970	UNC119B
11602	ENSG00000122971	ACADS
11603	ENSG00000157837	SPPL3
11604	ENSG00000135100	HNF1A
11605	ENSG00000157895	C12orf43
11606	ENSG00000135114	OASL
11607	ENSG00000089041	P2RX7
11608	ENSG00000135124	P2RX4
11609	ENSG00000110931	CAMKK2
11610	ENSG00000089053	ANAPC5
11611	ENSG00000170633	RNF34
11612	ENSG00000089094	KDM2B
11613	ENSG00000276045	ORAI1
11614	ENSG00000139714	MORN3
11615	ENSG00000188735	TMEM120B
11616	ENSG00000139725	RHOF
11617	ENSG00000139718	SETD1B
11618	ENSG00000158104	HPD
11619	ENSG00000110801	PSMD9
11620	ENSG00000158023	CFAP251
11621	ENSG00000110987	BCL7A
11622	ENSG00000175727	MLXIP
11623	ENSG00000158113	LRRC43
11624	ENSG00000204671	IL31
11625	ENSG00000176383	B3GNT4
11626	ENSG00000184047	DIABLO
11627	ENSG00000139719	VPS33A
11628	ENSG00000130779	CLIP1
11629	ENSG00000033030	ZCCHC8
11630	ENSG00000111011	RSRC2
11631	ENSG00000184445	KNTC1
11632	ENSG00000182782	HCAR2
11633	ENSG00000255398	HCAR3
11634	ENSG00000196917	HCAR1
11635	ENSG00000139726	DENR
11636	ENSG00000130783	CCDC62
11637	ENSG00000130787	HIP1R
11638	ENSG00000139722	VPS37B
11639	ENSG00000150967	ABCB9
11640	ENSG00000111325	OGFOD2
11641	ENSG00000182196	ARL6IP4
11642	ENSG00000090975	PITPNM2
11643	ENSG00000051825	MPHOSPH9
11644	ENSG00000130921	MTRFR
11645	ENSG00000111328	CDK2AP1
11646	ENSG00000139697	SBNO1
11647	ENSG00000183955	KMT5A
11648	ENSG00000150977	RILPL2
11649	ENSG00000184209	SNRNP35
11650	ENSG00000188026	RILPL1
11651	ENSG00000086598	TMED2
11652	ENSG00000111364	DDX55
11653	ENSG00000111361	EIF2B1
11654	ENSG00000111358	GTF2H3
11655	ENSG00000168778	TCTN2
11656	ENSG00000185344	ATP6V0A2
11657	ENSG00000197653	DNAH10
11658	ENSG00000119242	CCDC92
11659	ENSG00000179195	ZNF664
11660	ENSG00000178882	RFLNA
11661	ENSG00000196498	NCOR2
11662	ENSG00000073060	SCARB1
11663	ENSG00000150991	UBC
11664	ENSG00000150990	DHX37
11665	ENSG00000184992	BRI3BP
11666	ENSG00000081760	AACS
11667	ENSG00000139364	TMEM132B
11668	ENSG00000181234	TMEM132C
11669	ENSG00000139370	SLC15A4
11670	ENSG00000151948	GLT1D1
11671	ENSG00000151952	TMEM132D
11672	ENSG00000111432	FZD10
11673	ENSG00000125207	PIWIL1
11674	ENSG00000060709	RIMBP2
11675	ENSG00000111450	STX2
11676	ENSG00000132341	RAN
11677	ENSG00000111452	ADGRD1
11678	ENSG00000061936	SFSWAP
11679	ENSG00000198598	MMP17
11680	ENSG00000177169	ULK1
11681	ENSG00000177192	PUS1
11682	ENSG00000183495	EP400
11683	ENSG00000185163	DDX51
11684	ENSG00000184967	NOC4L
11685	ENSG00000182870	GALNT9
11686	ENSG00000112787	FBRSL1
11687	ENSG00000204583	LRCOL1
11688	ENSG00000187848	P2RX2
11689	ENSG00000177084	POLE
11690	ENSG00000176894	PXMP2
11691	ENSG00000247077	PGAM5
11692	ENSG00000176915	ANKLE2
11693	ENSG00000090615	GOLGA3
11694	ENSG00000072609	CHFR
11695	ENSG00000196458	ZNF605
11696	ENSG00000198040	ZNF84
11697	ENSG00000196387	ZNF140
11698	ENSG00000256223	ZNF10
11699	ENSG00000227059	ANHX
11700	ENSG00000198033	TUBA3C
11701	ENSG00000132958	TPTE2
11702	ENSG00000196199	MPHOSPH8
11703	ENSG00000121390	PSPC1
11704	ENSG00000132950	ZMYM5
11705	ENSG00000121741	ZMYM2
11706	ENSG00000121743	GJA3
11707	ENSG00000165474	GJB2
11708	ENSG00000121742	GJB6
11709	ENSG00000165475	CRYL1
11710	ENSG00000032742	IFT88
11711	ENSG00000172458	IL17D
11712	ENSG00000150456	EEF1AKMT1
11713	ENSG00000132953	XPO4
11714	ENSG00000150457	LATS2
11715	ENSG00000150459	SAP18
11716	ENSG00000165480	SKA3
11717	ENSG00000173141	MRPL57
11718	ENSG00000180776	ZDHHC20
11719	ENSG00000165487	MICU2
11720	ENSG00000102678	FGF9
11721	ENSG00000102683	SGCG
11722	ENSG00000151835	SACS
11723	ENSG00000127863	TNFRSF19
11724	ENSG00000027001	MIPEP
11725	ENSG00000205863	C1QTNF9B
11726	ENSG00000182957	SPATA13
11727	ENSG00000240654	C1QTNF9
11728	ENSG00000102699	PARP4
11729	ENSG00000075673	ATP12A
11730	ENSG00000132972	RNF17
11731	ENSG00000151849	CENPJ
11732	ENSG00000151846	PABPC3
11733	ENSG00000165566	AMER2
11734	ENSG00000139505	MTMR6
11735	ENSG00000139496	NUP58
11736	ENSG00000132932	ATP8A2
11737	ENSG00000180730	SHISA2
11738	ENSG00000127870	RNF6
11739	ENSG00000132964	CDK8
11740	ENSG00000132970	WASF3
11741	ENSG00000132975	GPR12
11742	ENSG00000152484	USP12
11743	ENSG00000122026	RPL21
11744	ENSG00000122035	RASL11A
11745	ENSG00000122034	GTF3A
11746	ENSG00000122033	MTIF3
11747	ENSG00000139517	LNX2
11748	ENSG00000186184	POLR1D
11749	ENSG00000169840	GSX1
11750	ENSG00000139515	PDX1
11751	ENSG00000165556	CDX2
11752	ENSG00000183463	URAD
11753	ENSG00000122025	FLT3
11754	ENSG00000152520	PAN3
11755	ENSG00000102755	FLT1
11756	ENSG00000132963	POMP
11757	ENSG00000139508	SLC46A3
11758	ENSG00000132938	MTUS2
11759	ENSG00000139514	SLC7A1
11760	ENSG00000122042	UBL3
11761	ENSG00000102781	KATNAL1
11762	ENSG00000236444	UBE2L5
11763	ENSG00000189403	HMGB1
11764	ENSG00000132952	USPL1
11765	ENSG00000132965	ALOX5AP
11766	ENSG00000102802	MEDAG
11767	ENSG00000175664	TEX26
11768	ENSG00000120694	HSPH1
11769	ENSG00000187676	B3GLCT
11770	ENSG00000133105	RXFP2
11771	ENSG00000073910	FRY
11772	ENSG00000189167	ZAR1L
11773	ENSG00000139618	BRCA2
11774	ENSG00000139597	N4BP2L1
11775	ENSG00000244754	N4BP2L2
11776	ENSG00000083642	PDS5B
11777	ENSG00000133116	KL
11778	ENSG00000133121	STARD13
11779	ENSG00000133119	RFC3
11780	ENSG00000172915	NBEA
11781	ENSG00000180660	MAB21L1
11782	ENSG00000133083	DCLK1
11783	ENSG00000120669	SOHLH2
11784	ENSG00000242715	CCDC169
11785	ENSG00000133104	SPART
11786	ENSG00000133101	CCNA1
11787	ENSG00000180440	SERTM1
11788	ENSG00000133111	RFXAP
11789	ENSG00000120693	SMAD9
11790	ENSG00000120697	ALG5
11791	ENSG00000120699	EXOSC8
11792	ENSG00000102710	SUPT20H
11793	ENSG00000180138	CSNK1A1L
11794	ENSG00000133110	POSTN
11795	ENSG00000133107	TRPC4
11796	ENSG00000120686	UFM1
11797	ENSG00000150893	FREM2
11798	ENSG00000133115	STOML3
11799	ENSG00000120685	PROSER1
11800	ENSG00000188811	NHLRC3
11801	ENSG00000183722	LHFPL6
11802	ENSG00000133103	COG6
11803	ENSG00000150907	FOXO1
11804	ENSG00000102738	MRPS31
11805	ENSG00000102743	SLC25A15
11806	ENSG00000120690	ELF1
11807	ENSG00000120688	WBP4
11808	ENSG00000165572	KBTBD6
11809	ENSG00000120696	KBTBD7
11810	ENSG00000120662	MTRF1
11811	ENSG00000172766	NAA16
11812	ENSG00000102760	RGCC
11813	ENSG00000102763	VWA8
11814	ENSG00000023516	AKAP11
11815	ENSG00000120659	TNFSF11
11816	ENSG00000179813	FAM216B
11817	ENSG00000133106	EPSTI1
11818	ENSG00000120675	DNAJC15
11819	ENSG00000120658	ENOX1
11820	ENSG00000151773	CCDC122
11821	ENSG00000179630	LACC1
11822	ENSG00000139656	SMIM2
11823	ENSG00000151778	SERP2
11824	ENSG00000102804	TSC22D1
11825	ENSG00000083635	NUFIP1
11826	ENSG00000133114	GPALPP1
11827	ENSG00000188342	GTF2F2
11828	ENSG00000180332	KCTD4
11829	ENSG00000133112	TPT1
11830	ENSG00000174032	SLC25A30
11831	ENSG00000136152	COG3
11832	ENSG00000165837	ERICH6B
11833	ENSG00000174015	CBY2
11834	ENSG00000215475	SIAH3
11835	ENSG00000123200	ZC3H13
11836	ENSG00000080618	CPB2
11837	ENSG00000136167	LCP1
11838	ENSG00000173988	LRRC63
11839	ENSG00000102445	RUBCNL
11840	ENSG00000136141	LRCH1
11841	ENSG00000139684	ESD
11842	ENSG00000102468	HTR2A
11843	ENSG00000136143	SUCLA2
11844	ENSG00000136159	NUDT15
11845	ENSG00000136146	MED4
11846	ENSG00000136156	ITM2B
11847	ENSG00000139687	RB1
11848	ENSG00000139679	LPAR6
11849	ENSG00000136161	RCBTB2
11850	ENSG00000152207	CYSLTR2
11851	ENSG00000102531	FNDC3A
11852	ENSG00000102543	CDADC1
11853	ENSG00000102547	CAB39L
11854	ENSG00000136169	SETDB2
11855	ENSG00000136147	PHF11
11856	ENSG00000136144	RCBTB1
11857	ENSG00000152213	ARL11
11858	ENSG00000123179	EBPL
11859	ENSG00000102753	KPNA3
11860	ENSG00000123178	SPRYD7
11861	ENSG00000204977	TRIM13
11862	ENSG00000198553	KCNRG
11863	ENSG00000186047	DLEU7
11864	ENSG00000136104	RNASEH2B
11865	ENSG00000226792	C13orf42
11866	ENSG00000150510	FAM124A
11867	ENSG00000253309	SERPINE3
11868	ENSG00000139668	WDFY2
11869	ENSG00000102796	DHRS12
11870	ENSG00000281106	TMEM272
11871	ENSG00000123171	CCDC70
11872	ENSG00000123191	ATP7B
11873	ENSG00000253710	ALG11
11874	ENSG00000197168	NEK5
11875	ENSG00000136098	NEK3
11876	ENSG00000136114	THSD1
11877	ENSG00000136100	VPS36
11878	ENSG00000136108	CKAP2
11879	ENSG00000139675	HNRNPA1L2
11880	ENSG00000136110	CNMD
11881	ENSG00000136099	PCDH8
11882	ENSG00000102837	OLFM4
11885	ENSG00000118946	PCDH17
11886	ENSG00000139734	DIAPH3
11887	ENSG00000083544	TDRD3
11888	ENSG00000280165	PCDH20
11889	ENSG00000150361	KLHL1
11890	ENSG00000276644	DACH1
11891	ENSG00000204899	MZT1
11892	ENSG00000136122	BORA
11893	ENSG00000083520	DIS3
11894	ENSG00000083535	PIBF1
11895	ENSG00000102554	KLF5
11896	ENSG00000118922	KLF12
11897	ENSG00000136111	TBC1D4
11898	ENSG00000188243	COMMD6
11899	ENSG00000118939	UCHL3
11900	ENSG00000136153	LMO7
11901	ENSG00000178695	KCTD12
11902	ENSG00000102794	ACOD1
11903	ENSG00000102805	CLN5
11904	ENSG00000005812	FBXL3
11905	ENSG00000005810	MYCBP2
11906	ENSG00000136155	SCEL
11907	ENSG00000139737	SLAIN1
11908	ENSG00000136160	EDNRB
11909	ENSG00000152192	POU4F1
11910	ENSG00000152193	OBI1
11911	ENSG00000139746	RBM26
11912	ENSG00000102471	NDFIP2
11913	ENSG00000136158	SPRY2
11914	ENSG00000178235	SLITRK1
11915	ENSG00000184564	SLITRK6
11916	ENSG00000179399	GPC5
11917	ENSG00000183098	GPC6
11918	ENSG00000080166	DCT
11919	ENSG00000088451	TGDS
11920	ENSG00000152749	GPR180
11921	ENSG00000125285	SOX21
11922	ENSG00000125257	ABCC4
11923	ENSG00000134873	CLDN10
11924	ENSG00000134874	DZIP1
11925	ENSG00000102580	DNAJC3
11926	ENSG00000102595	UGGT2
11927	ENSG00000185352	HS6ST3
11928	ENSG00000165621	OXGR1
11929	ENSG00000139793	MBNL2
11930	ENSG00000125249	RAP2A
11931	ENSG00000065150	IPO5
11932	ENSG00000139797	RNF113B
11933	ENSG00000102572	STK24
11934	ENSG00000088386	SLC15A1
11935	ENSG00000088387	DOCK9
11936	ENSG00000134882	UBAC2
11937	ENSG00000125245	GPR18
11938	ENSG00000169508	GPR183
11939	ENSG00000125304	TM9SF2
11940	ENSG00000125246	CLYBL
11941	ENSG00000139800	ZIC5
11942	ENSG00000043355	ZIC2
11943	ENSG00000175198	PCCA
11944	ENSG00000134864	GGACT
11945	ENSG00000125247	TMTC4
11946	ENSG00000102452	NALCN
11947	ENSG00000198542	ITGBL1
11948	ENSG00000134900	TPP2
11949	ENSG00000139780	METTL21C
11950	ENSG00000175820	CCDC168
11951	ENSG00000151287	TEX30
11952	ENSG00000134901	POGLUT2
11953	ENSG00000134897	BIVM
11954	ENSG00000134899	ERCC5
11955	ENSG00000125255	SLC10A2
11956	ENSG00000182346	DAOA
11957	ENSG00000125266	EFNB2
11958	ENSG00000134884	ARGLU1
11959	ENSG00000204442	NALF1
11960	ENSG00000174405	LIG4
11961	ENSG00000139826	ABHD13
11962	ENSG00000102524	TNFSF13B
11963	ENSG00000041515	MYO16
11964	ENSG00000185950	IRS2
11965	ENSG00000187498	COL4A1
11966	ENSG00000134871	COL4A2
11967	ENSG00000139832	RAB20
11968	ENSG00000213995	NAXD
11969	ENSG00000134905	CARS2
11970	ENSG00000153487	ING1
11971	ENSG00000088448	ANKRD10
11972	ENSG00000102606	ARHGEF7
11973	ENSG00000153495	TEX29
11974	ENSG00000182968	SOX1
11975	ENSG00000153498	SPACA7
11976	ENSG00000126216	TUBGCP3
11977	ENSG00000068650	ATP11A
11978	ENSG00000126217	MCF2L
11979	ENSG00000057593	F7
11980	ENSG00000126218	F10
11981	ENSG00000126231	PROZ
11982	ENSG00000126226	PCID2
11983	ENSG00000139842	CUL4A
11984	ENSG00000185896	LAMP1
11985	ENSG00000139835	GRTP1
11986	ENSG00000153531	ADPRHL1
11987	ENSG00000150401	DCUN1D2
11988	ENSG00000150403	TMCO3
11989	ENSG00000198176	TFDP1
11990	ENSG00000186009	ATP4B
11991	ENSG00000185974	GRK1
11992	ENSG00000184497	TMEM255B
11993	ENSG00000183087	GAS6
11994	ENSG00000283199	C13orf46
11995	ENSG00000185989	RASA3
11996	ENSG00000283361	CFAP97D2
11997	ENSG00000130177	CDC16
11998	ENSG00000169062	UPF3A
11999	ENSG00000198824	CHAMP1
12000	ENSG00000222036	POTEM
12001	ENSG00000187537	POTEG
12002	ENSG00000258453	OR11H2
12003	ENSG00000176294	OR4N2
12004	ENSG00000182652	OR4Q3
12005	ENSG00000176299	OR4M1
12006	ENSG00000165762	OR4K2
12007	ENSG00000155249	OR4K1
12008	ENSG00000169484	OR4K14
12009	ENSG00000176253	OR4K13
12010	ENSG00000176230	OR4K17
12011	ENSG00000184394	OR4N5
12012	ENSG00000196832	OR11G2
12013	ENSG00000176198	OR11H4
12014	ENSG00000136319	TTC5
12015	ENSG00000100814	CCNB1IP1
12016	ENSG00000129484	PARP2
12017	ENSG00000129566	TEP1
12018	ENSG00000185271	KLHL33
12019	ENSG00000092094	OSGEP
12020	ENSG00000100823	APEX1
12021	ENSG00000165782	PIP4P1
12022	ENSG00000198805	PNP
12023	ENSG00000182545	RNASE10
12024	ENSG00000188655	RNASE9
12025	ENSG00000173464	RNASE11
12026	ENSG00000258436	RNASE12
12027	ENSG00000214274	ANG
12028	ENSG00000258818	RNASE4
12029	ENSG00000181562	EDDM3A
12030	ENSG00000181552	EDDM3B
12031	ENSG00000169413	RNASE6
12032	ENSG00000129538	RNASE1
12033	ENSG00000169397	RNASE3
12034	ENSG00000169385	RNASE2
12035	ENSG00000165792	METTL17
12036	ENSG00000165794	SLC39A2
12037	ENSG00000165795	NDRG2
12038	ENSG00000179636	TPPP2
12039	ENSG00000206150	RNASE13
12040	ENSG00000165799	RNASE7
12041	ENSG00000173431	RNASE8
12042	ENSG00000165801	ARHGEF40
12043	ENSG00000165804	ZNF219
12044	ENSG00000232070	TMEM253
12045	ENSG00000169327	OR5AU1
12046	ENSG00000092199	HNRNPC
12047	ENSG00000092200	RPGRIP1
12048	ENSG00000092201	SUPT16H
12049	ENSG00000100888	CHD8
12050	ENSG00000129472	RAB2B
12051	ENSG00000092203	TOX4
12052	ENSG00000165819	METTL3
12053	ENSG00000165821	SALL2
12054	ENSG00000169208	OR10G3
12055	ENSG00000255582	OR10G2
12056	ENSG00000221977	OR4E2
12058	ENSG00000129562	DAD1
12059	ENSG00000100439	ABHD4
12060	ENSG00000255804	OR6J1
12061	ENSG00000155463	OXA1L
12062	ENSG00000155465	SLC7A7
12063	ENSG00000172590	MRPL52
12064	ENSG00000157227	MMP14
12065	ENSG00000197324	LRP10
12066	ENSG00000139890	REM2
12067	ENSG00000100461	RBM23
12068	ENSG00000100462	PRMT5
12069	ENSG00000092036	HAUS4
12070	ENSG00000129474	AJUBA
12071	ENSG00000100802	C14orf93
12072	ENSG00000100804	PSMB5
12073	ENSG00000222028	PSMB11
12074	ENSG00000139880	CDH24
12075	ENSG00000100813	ACIN1
12076	ENSG00000179933	C14orf119
12077	ENSG00000283654	LMLN2
12078	ENSG00000092067	CEBPE
12079	ENSG00000092068	SLC7A8
12080	ENSG00000215277	RNF212B
12081	ENSG00000215271	HOMEZ
12082	ENSG00000235194	PPP1R3E
12083	ENSG00000129473	BCL2L2
12084	ENSG00000258643	BCL2L2-PABPN1
12085	ENSG00000100836	PABPN1
12086	ENSG00000092096	SLC22A17
12087	ENSG00000100842	EFS
12088	ENSG00000166090	IL25
12089	ENSG00000166091	CMTM5
12090	ENSG00000197616	MYH6
12091	ENSG00000092054	MYH7
12092	ENSG00000129460	NGDN
12093	ENSG00000136367	ZFHX2
12094	ENSG00000259431	THTPA
12095	ENSG00000213983	AP1G2
12096	ENSG00000092051	JPH4
12097	ENSG00000100867	DHRS2
12098	ENSG00000157326	DHRS4
12099	ENSG00000187630	DHRS4L2
12100	ENSG00000186648	CARMIL3
12101	ENSG00000100884	CPNE6
12102	ENSG00000129535	NRL
12103	ENSG00000100889	PCK2
12104	ENSG00000100897	DCAF11
12105	ENSG00000139914	FITM1
12106	ENSG00000092010	PSME1
12107	ENSG00000100908	EMC9
12108	ENSG00000100911	PSME2
12109	ENSG00000092098	RNF31
12110	ENSG00000213928	IRF9
12111	ENSG00000100918	REC8
12112	ENSG00000196497	IPO4
12113	ENSG00000100926	TM9SF1
12114	ENSG00000139908	TSSK4
12115	ENSG00000254505	CHMP4A
12116	ENSG00000213920	MDP1
12117	ENSG00000129559	NEDD8
12118	ENSG00000100938	GMPR2
12119	ENSG00000092330	TINF2
12120	ENSG00000092295	TGM1
12121	ENSG00000100949	RABGGTA
12122	ENSG00000157379	DHRS1
12123	ENSG00000196943	NOP9
12124	ENSG00000213906	LTB4R2
12125	ENSG00000213903	LTB4R
12126	ENSG00000129467	ADCY4
12127	ENSG00000129465	RIPK3
12128	ENSG00000100968	NFATC4
12129	ENSG00000205978	NYNRIN
12130	ENSG00000139899	CBLN3
12131	ENSG00000100441	KHNYN
12132	ENSG00000100445	SDR39U1
12133	ENSG00000092009	CMA1
12134	ENSG00000100448	CTSG
12135	ENSG00000100450	GZMH
12136	ENSG00000100453	GZMB
12137	ENSG00000168952	STXBP6
12138	ENSG00000139910	NOVA1
12139	ENSG00000176165	FOXG1
12140	ENSG00000184304	PRKD1
12141	ENSG00000092140	G2E3
12142	ENSG00000092108	SCFD1
12143	ENSG00000100473	COCH
12144	ENSG00000196792	STRN3
12145	ENSG00000100478	AP4S1
12146	ENSG00000092148	HECTD1
12147	ENSG00000129493	HEATR5A
12148	ENSG00000129480	DTD2
12149	ENSG00000214943	GPR33
12150	ENSG00000151413	NUBPL
12151	ENSG00000100852	ARHGAP5
12152	ENSG00000151320	AKAP6
12153	ENSG00000151322	NPAS3
12154	ENSG00000129521	EGLN3
12155	ENSG00000165389	SPTSSA
12156	ENSG00000129518	EAPP
12157	ENSG00000129515	SNX6
12158	ENSG00000165410	CFL2
12159	ENSG00000198604	BAZ1A
12160	ENSG00000100883	SRP54
12161	ENSG00000151327	FAM177A1
12162	ENSG00000092020	PPP2R3C
12163	ENSG00000100890	PRORP
12164	ENSG00000100902	PSMA6
12165	ENSG00000100906	NFKBIA
12166	ENSG00000168348	INSM2
12167	ENSG00000174373	RALGAPA1
12168	ENSG00000100916	BRMS1L
12169	ENSG00000151332	MBIP
12170	ENSG00000136352	NKX2-1
12171	ENSG00000136327	NKX2-8
12172	ENSG00000198807	PAX9
12173	ENSG00000183032	SLC25A21
12174	ENSG00000151338	MIPOL1
12175	ENSG00000129514	FOXA1
12176	ENSG00000139865	TTC6
12177	ENSG00000139874	SSTR1
12178	ENSG00000176435	CLEC14A
12179	ENSG00000100934	SEC23A
12180	ENSG00000092208	GEMIN2
12181	ENSG00000182400	TRAPPC6B
12182	ENSG00000100941	PNN
12183	ENSG00000150527	MIA2
12184	ENSG00000165355	FBXO33
12185	ENSG00000165379	LRFN5
12186	ENSG00000189139	FSCB
12187	ENSG00000179476	C14orf28
12188	ENSG00000179454	KLHL28
12189	ENSG00000198718	TOGARAM1
12190	ENSG00000185246	PRPF39
12191	ENSG00000100442	FKBP3
12192	ENSG00000187790	FANCM
12193	ENSG00000129534	MIS18BP1
12194	ENSG00000165496	RPL10L
12195	ENSG00000139915	MDGA2
12196	ENSG00000213741	RPS29
12197	ENSG00000165501	LRR1
12198	ENSG00000165502	RPL36AL
12199	ENSG00000168282	MGAT2
12200	ENSG00000165506	DNAAF2
12201	ENSG00000100479	POLE2
12202	ENSG00000197776	KLHDC1
12203	ENSG00000165516	KLHDC2
12204	ENSG00000165525	NEMF
12205	ENSG00000165527	ARF6
12206	ENSG00000100483	VCPKMT
12207	ENSG00000100485	SOS2
12208	ENSG00000087299	L2HGDH
12209	ENSG00000125375	DMAC2L
12210	ENSG00000100490	CDKL1
12211	ENSG00000012983	MAP4K5
12212	ENSG00000198513	ATL1
12213	ENSG00000151748	SAV1
12214	ENSG00000100503	NIN
12215	ENSG00000100504	PYGL
12216	ENSG00000131969	ABHD12B
12217	ENSG00000100505	TRIM9
12218	ENSG00000139921	TMX1
12219	ENSG00000139926	FRMD6
12220	ENSG00000186469	GNG2
12221	ENSG00000087302	RTRAF
12222	ENSG00000087303	NID2
12223	ENSG00000168229	PTGDR
12224	ENSG00000125384	PTGER2
12225	ENSG00000087301	TXNDC16
12226	ENSG00000180998	GPR137C
12227	ENSG00000197930	ERO1A
12228	ENSG00000100519	PSMC6
12229	ENSG00000198252	STYX
12230	ENSG00000100522	GNPNAT1
12231	ENSG00000073712	FERMT2
12232	ENSG00000125378	BMP4
12233	ENSG00000100526	CDKN3
12234	ENSG00000100528	CNIH1
12235	ENSG00000197045	GMFB
12236	ENSG00000100532	CGRRF1
12237	ENSG00000020577	SAMD4A
12238	ENSG00000131979	GCH1
12239	ENSG00000198554	WDHD1
12240	ENSG00000180008	SOCS4
12241	ENSG00000168175	MAPK1IP1L
12242	ENSG00000131981	LGALS3
12243	ENSG00000126787	DLGAP5
12244	ENSG00000178974	FBXO34
12245	ENSG00000126775	ATG14
12246	ENSG00000182521	TBPL2
12247	ENSG00000126777	KTN1
12248	ENSG00000139946	PELI2
12249	ENSG00000070269	TMEM260
12250	ENSG00000165588	OTX2
12251	ENSG00000070367	EXOC5
12252	ENSG00000053770	AP5M1
12253	ENSG00000139977	NAA30
12254	ENSG00000100557	CCDC198
12255	ENSG00000151812	SLC35F4
12256	ENSG00000139971	ARMH4
12257	ENSG00000131966	ACTR10
12258	ENSG00000100567	PSMA3
12259	ENSG00000032219	ARID4A
12260	ENSG00000196860	TOMM20L
12261	ENSG00000100575	TIMM9
12262	ENSG00000100578	KIAA0586
12263	ENSG00000165617	DACT1
12264	ENSG00000100592	DAAM1
12265	ENSG00000181619	GPR135
12266	ENSG00000126790	L3HYPDH
12267	ENSG00000050130	JKAMP
12268	ENSG00000151838	CCDC175
12269	ENSG00000139970	RTN1
12270	ENSG00000131951	LRRC9
12271	ENSG00000100612	DHRS7
12272	ENSG00000100614	PPM1A
12273	ENSG00000179008	C14orf39
12274	ENSG00000184302	SIX6
12275	ENSG00000126778	SIX1
12276	ENSG00000100625	SIX4
12277	ENSG00000020426	MNAT1
12278	ENSG00000126814	TRMT5
12279	ENSG00000139974	SLC38A6
12280	ENSG00000027075	PRKCH
12281	ENSG00000182107	TMEM30B
12282	ENSG00000100644	HIF1A
12283	ENSG00000023608	SNAPC1
12284	ENSG00000140015	KCNH5
12285	ENSG00000126785	RHOJ
12286	ENSG00000179600	GPHB5
12287	ENSG00000154001	PPP2R5E
12288	ENSG00000140006	WDR89
12289	ENSG00000126821	SGPP1
12290	ENSG00000054654	SYNE2
12291	ENSG00000140009	ESR2
12292	ENSG00000100714	MTHFD1
12293	ENSG00000089775	ZBTB25
12294	ENSG00000179841	AKAP5
12295	ENSG00000126804	ZBTB1
12296	ENSG00000126803	HSPA2
12297	ENSG00000165807	PPP1R36
12298	ENSG00000126822	PLEKHG3
12299	ENSG00000070182	SPTB
12300	ENSG00000258289	CHURC1
12301	ENSG00000176153	GPX2
12302	ENSG00000139998	RAB15
12303	ENSG00000257365	FNTB
12304	ENSG00000125952	MAX
12305	ENSG00000033170	FUT8
12306	ENSG00000196553	CCDC196
12307	ENSG00000171723	GPHN
12308	ENSG00000172717	FAM71D
12309	ENSG00000072415	PALS1
12310	ENSG00000100554	ATP6V1D
12311	ENSG00000134001	EIF2S1
12312	ENSG00000100558	PLEK2
12313	ENSG00000198133	TMEM229B
12314	ENSG00000054690	PLEKHH1
12315	ENSG00000100564	PIGH
12316	ENSG00000081181	ARG2
12317	ENSG00000100568	VTI1B
12318	ENSG00000072042	RDH11
12319	ENSG00000139988	RDH12
12320	ENSG00000072121	ZFYVE26
12321	ENSG00000182185	RAD51B
12322	ENSG00000185650	ZFP36L1
12323	ENSG00000072110	ACTN1
12324	ENSG00000139990	DCAF5
12325	ENSG00000081177	EXD2
12326	ENSG00000100626	GALNT16
12327	ENSG00000100632	ERH
12328	ENSG00000029364	SLC39A9
12329	ENSG00000175985	PLEKHD1
12330	ENSG00000267909	CCDC177
12331	ENSG00000100647	SUSD6
12332	ENSG00000100650	SRSF5
12333	ENSG00000100652	SLC10A1
12334	ENSG00000198732	SMOC1
12335	ENSG00000100678	SLC8A3
12336	ENSG00000133983	COX16
12337	ENSG00000213463	SYNJ2BP
12338	ENSG00000139985	ADAM21
12339	ENSG00000134007	ADAM20
12340	ENSG00000133997	MED6
12341	ENSG00000133985	TTC9
12342	ENSG00000006432	MAP3K9
12343	ENSG00000100731	PCNX1
12344	ENSG00000197555	SIPA1L1
12345	ENSG00000182732	RGS6
12346	ENSG00000119599	DCAF4
12347	ENSG00000165861	ZFYVE1
12348	ENSG00000119707	RBM25
12349	ENSG00000080815	PSEN1
12350	ENSG00000100767	PAPLN
12351	ENSG00000133961	NUMB
12352	ENSG00000187105	HEATR4
12353	ENSG00000170468	RIOX1
12354	ENSG00000184227	ACOT1
12355	ENSG00000119673	ACOT2
12356	ENSG00000177465	ACOT4
12357	ENSG00000205669	ACOT6
12358	ENSG00000119661	DNAL1
12359	ENSG00000176903	PNMA1
12360	ENSG00000156030	MIDEAS
12361	ENSG00000140043	PTGR2
12362	ENSG00000119725	ZNF410
12363	ENSG00000156050	FAM161B
12364	ENSG00000119723	COQ6
12365	ENSG00000187097	ENTPD5
12366	ENSG00000119636	BBOF1
12367	ENSG00000119711	ALDH6A1
12368	ENSG00000205659	LIN52
12369	ENSG00000119614	VSX2
12370	ENSG00000119688	ABCD4
12371	ENSG00000133980	VRTN
12372	ENSG00000183379	SYNDIG1L
12373	ENSG00000119655	NPC2
12374	ENSG00000165898	ISCA2
12375	ENSG00000119681	LTBP2
12376	ENSG00000119682	AREL1
12377	ENSG00000119616	FCF1
12378	ENSG00000119596	YLPM1
12379	ENSG00000119608	PROX2
12380	ENSG00000119689	DLST
12381	ENSG00000198208	RPS6KL1
12382	ENSG00000119630	PGF
12383	ENSG00000119718	EIF2B2
12384	ENSG00000119684	MLH3
12385	ENSG00000119640	ACYP1
12386	ENSG00000119703	ZC2HC1C
12387	ENSG00000119638	NEK9
12388	ENSG00000170348	TMED10
12389	ENSG00000170345	FOS
12390	ENSG00000140044	JDP2
12391	ENSG00000156127	BATF
12392	ENSG00000119686	FLVCR2
12393	ENSG00000119685	TTLL5
12394	ENSG00000133935	ERG28
12395	ENSG00000119650	IFT43
12396	ENSG00000119699	TGFB3
12397	ENSG00000119715	ESRRB
12398	ENSG00000071246	VASH1
12399	ENSG00000013523	ANGEL1
12400	ENSG00000100565	LRRC74A
12401	ENSG00000119669	IRF2BPL
12402	ENSG00000198894	CIPC
12403	ENSG00000165548	TMEM63C
12404	ENSG00000177108	ZDHHC22
12405	ENSG00000165553	NGB
12406	ENSG00000009830	POMT2
12407	ENSG00000100577	GSTZ1
12408	ENSG00000100580	TMED8
12409	ENSG00000100583	SAMD15
12410	ENSG00000165555	NOXRED1
12411	ENSG00000151445	VIPAS39
12412	ENSG00000100591	AHSA1
12413	ENSG00000100593	ISM2
12414	ENSG00000100596	SPTLC2
12415	ENSG00000100601	ALKBH1
12416	ENSG00000119705	SLIRP
12417	ENSG00000100603	SNW1
12418	ENSG00000063761	ADCK1
12419	ENSG00000021645	NRXN3
12420	ENSG00000211448	DIO2
12421	ENSG00000100629	CEP128
12422	ENSG00000165409	TSHR
12423	ENSG00000165417	GTF2A1
12424	ENSG00000140022	STON2
12425	ENSG00000071537	SEL1L
12426	ENSG00000054983	GALC
12427	ENSG00000140030	GPR65
12428	ENSG00000100433	KCNK10
12429	ENSG00000042317	SPATA7
12430	ENSG00000070778	PTPN21
12431	ENSG00000165521	EML5
12432	ENSG00000165533	TTC8
12433	ENSG00000053254	FOXN3
12434	ENSG00000140025	EFCAB11
12435	ENSG00000042088	TDP1
12436	ENSG00000152315	KCNK13
12437	ENSG00000100764	PSMC1
12438	ENSG00000198668	CALM1
12439	ENSG00000133943	DGLUCY
12440	ENSG00000119714	GPR68
12441	ENSG00000015133	CCDC88C
12442	ENSG00000100796	PPP4R3A
12443	ENSG00000133962	CATSPERB
12444	ENSG00000165929	TC2N
12445	ENSG00000140092	FBLN5
12446	ENSG00000100815	TRIP11
12447	ENSG00000066427	ATXN3
12448	ENSG00000183648	NDUFB1
12449	ENSG00000140090	SLC24A4
12450	ENSG00000100599	RIN3
12451	ENSG00000100600	LGMN
12452	ENSG00000066455	GOLGA5
12453	ENSG00000100604	CHGA
12454	ENSG00000100605	ITPK1
12455	ENSG00000165943	MOAP1
12456	ENSG00000153485	TMEM251
12457	ENSG00000170270	GON7
12458	ENSG00000012963	UBR7
12459	ENSG00000011114	BTBD7
12460	ENSG00000133958	UNC79
12461	ENSG00000187581	COX8C
12462	ENSG00000175785	PRIMA1
12463	ENSG00000140067	FAM181A
12464	ENSG00000100628	ASB2
12465	ENSG00000175699	CCDC197
12466	ENSG00000089723	OTUB2
12467	ENSG00000089737	DDX24
12468	ENSG00000165948	IFI27L1
12469	ENSG00000165949	IFI27
12470	ENSG00000119698	PPP4R4
12471	ENSG00000140093	SERPINA10
12472	ENSG00000170099	SERPINA6
12474	ENSG00000197249	SERPINA1
12475	ENSG00000186910	SERPINA11
12476	ENSG00000170054	SERPINA9
12477	ENSG00000165953	SERPINA12
12478	ENSG00000100665	SERPINA4
12479	ENSG00000188488	SERPINA5
12480	ENSG00000196136	SERPINA3
12481	ENSG00000133937	GSC
12482	ENSG00000100697	DICER1
12483	ENSG00000165959	CLMN
12484	ENSG00000182512	GLRX5
12485	ENSG00000213231	TCL1B
12486	ENSG00000100721	TCL1A
12487	ENSG00000250366	TUNAR
12488	ENSG00000227051	C14orf132
12489	ENSG00000168398	BDKRB2
12490	ENSG00000100739	BDKRB1
12491	ENSG00000066739	ATG2B
12492	ENSG00000100744	GSKIP
12493	ENSG00000140057	AK7
12494	ENSG00000090060	PAPOLA
12495	ENSG00000100749	VRK1
12496	ENSG00000127152	BCL11B
12497	ENSG00000183576	SETD3
12498	ENSG00000090061	CCNK
12499	ENSG00000182218	HHIPL1
12500	ENSG00000036530	CYP46A1
12501	ENSG00000066629	EML1
12502	ENSG00000196405	EVL
12503	ENSG00000168350	DEGS2
12504	ENSG00000100811	YY1
12505	ENSG00000197119	SLC25A29
12506	ENSG00000140107	SLC25A47
12507	ENSG00000140105	WARS1
12508	ENSG00000176473	WDR25
12509	ENSG00000183092	BEGAIN
12510	ENSG00000185559	DLK1
12511	ENSG00000254656	RTL1
12512	ENSG00000197406	DIO3
12513	ENSG00000078304	PPP2R5C
12514	ENSG00000197102	DYNC1H1
12515	ENSG00000080824	HSP90AA1
12516	ENSG00000140153	WDR20
12517	ENSG00000080823	MOK
12518	ENSG00000022976	ZNF839
12519	ENSG00000100865	CINP
12520	ENSG00000196663	TECPR2
12521	ENSG00000156381	ANKRD9
12522	ENSG00000089902	RCOR1
12523	ENSG00000131323	TRAF3
12524	ENSG00000166126	AMN
12525	ENSG00000198752	CDC42BPB
12526	ENSG00000283071	LBHD2
12527	ENSG00000205436	EXOC3L4
12528	ENSG00000185215	TNFAIP2
12529	ENSG00000100664	EIF5
12530	ENSG00000075413	MARK3
12531	ENSG00000166165	CKB
12532	ENSG00000166166	TRMT61A
12533	ENSG00000166170	BAG5
12534	ENSG00000256053	COA8
12535	ENSG00000126215	XRCC3
12536	ENSG00000100711	ZFYVE21
12537	ENSG00000088808	PPP1R13B
12538	ENSG00000156411	ATP5MJ
12539	ENSG00000156414	TDRD9
12540	ENSG00000227729	RD3L
12541	ENSG00000166183	ASPG
12542	ENSG00000066735	KIF26A
12543	ENSG00000258986	TMEM179
12544	ENSG00000184601	C14orf180
12545	ENSG00000203485	INF2
12546	ENSG00000185100	ADSS1
12547	ENSG00000184990	SIVA1
12548	ENSG00000142208	AKT1
12549	ENSG00000179627	ZBTB42
12550	ENSG00000099814	CEP170B
12551	ENSG00000166428	PLD4
12552	ENSG00000185567	AHNAK2
12553	ENSG00000140104	CLBA1
12554	ENSG00000170779	CDCA4
12555	ENSG00000183484	GPR132
12556	ENSG00000184916	JAG2
12557	ENSG00000183828	NUDT14
12558	ENSG00000185024	BRF1
12559	ENSG00000184887	BTBD6
12560	ENSG00000179364	PACS2
12561	ENSG00000226174	TEX22
12562	ENSG00000182979	MTA1
12563	ENSG00000182809	CRIP2
12564	ENSG00000213145	CRIP1
12565	ENSG00000185347	TEDC1
12566	ENSG00000184986	TMEM121
12567	ENSG00000277322	GOLGA6L6
12568	ENSG00000278522	POTEB3
12570	ENSG00000182974	OR4M2B
12571	ENSG00000279408	OR4N4C
12572	ENSG00000274102	OR4M2
12574	ENSG00000170113	NIPA1
12575	ENSG00000140157	NIPA2
12576	ENSG00000273749	CYFIP1
12577	ENSG00000275835	TUBGCP5
12578	ENSG00000273976	GOLGA6L1
12579	ENSG00000174450	GOLGA6L2
12580	ENSG00000179455	MKRN3
12581	ENSG00000254585	MAGEL2
12582	ENSG00000182636	NDN
12583	ENSG00000185823	NPAP1
12584	ENSG00000128739	SNRPN
12585	ENSG00000273173	SNURF
12586	ENSG00000114062	UBE3A
12587	ENSG00000206190	ATP10A
12588	ENSG00000166206	GABRB3
12589	ENSG00000186297	GABRA5
12590	ENSG00000182256	GABRG3
12591	ENSG00000104044	OCA2
12592	ENSG00000128731	HERC2
12593	ENSG00000153684	GOLGA8F
12594	ENSG00000183629	GOLGA8G
12595	ENSG00000188626	GOLGA8M
12596	ENSG00000261649	GOLGA6L7
12597	ENSG00000034053	APBA2
12598	ENSG00000104059	FAM189A1
12599	ENSG00000185115	NSMCE3
12600	ENSG00000104067	TJP1
12601	ENSG00000179938	GOLGA8J
12602	ENSG00000261247	GOLGA8T
12603	ENSG00000166664	CHRFAM7A
12604	ENSG00000186399	GOLGA8R
12605	ENSG00000178115	GOLGA8Q
12606	ENSG00000261794	GOLGA8H
12608	ENSG00000198690	FAN1
12609	ENSG00000166912	MTMR10
12610	ENSG00000134160	TRPM1
12611	ENSG00000169926	KLF13
12612	ENSG00000169918	OTUD7A
12613	ENSG00000175344	CHRNA7
12614	ENSG00000249931	GOLGA8K
12615	ENSG00000206127	GOLGA8O
12616	ENSG00000232653	GOLGA8N
12617	ENSG00000198826	ARHGAP11A
12618	ENSG00000166922	SCG5
12619	ENSG00000248905	FMN1
12620	ENSG00000198838	RYR3
12621	ENSG00000169857	AVEN
12622	ENSG00000184984	CHRM5
12623	ENSG00000134153	EMC7
12624	ENSG00000182405	PGBD4
12625	ENSG00000134152	KATNBL1
12626	ENSG00000128463	EMC4
12627	ENSG00000140199	SLC12A6
12628	ENSG00000182117	NOP10
12629	ENSG00000184507	NUTM1
12630	ENSG00000176454	LPCAT4
12631	ENSG00000175265	GOLGA8A
12632	ENSG00000215252	GOLGA8B
12633	ENSG00000159248	GJD2
12634	ENSG00000159251	ACTC1
12635	ENSG00000021776	AQR
12636	ENSG00000198146	ZNF770
12637	ENSG00000255192	NANOGP8
12638	ENSG00000134146	DPH6
12639	ENSG00000186073	CDIN1
12640	ENSG00000134138	MEIS2
12641	ENSG00000166069	TMCO5A
12642	ENSG00000166068	SPRED1
12643	ENSG00000171262	FAM98B
12644	ENSG00000172575	RASGRP1
12645	ENSG00000137801	THBS1
12646	ENSG00000150667	FSIP1
12647	ENSG00000166073	GPR176
12648	ENSG00000128829	EIF2AK4
12649	ENSG00000140319	SRP14
12650	ENSG00000104081	BMF
12651	ENSG00000156970	BUB1B
12652	ENSG00000137843	PAK6
12653	ENSG00000137841	PLCB2
12654	ENSG00000230778	ANKRD63
12655	ENSG00000259330	INAFM2
12656	ENSG00000188549	CCDC9B
12657	ENSG00000233041	PHGR1
12658	ENSG00000140323	DISP2
12659	ENSG00000128944	KNSTRN
12660	ENSG00000128928	IVD
12661	ENSG00000140320	BAHD1
12662	ENSG00000169105	CHST14
12663	ENSG00000128891	CCDC32
12664	ENSG00000166133	RPUSD2
12665	ENSG00000137812	KNL1
12666	ENSG00000051180	RAD51
12667	ENSG00000137824	RMDN3
12668	ENSG00000137880	GCHFR
12669	ENSG00000104129	DNAJC17
12670	ENSG00000188277	C15orf62
12671	ENSG00000166140	ZFYVE19
12672	ENSG00000166143	PPP1R14D
12673	ENSG00000166145	SPINT1
12674	ENSG00000104140	RHOV
12675	ENSG00000104142	VPS18
12676	ENSG00000128917	DLL4
12677	ENSG00000128965	CHAC1
12678	ENSG00000128908	INO80
12679	ENSG00000178997	EXD1
12680	ENSG00000187446	CHP1
12681	ENSG00000104147	OIP5
12682	ENSG00000137804	NUSAP1
12683	ENSG00000137806	NDUFAF1
12684	ENSG00000137815	RTF1
12685	ENSG00000137825	ITPKA
12686	ENSG00000062524	LTK
12687	ENSG00000103932	RPAP1
12688	ENSG00000092445	TYRO3
12689	ENSG00000174197	MGA
12690	ENSG00000137802	MAPKBP1
12691	ENSG00000243789	JMJD7
12692	ENSG00000243708	PLA2G4B
12693	ENSG00000137877	SPTBN5
12694	ENSG00000103966	EHD4
12695	ENSG00000188089	PLA2G4E
12696	ENSG00000159337	PLA2G4D
12697	ENSG00000168907	PLA2G4F
12698	ENSG00000166887	VPS39
12699	ENSG00000103978	TMEM87A
12700	ENSG00000214013	GANC
12701	ENSG00000092529	CAPN3
12702	ENSG00000103994	ZNF106
12703	ENSG00000092531	SNAP23
12704	ENSG00000180979	LRRC57
12705	ENSG00000137814	HAUS2
12706	ENSG00000159433	STARD9
12707	ENSG00000140326	CDAN1
12708	ENSG00000128881	TTBK2
12709	ENSG00000159459	UBR1
12710	ENSG00000137842	TMEM62
12711	ENSG00000166946	CCNDBP1
12712	ENSG00000166947	EPB42
12713	ENSG00000104055	TGM5
12714	ENSG00000159495	TGM7
12715	ENSG00000168806	LCMT2
12716	ENSG00000168803	ADAL
12717	ENSG00000140265	ZSCAN29
12718	ENSG00000137822	TUBGCP4
12719	ENSG00000067369	TP53BP1
12720	ENSG00000166963	MAP1A
12721	ENSG00000168781	PPIP5K1
12722	ENSG00000237289	CKMT1B
12723	ENSG00000242866	STRC
12724	ENSG00000166762	CATSPER2
12725	ENSG00000223572	CKMT1A
12726	ENSG00000167004	PDIA3
12727	ENSG00000128886	ELL3
12728	ENSG00000140264	SERF2
12729	ENSG00000242028	HYPK
12730	ENSG00000140259	MFAP1
12731	ENSG00000092470	WDR76
12732	ENSG00000171877	FRMD5
12733	ENSG00000166734	GOLM2
12734	ENSG00000137770	CTDSPL2
12735	ENSG00000104131	EIF3J
12736	ENSG00000104133	SPG11
12737	ENSG00000229474	PATL2
12738	ENSG00000166710	B2M
12739	ENSG00000185880	TRIM69
12740	ENSG00000167014	TERB2
12741	ENSG00000140263	SORD
12742	ENSG00000140279	DUOX2
12743	ENSG00000140274	DUOXA2
12744	ENSG00000140254	DUOXA1
12745	ENSG00000137857	DUOX1
12746	ENSG00000138606	SHF
12747	ENSG00000137860	SLC28A2
12748	ENSG00000171766	GATM
12749	ENSG00000171763	SPATA5L1
12750	ENSG00000166920	C15orf48
12751	ENSG00000104154	SLC30A4
12752	ENSG00000104164	BLOC1S6
12753	ENSG00000137767	SQOR
12754	ENSG00000137872	SEMA6D
12755	ENSG00000188467	SLC24A5
12756	ENSG00000104177	MYEF2
12757	ENSG00000233932	CTXN2
12758	ENSG00000074803	SLC12A1
12759	ENSG00000128951	DUT
12760	ENSG00000166147	FBN1
12761	ENSG00000103995	CEP152
12762	ENSG00000185634	SHC4
12763	ENSG00000255302	EID1
12764	ENSG00000138593	SECISBP2L
12765	ENSG00000166200	COPS2
12766	ENSG00000156958	GALK2
12767	ENSG00000166262	FAM227B
12768	ENSG00000140285	FGF7
12769	ENSG00000104043	ATP8B4
12770	ENSG00000140284	SLC27A2
12771	ENSG00000140287	HDC
12772	ENSG00000104064	GABPB1
12773	ENSG00000170236	USP50
12774	ENSG00000092439	TRPM7
12775	ENSG00000138600	SPPL2A
12776	ENSG00000081014	AP4E1
12777	ENSG00000183578	TNFAIP8L3
12778	ENSG00000137869	CYP19A1
12779	ENSG00000186417	GLDN
12780	ENSG00000104093	DMXL2
12781	ENSG00000104112	SCG3
12782	ENSG00000140280	LYSMD2
12783	ENSG00000128872	TMOD2
12784	ENSG00000138594	TMOD3
12785	ENSG00000166477	LEO1
12786	ENSG00000069956	MAPK6
12787	ENSG00000137875	BCL2L10
12788	ENSG00000069966	GNB5
12789	ENSG00000128833	MYO5C
12790	ENSG00000197535	MYO5A
12791	ENSG00000128989	ARPP19
12792	ENSG00000047346	FAM214A
12793	ENSG00000169856	ONECUT1
12794	ENSG00000166415	WDR72
12795	ENSG00000137766	UNC13C
12796	ENSG00000137876	RSL24D1
12797	ENSG00000069974	RAB27A
12798	ENSG00000225973	PIGBOS1
12799	ENSG00000069943	PIGB
12800	ENSG00000260916	CCPG1
12801	ENSG00000261652	C15orf65
12802	ENSG00000256061	DNAAF4
12803	ENSG00000171016	PYGO1
12804	ENSG00000166450	PRTG
12805	ENSG00000069869	NEDD4
12806	ENSG00000181827	RFX7
12807	ENSG00000151575	TEX9
12808	ENSG00000138587	MNS1
12809	ENSG00000137871	ZNF280D
12810	ENSG00000140262	TCF12
12811	ENSG00000128849	CGNL1
12812	ENSG00000263155	MYZAP
12813	ENSG00000137878	GCOM1
12814	ENSG00000255529	POLR2M
12815	ENSG00000128918	ALDH1A2
12816	ENSG00000103569	AQP9
12817	ENSG00000166035	LIPC
12818	ENSG00000137845	ADAM10
12819	ENSG00000128923	MINDY2
12820	ENSG00000157450	RNF111
12821	ENSG00000137776	SLTM
12822	ENSG00000157456	CCNB2
12823	ENSG00000157483	MYO1E
12824	ENSG00000171989	LDHAL6B
12825	ENSG00000157470	FAM81A
12826	ENSG00000140297	GCNT3
12827	ENSG00000140307	GTF2A2
12828	ENSG00000140299	BNIP2
12829	ENSG00000171956	FOXB1
12830	ENSG00000182718	ANXA2
12831	ENSG00000128915	ICE2
12832	ENSG00000069667	RORA
12833	ENSG00000129003	VPS13C
12834	ENSG00000198535	C2CD4A
12835	ENSG00000205502	C2CD4B
12836	ENSG00000171914	TLN2
12837	ENSG00000140416	TPM1
12838	ENSG00000103642	LACTB
12839	ENSG00000185088	RPS27L
12840	ENSG00000166128	RAB8B
12841	ENSG00000138613	APH1B
12842	ENSG00000074410	CA12
12843	ENSG00000140455	USP3
12844	ENSG00000197361	FBXL22
12845	ENSG00000103657	HERC1
12846	ENSG00000035664	DAPK2
12847	ENSG00000166797	CIAO2A
12848	ENSG00000028528	SNX1
12849	ENSG00000157734	SNX22
12850	ENSG00000166794	PPIB
12851	ENSG00000169118	CSNK1G1
12852	ENSG00000166803	PCLAF
12853	ENSG00000103671	TRIP4
12854	ENSG00000180357	ZNF609
12855	ENSG00000180304	OAZ2
12856	ENSG00000166831	RBPMS2
12857	ENSG00000140451	PIF1
12858	ENSG00000241839	PLEKHO2
12859	ENSG00000166839	ANKDD1A
12860	ENSG00000090487	SPG21
12861	ENSG00000103707	MTFMT
12862	ENSG00000186198	SLC51B
12863	ENSG00000103710	RASL12
12864	ENSG00000234438	KBTBD13
12865	ENSG00000246922	UBAP1L
12866	ENSG00000090470	PDCD7
12867	ENSG00000166855	CLPX
12868	ENSG00000138615	CILP
12869	ENSG00000138617	PARP16
12870	ENSG00000174498	IGDCC3
12871	ENSG00000103742	IGDCC4
12872	ENSG00000074603	DPP8
12873	ENSG00000074696	HACD3
12874	ENSG00000138614	INTS14
12875	ENSG00000074621	SLC24A1
12876	ENSG00000174485	DENND4A
12877	ENSG00000103769	RAB11A
12878	ENSG00000157890	MEGF11
12879	ENSG00000166938	DIS3L
12880	ENSG00000075131	TIPIN
12881	ENSG00000169032	MAP2K1
12882	ENSG00000174446	SNAPC5
12883	ENSG00000174444	RPL4
12884	ENSG00000174442	ZWILCH
12885	ENSG00000188501	LCTL
12886	ENSG00000137834	SMAD6
12887	ENSG00000166949	SMAD3
12888	ENSG00000103591	AAGAB
12889	ENSG00000103599	IQCH
12890	ENSG00000189227	C15orf61
12891	ENSG00000137764	MAP2K5
12892	ENSG00000188779	SKOR1
12893	ENSG00000033800	PIAS1
12894	ENSG00000129007	CALML4
12895	ENSG00000128973	CLN6
12896	ENSG00000169018	FEM1B
12897	ENSG00000137809	ITGA11
12898	ENSG00000103647	CORO2B
12899	ENSG00000140350	ANP32A
12900	ENSG00000258484	SPESP1
12901	ENSG00000255346	NOX5
12902	ENSG00000138604	GLCE
12903	ENSG00000137819	PAQR5
12904	ENSG00000137807	KIF23
12905	ENSG00000137818	RPLP1
12906	ENSG00000140332	TLE3
12907	ENSG00000137831	UACA
12908	ENSG00000166173	LARP6
12909	ENSG00000137821	LRRC49
12910	ENSG00000129028	THAP10
12911	ENSG00000187720	THSD4
12912	ENSG00000278570	NR2E3
12913	ENSG00000066933	MYO9A
12914	ENSG00000166192	SENP8
12915	ENSG00000175318	GRAMD2A
12916	ENSG00000067225	PKM
12917	ENSG00000137817	PARP6
12918	ENSG00000140488	CELF6
12919	ENSG00000213614	HEXA
12920	ENSG00000187806	TMEM202
12921	ENSG00000215186	GOLGA6B
12922	ENSG00000175202	HIGD2B
12923	ENSG00000140463	BBS4
12924	ENSG00000159322	ADPGK
12925	ENSG00000067141	NEO1
12926	ENSG00000138622	HCN4
12927	ENSG00000183324	REC114
12928	ENSG00000156642	NPTN
12929	ENSG00000103855	CD276
12930	ENSG00000205363	INSYN1
12931	ENSG00000167139	TBC1D21
12932	ENSG00000129038	LOXL1
12933	ENSG00000067221	STOML1
12934	ENSG00000140464	PML
12935	ENSG00000159289	GOLGA6A
12936	ENSG00000167178	ISLR2
12937	ENSG00000129009	ISLR
12938	ENSG00000137868	STRA6
12939	ENSG00000140481	CCDC33
12940	ENSG00000140459	CYP11A1
12941	ENSG00000138623	SEMA7A
12942	ENSG00000138629	UBL7
12943	ENSG00000179361	ARID3B
12944	ENSG00000179151	EDC3
12945	ENSG00000140465	CYP1A1
12946	ENSG00000140505	CYP1A2
12947	ENSG00000103653	CSK
12948	ENSG00000140506	LMAN1L
12949	ENSG00000213578	CPLX3
12950	ENSG00000140474	ULK3
12951	ENSG00000140497	SCAMP2
12952	ENSG00000178802	MPI
12953	ENSG00000178761	FAM219B
12954	ENSG00000178741	COX5A
12955	ENSG00000178718	RPP25
12956	ENSG00000198794	SCAMP5
12957	ENSG00000138621	PPCDC
12958	ENSG00000167173	C15orf39
12959	ENSG00000167195	GOLGA6C
12960	ENSG00000140478	GOLGA6D
12961	ENSG00000140365	COMMD4
12962	ENSG00000140398	NEIL1
12963	ENSG00000140400	MAN2C1
12964	ENSG00000169375	SIN3A
12965	ENSG00000169410	PTPN9
12966	ENSG00000169371	SNUPN
12967	ENSG00000177971	IMP3
12968	ENSG00000173548	SNX33
12969	ENSG00000173546	CSPG4
12970	ENSG00000182950	ODF3L1
12971	ENSG00000140367	UBE2Q2
12972	ENSG00000167196	FBXO22
12973	ENSG00000169752	NRG4
12974	ENSG00000169758	TMEM266
12975	ENSG00000140374	ETFA
12976	ENSG00000159556	ISL2
12977	ENSG00000140386	SCAPER
12978	ENSG00000117906	RCN2
12979	ENSG00000140368	PSTPIP1
12980	ENSG00000140391	TSPAN3
12981	ENSG00000140382	HMG20A
12982	ENSG00000169783	LINGO1
12983	ENSG00000167202	TBC1D2B
12984	ENSG00000183476	SH2D7
12985	ENSG00000136425	CIB2
12986	ENSG00000166411	IDH3A
12987	ENSG00000103740	ACSBG1
12988	ENSG00000140403	DNAJA4
12989	ENSG00000140395	WDR61
12990	ENSG00000166426	CRABP1
12991	ENSG00000136381	IREB2
12992	ENSG00000188266	HYKK
12993	ENSG00000041357	PSMA4
12994	ENSG00000169684	CHRNA5
12995	ENSG00000080644	CHRNA3
12996	ENSG00000117971	CHRNB4
12997	ENSG00000136378	ADAMTS7
12998	ENSG00000185787	MORF4L1
12999	ENSG00000103811	CTSH
13000	ENSG00000058335	RASGRF1
13001	ENSG00000235711	ANKRD34C
13002	ENSG00000169330	MINAR1
13003	ENSG00000136371	MTHFS
13004	ENSG00000180953	ST20
13005	ENSG00000140379	BCL2A1
13006	ENSG00000086666	ZFAND6
13007	ENSG00000103876	FAH
13008	ENSG00000259417	CTXND1
13009	ENSG00000172379	ARNT2
13010	ENSG00000136379	ABHD17C
13011	ENSG00000103888	CEMIP
13012	ENSG00000117899	MESD
13013	ENSG00000140406	TLNRD1
13014	ENSG00000156206	CFAP161
13015	ENSG00000172349	IL16
13016	ENSG00000172345	STARD5
13017	ENSG00000188869	TMC3
13018	ENSG00000183496	MEX3B
13019	ENSG00000140598	EFL1
13020	ENSG00000188659	SAXO2
13021	ENSG00000278662	GOLGA6L10
13022	ENSG00000197978	GOLGA6L9
13023	ENSG00000182774	RPS17
13024	ENSG00000214575	CPEB1
13025	ENSG00000103723	AP3B2
13026	ENSG00000186628	FSD2
13027	ENSG00000156232	WHAMM
13028	ENSG00000169612	RAMAC
13029	ENSG00000064726	BTBD1
13030	ENSG00000136404	TM6SF1
13031	ENSG00000169594	BNC1
13032	ENSG00000140600	SH3GL3
13033	ENSG00000156218	ADAMTSL3
13034	ENSG00000184206	GOLGA6L4
13035	ENSG00000176371	ZSCAN2
13036	ENSG00000177082	WDR73
13037	ENSG00000197696	NMB
13038	ENSG00000140612	SEC11A
13039	ENSG00000166716	ZNF592
13040	ENSG00000136383	ALPK3
13041	ENSG00000156222	SLC28A1
13042	ENSG00000073417	PDE8A
13043	ENSG00000170776	AKAP13
13044	ENSG00000183655	KLHL25
13045	ENSG00000273540	AGBL1
13046	ENSG00000259494	MRPL46
13047	ENSG00000181991	MRPS11
13048	ENSG00000140543	DET1
13049	ENSG00000181026	AEN
13050	ENSG00000172183	ISG20
13051	ENSG00000157766	ACAN
13052	ENSG00000140511	HAPLN3
13053	ENSG00000140545	MFGE8
13054	ENSG00000140526	ABHD2
13055	ENSG00000140522	RLBP1
13056	ENSG00000140525	FANCI
13057	ENSG00000140521	POLG
13058	ENSG00000140519	RHCG
13059	ENSG00000140534	TICRR
13060	ENSG00000166813	KIF7
13061	ENSG00000166819	PLIN1
13062	ENSG00000166821	PEX11A
13063	ENSG00000140527	WDR93
13064	ENSG00000166823	MESP1
13065	ENSG00000188095	MESP2
13066	ENSG00000166825	ANPEP
13067	ENSG00000157823	AP3S2
13068	ENSG00000242498	ARPIN
13069	ENSG00000140548	ZNF710
13070	ENSG00000182054	IDH2
13071	ENSG00000185033	SEMA4B
13072	ENSG00000185043	CIB1
13073	ENSG00000183208	GDPGP1
13074	ENSG00000182768	NGRN
13075	ENSG00000196391	ZNF774
13076	ENSG00000140575	IQGAP1
13077	ENSG00000140577	CRTC3
13078	ENSG00000197299	BLM
13079	ENSG00000140564	FURIN
13080	ENSG00000182511	FES
13081	ENSG00000196547	MAN2A2
13082	ENSG00000184508	HDDC3
13083	ENSG00000140553	UNC45A
13084	ENSG00000166965	RCCD1
13085	ENSG00000198901	PRC1
13086	ENSG00000184056	VPS33B
13087	ENSG00000176463	SLCO3A1
13088	ENSG00000140557	ST8SIA2
13089	ENSG00000185442	FAM174B
13090	ENSG00000173575	CHD2
13091	ENSG00000182175	RGMA
13092	ENSG00000140563	MCTP2
13093	ENSG00000185551	NR2F2
13094	ENSG00000140450	ARRDC4
13095	ENSG00000140443	IGF1R
13096	ENSG00000183571	PGPEP1L
13097	ENSG00000182253	SYNM
13098	ENSG00000103852	TTC23
13099	ENSG00000168904	LRRC28
13100	ENSG00000068305	MEF2A
13101	ENSG00000183060	LYSMD4
13102	ENSG00000140470	ADAMTS17
13103	ENSG00000154227	CERS3
13104	ENSG00000140471	LINS1
13105	ENSG00000183475	ASB7
13106	ENSG00000184254	ALDH1A3
13107	ENSG00000154237	LRRK1
13108	ENSG00000131873	CHSY1
13109	ENSG00000131871	SELENOS
13110	ENSG00000131876	SNRPA1
13111	ENSG00000140479	PCSK6
13112	ENSG00000184277	TM2D3
13113	ENSG00000185418	TARS3
13114	ENSG00000184140	OR4F6
13115	ENSG00000182854	OR4F15
13116	ENSG00000177693	OR4F4
13117	ENSG00000161980	POLR3K
13118	ENSG00000161981	SNRNP25
13119	ENSG00000007384	RHBDF1
13120	ENSG00000103152	MPG
13121	ENSG00000103148	NPRL3
13122	ENSG00000130656	HBZ
13123	ENSG00000206177	HBM
13124	ENSG00000188536	HBA2
13125	ENSG00000206172	HBA1
13126	ENSG00000086506	HBQ1
13127	ENSG00000007392	LUC7L
13128	ENSG00000167930	FAM234A
13129	ENSG00000076344	RGS11
13130	ENSG00000242173	ARHGDIG
13131	ENSG00000185615	PDIA2
13132	ENSG00000103126	AXIN1
13133	ENSG00000086504	MRPL28
13134	ENSG00000129925	PGAP6
13135	ENSG00000103202	NME4
13136	ENSG00000242612	DECR2
13137	ENSG00000090565	RAB11FIP3
13138	ENSG00000103326	CAPN15
13139	ENSG00000161992	PRR35
13140	ENSG00000007541	PIGQ
13141	ENSG00000257108	NHLRC4
13142	ENSG00000197562	RAB40C
13143	ENSG00000127578	WFIKKN1
13144	ENSG00000130731	METTL26
13145	ENSG00000172366	MCRIP2
13146	ENSG00000161996	WDR90
13147	ENSG00000140983	RHOT2
13148	ENSG00000103269	RHBDL1
13149	ENSG00000103266	STUB1
13150	ENSG00000161999	JMJD8
13151	ENSG00000127580	WDR24
13152	ENSG00000127585	FBXL16
13153	ENSG00000103260	METRN
13154	ENSG00000103254	ANTKMT
13155	ENSG00000162004	CCDC78
13156	ENSG00000103253	HAGHL
13157	ENSG00000103245	CIAO3
13158	ENSG00000102854	MSLN
13159	ENSG00000007376	RPUSD1
13160	ENSG00000127586	CHTF18
13161	ENSG00000127588	GNG13
13162	ENSG00000103227	LMF1
13163	ENSG00000005513	SOX8
13164	ENSG00000162009	SSTR5
13165	ENSG00000184471	C1QTNF8
13166	ENSG00000196557	CACNA1H
13167	ENSG00000116176	TPSG1
13168	ENSG00000197253	TPSB2
13169	ENSG00000172236	TPSAB1
13170	ENSG00000095917	TPSD1
13171	ENSG00000103275	UBE2I
13172	ENSG00000007516	BAIAP3
13173	ENSG00000007520	TSR3
13174	ENSG00000090581	GNPTG
13175	ENSG00000059145	UNKL
13176	ENSG00000174109	C16orf91
13177	ENSG00000284395	PERCC1
13178	ENSG00000197599	CCDC154
13179	ENSG00000103249	CLCN7
13180	ENSG00000251692	PTX4
13181	ENSG00000100726	TELO2
13182	ENSG00000187535	IFT140
13183	ENSG00000131634	TMEM204
13184	ENSG00000007545	CRAMP1
13185	ENSG00000206053	JPT2
13186	ENSG00000138834	MAPK8IP3
13187	ENSG00000103024	NME3
13188	ENSG00000074071	MRPS34
13189	ENSG00000197774	EME2
13190	ENSG00000162032	SPSB3
13191	ENSG00000095906	NUBP2
13192	ENSG00000099769	IGFALS
13193	ENSG00000063854	HAGH
13194	ENSG00000180185	FAHD1
13195	ENSG00000162039	MEIOB
13197	ENSG00000198736	MSRB1
13198	ENSG00000140986	RPL3L
13199	ENSG00000140990	NDUFB10
13200	ENSG00000140988	RPS2
13201	ENSG00000179580	RNF151
13202	ENSG00000183751	TBL3
13203	ENSG00000196408	NOXO1
13204	ENSG00000127554	GFER
13205	ENSG00000127561	SYNGR3
13206	ENSG00000167962	ZNF598
13207	ENSG00000183971	NPW
13208	ENSG00000065054	SLC9A3R2
13209	ENSG00000065057	NTHL1
13210	ENSG00000103197	TSC2
13211	ENSG00000008710	PKD1
13212	ENSG00000167964	RAB26
13213	ENSG00000131653	TRAF7
13214	ENSG00000167971	CASKIN1
13215	ENSG00000167965	MLST8
13216	ENSG00000182685	BRICD5
13217	ENSG00000184207	PGP
13218	ENSG00000167967	E4F1
13219	ENSG00000167968	DNASE1L2
13220	ENSG00000167969	ECI1
13221	ENSG00000205937	RNPS1
13222	ENSG00000167972	ABCA3
13223	ENSG00000162063	CCNF
13224	ENSG00000162062	TEDC2
13225	ENSG00000162068	NTN3
13226	ENSG00000162065	TBC1D24
13227	ENSG00000185883	ATP6V0C
13228	ENSG00000162066	AMDHD2
13229	ENSG00000140992	PDPK1
13230	ENSG00000167977	KCTD5
13231	ENSG00000172382	PRSS27
13232	ENSG00000167978	SRRM2
13233	ENSG00000103363	ELOB
13234	ENSG00000103355	PRSS33
13235	ENSG00000215148	PRSS41
13236	ENSG00000007038	PRSS21
13237	ENSG00000162078	ZG16B
13238	ENSG00000005001	PRSS22
13239	ENSG00000162076	FLYWCH2
13240	ENSG00000059122	FLYWCH1
13241	ENSG00000131650	KREMEN2
13242	ENSG00000127564	PKMYT1
13243	ENSG00000162073	PAQR4
13245	ENSG00000213937	CLDN9
13246	ENSG00000184697	CLDN6
13247	ENSG00000006327	TNFRSF12A
13248	ENSG00000103145	HCFC1R1
13249	ENSG00000131652	THOC6
13250	ENSG00000162069	BICDL2
13251	ENSG00000008516	MMP25
13252	ENSG00000008517	IL32
13253	ENSG00000130182	ZSCAN10
13254	ENSG00000122386	ZNF205
13255	ENSG00000085644	ZNF213
13256	ENSG00000010539	ZNF200
13257	ENSG00000103313	MEFV
13258	ENSG00000006194	ZNF263
13259	ENSG00000140993	TIGD7
13260	ENSG00000162086	ZNF75A
13261	ENSG00000168158	OR2C1
13262	ENSG00000232196	MTRNR2L4
13263	ENSG00000140987	ZSCAN32
13264	ENSG00000103343	ZNF174
13265	ENSG00000167981	ZNF597
13266	ENSG00000122390	NAA60
13267	ENSG00000215131	C16orf90
13268	ENSG00000103351	CLUAP1
13269	ENSG00000167984	NLRC3
13270	ENSG00000188827	SLX4
13271	ENSG00000213918	DNASE1
13272	ENSG00000126602	TRAP1
13273	ENSG00000005339	CREBBP
13274	ENSG00000162104	ADCY9
13275	ENSG00000185739	SRL
13276	ENSG00000090447	TFAP4
13277	ENSG00000126603	GLIS2
13278	ENSG00000217930	PAM16
13279	ENSG00000262246	CORO7
13280	ENSG00000168140	VASN
13281	ENSG00000103423	DNAJA3
13282	ENSG00000153406	NMRAL1
13283	ENSG00000103415	HMOX2
13284	ENSG00000089486	CDIP1
13285	ENSG00000205832	C16orf96
13286	ENSG00000153443	UBALD1
13287	ENSG00000102858	MGRN1
13288	ENSG00000168101	NUDT16L1
13289	ENSG00000168096	ANKS3
13290	ENSG00000166246	DNAAF8
13291	ENSG00000103199	ZNF500
13292	ENSG00000140623	SEPTIN12
13293	ENSG00000267795	SMIM22
13294	ENSG00000067836	ROGDI
13295	ENSG00000140632	GLYR1
13296	ENSG00000118900	UBN1
13297	ENSG00000118898	PPL
13298	ENSG00000103184	SEC14L5
13299	ENSG00000103174	NAGPA
13300	ENSG00000033011	ALG1
13301	ENSG00000153446	C16orf89
13302	ENSG00000118894	EEF2KMT
13303	ENSG00000078328	RBFOX1
13304	ENSG00000232258	TMEM114
13305	ENSG00000067365	METTL22
13306	ENSG00000183044	ABAT
13307	ENSG00000184857	TMEM186
13308	ENSG00000140650	PMM2
13309	ENSG00000153048	CARHSP1
13310	ENSG00000283516	LITAFD
13311	ENSG00000187555	USP7
13312	ENSG00000182831	C16orf72
13313	ENSG00000183454	GRIN2A
13314	ENSG00000166669	ATF7IP2
13315	ENSG00000213853	EMP2
13316	ENSG00000153060	TEKT5
13317	ENSG00000103274	NUBP1
13318	ENSG00000166676	TVP23A
13319	ENSG00000182108	DEXI
13320	ENSG00000038532	CLEC16A
13321	ENSG00000175643	RMI2
13322	ENSG00000185338	SOCS1
13323	ENSG00000178279	TNP2
13324	ENSG00000178257	PRM3
13325	ENSG00000122304	PRM2
13326	ENSG00000175646	PRM1
13327	ENSG00000189067	LITAF
13328	ENSG00000184602	SNN
13329	ENSG00000153066	TXNDC11
13330	ENSG00000122299	ZC3H7A
13331	ENSG00000171490	RSL1D1
13332	ENSG00000103342	GSPT1
13333	ENSG00000234719	NPIPB2
13334	ENSG00000048462	TNFRSF17
13335	ENSG00000048471	SNX29
13336	ENSG00000103381	CPPED1
13337	ENSG00000237515	SHISA9
13338	ENSG00000175595	ERCC4
13339	ENSG00000186260	MRTFB
13340	ENSG00000140694	PARN
13341	ENSG00000103429	BFAR
13342	ENSG00000069764	PLA2G10
13343	ENSG00000224712	NPIPA3
13344	ENSG00000103512	NOMO1
13345	ENSG00000183426	NPIPA1
13346	ENSG00000179889	PDXDC1
13347	ENSG00000157045	NTAN1
13348	ENSG00000085721	RRN3
13349	ENSG00000183793	NPIPA5
13350	ENSG00000156968	MPV17L
13351	ENSG00000166780	BMERB1
13352	ENSG00000166783	MARF1
13353	ENSG00000072864	NDE1
13354	ENSG00000133392	MYH11
13355	ENSG00000133393	CEP20
13356	ENSG00000103222	ABCC1
13357	ENSG00000091262	ABCC6
13358	ENSG00000103226	NOMO3
13359	ENSG00000214967	NPIPA7
13360	ENSG00000103489	XYLT1
13361	ENSG00000214940	NPIPA8
13362	ENSG00000233024	NPIPA9
13363	ENSG00000185164	NOMO2
13364	ENSG00000134419	RPS15A
13365	ENSG00000170540	ARL6IP1
13366	ENSG00000157106	SMG1
13367	ENSG00000170537	TMC7
13368	ENSG00000167186	COQ7
13369	ENSG00000205730	ITPRIPL2
13370	ENSG00000103528	SYT17
13371	ENSG00000261210	CLEC19A
13372	ENSG00000103534	TMC5
13373	ENSG00000006007	GDE1
13374	ENSG00000103540	CCP110
13375	ENSG00000103544	VPS35L
13376	ENSG00000103550	KNOP1
13377	ENSG00000174628	IQCK
13378	ENSG00000167191	GPRC5B
13379	ENSG00000180269	GPR139
13380	ENSG00000169347	GP2
13381	ENSG00000169344	UMOD
13382	ENSG00000169340	PDILT
13383	ENSG00000183549	ACSM5
13384	ENSG00000183747	ACSM2A
13385	ENSG00000066813	ACSM2B
13386	ENSG00000005187	ACSM3
13387	ENSG00000166743	ACSM1
13388	ENSG00000066654	THUMPD1
13389	ENSG00000196678	ERI2
13390	ENSG00000005189	REXO5
13391	ENSG00000188215	DCUN1D3
13392	ENSG00000102897	LYRM1
13393	ENSG00000158486	DNAH3
13394	ENSG00000011638	LDAF1
13395	ENSG00000103310	ZP2
13396	ENSG00000175311	ANKS4B
13397	ENSG00000103316	CRYM
13398	ENSG00000169246	NPIPB3
13399	ENSG00000197006	METTL9
13400	ENSG00000140749	IGSF6
13401	ENSG00000155719	OTOA
13402	ENSG00000185864	NPIPB4
13403	ENSG00000140740	UQCRC2
13404	ENSG00000155714	PDZD9
13405	ENSG00000185716	MOSMO
13406	ENSG00000175267	VWA3A
13407	ENSG00000183921	SDR42E2
13408	ENSG00000103319	EEF2K
13409	ENSG00000058600	POLR3E
13410	ENSG00000140743	CDR2
13411	ENSG00000243716	NPIPB5
13412	ENSG00000122254	HS3ST2
13413	ENSG00000103404	USP31
13414	ENSG00000166828	SCNN1G
13415	ENSG00000168447	SCNN1B
13416	ENSG00000168434	COG7
13417	ENSG00000103365	GGA2
13418	ENSG00000103356	EARS2
13419	ENSG00000103353	UBFD1
13420	ENSG00000004779	NDUFAB1
13421	ENSG00000083093	PALB2
13422	ENSG00000166851	PLK1
13423	ENSG00000134398	ERN2
13424	ENSG00000166869	CHP2
13425	ENSG00000166501	PRKCB
13426	ENSG00000006116	CACNG3
13427	ENSG00000122257	RBBP6
13428	ENSG00000090905	TNRC6A
13429	ENSG00000158865	SLC5A11
13430	ENSG00000140750	ARHGAP17
13431	ENSG00000205629	LCMT1
13432	ENSG00000103375	AQP8
13433	ENSG00000155592	ZKSCAN2
13434	ENSG00000182601	HS3ST4
13435	ENSG00000234186	C16orf82
13436	ENSG00000155666	KDM8
13437	ENSG00000169189	NSMCE1
13438	ENSG00000077238	IL4R
13439	ENSG00000103522	IL21R
13440	ENSG00000077235	GTF3C1
13441	ENSG00000047578	KATNIP
13442	ENSG00000169181	GSG1L
13443	ENSG00000169180	XPO6
13444	ENSG00000188322	SBK1
13445	ENSG00000198156	NPIPB6
13446	ENSG00000205609	EIF3CL
13447	ENSG00000233232	NPIPB7
13448	ENSG00000188603	CLN3
13449	ENSG00000184730	APOBR
13450	ENSG00000197272	IL27
13451	ENSG00000176046	NUPR1
13452	ENSG00000176476	SGF29
13453	ENSG00000197165	SULT1A2
13454	ENSG00000196502	SULT1A1
13455	ENSG00000255524	NPIPB8
13456	ENSG00000184110	EIF3C
13457	ENSG00000196993	NPIPB9
13458	ENSG00000168488	ATXN2L
13459	ENSG00000178952	TUFM
13460	ENSG00000178188	SH2B1
13461	ENSG00000196296	ATP2A1
13462	ENSG00000177548	RABEP2
13463	ENSG00000177455	CD19
13464	ENSG00000176953	NFATC2IP
13465	ENSG00000169682	SPNS1
13466	ENSG00000213658	LAT
13467	ENSG00000254206	NPIPB11
13468	ENSG00000261740	BOLA2-SMG1P6
13469	ENSG00000183336	BOLA2
13470	ENSG00000181625	SLX1B
13471	ENSG00000213648	SULT1A4
13472	ENSG00000169203	NPIPB12
13473	ENSG00000197471	SPN
13474	ENSG00000103485	QPRT
13475	ENSG00000185905	C16orf54
13476	ENSG00000174992	ZG16
13477	ENSG00000079616	KIF22
13478	ENSG00000103495	MAZ
13479	ENSG00000167371	PRRT2
13480	ENSG00000280789	PAGR1
13481	ENSG00000013364	MVP
13482	ENSG00000103502	CDIPT
13483	ENSG00000174938	SEZ6L2
13484	ENSG00000174939	ASPHD1
13485	ENSG00000174943	KCTD13
13486	ENSG00000149932	TMEM219
13487	ENSG00000149930	TAOK2
13488	ENSG00000149929	HIRIP3
13489	ENSG00000169592	INO80E
13490	ENSG00000149927	DOC2A
13491	ENSG00000167194	C16orf92
13492	ENSG00000149926	TLCD3B
13493	ENSG00000149925	ALDOA
13494	ENSG00000149923	PPP4C
13495	ENSG00000149922	TBX6
13496	ENSG00000090238	YPEL3
13497	ENSG00000102886	GDPD3
13498	ENSG00000102882	MAPK3
13499	ENSG00000102879	CORO1A
13500	ENSG00000169627	BOLA2B
13501	ENSG00000132207	SLX1A
13502	ENSG00000261052	SULT1A3
13503	ENSG00000198064	NPIPB13
13504	ENSG00000169217	CD2BP2
13505	ENSG00000169221	TBC1D10B
13506	ENSG00000180209	MYLPF
13507	ENSG00000180035	ZNF48
13508	ENSG00000180096	SEPTIN1
13509	ENSG00000179965	ZNF771
13510	ENSG00000179958	DCTPP1
13511	ENSG00000179918	SEPHS2
13512	ENSG00000005844	ITGAL
13513	ENSG00000169957	ZNF768
13514	ENSG00000169955	ZNF747
13515	ENSG00000169951	ZNF764
13516	ENSG00000229809	ZNF688
13517	ENSG00000197162	ZNF785
13518	ENSG00000156853	ZNF689
13519	ENSG00000156858	PRR14
13520	ENSG00000156860	FBRS
13521	ENSG00000080603	SRCAP
13522	ENSG00000281991	TMEM265
13523	ENSG00000156873	PHKG2
13524	ENSG00000196118	CCDC189
13525	ENSG00000103549	RNF40
13526	ENSG00000102870	ZNF629
13527	ENSG00000099385	BCL7C
13528	ENSG00000150281	CTF1
13529	ENSG00000099364	FBXL19
13530	ENSG00000175938	ORAI3
13531	ENSG00000099381	SETD1A
13532	ENSG00000099377	HSD3B7
13533	ENSG00000099365	STX1B
13534	ENSG00000103496	STX4
13535	ENSG00000167394	ZNF668
13536	ENSG00000167395	ZNF646
13537	ENSG00000151006	PRSS53
13538	ENSG00000167397	VKORC1
13539	ENSG00000103507	BCKDK
13540	ENSG00000103510	KAT8
13541	ENSG00000052344	PRSS8
13542	ENSG00000178226	PRSS36
13543	ENSG00000089280	FUS
13544	ENSG00000103490	PYCARD
13545	ENSG00000177238	TRIM72
13546	ENSG00000169900	PYDC1
13547	ENSG00000169896	ITGAM
13548	ENSG00000140678	ITGAX
13549	ENSG00000156886	ITGAD
13550	ENSG00000156885	COX6A2
13551	ENSG00000176723	ZNF843
13552	ENSG00000140691	ARMC5
13553	ENSG00000140682	TGFB1I1
13554	ENSG00000140675	SLC5A2
13555	ENSG00000140688	RUSF1
13556	ENSG00000169877	AHSP
13557	ENSG00000197302	ZNF720
13558	ENSG00000185947	ZNF267
13559	ENSG00000205456	TP53TG3D
13560	ENSG00000183632	TP53TG3
13561	ENSG00000205457	TP53TG3C
13562	ENSG00000275034	TP53TG3E
13563	ENSG00000261509	TP53TG3B
13564	ENSG00000278848	TP53TG3F
13565	ENSG00000171241	SHCBP1
13566	ENSG00000069329	VPS35
13567	ENSG00000091651	ORC6
13568	ENSG00000140795	MYLK3
13569	ENSG00000155330	C16orf87
13570	ENSG00000166123	GPT2
13571	ENSG00000069345	DNAJA2
13572	ENSG00000171208	NETO2
13573	ENSG00000129636	ITFG1
13574	ENSG00000102893	PHKB
13575	ENSG00000140798	ABCC12
13576	ENSG00000121270	ABCC11
13577	ENSG00000102910	LONP2
13578	ENSG00000196470	SIAH1
13579	ENSG00000102921	N4BP1
13580	ENSG00000102924	CBLN1
13581	ENSG00000166152	C16orf78
13582	ENSG00000102935	ZNF423
13583	ENSG00000205423	CNEP1R1
13584	ENSG00000155393	HEATR3
13585	ENSG00000121274	TENT4B
13586	ENSG00000121281	ADCY7
13587	ENSG00000166164	BRD7
13588	ENSG00000167208	SNX20
13589	ENSG00000167207	NOD2
13590	ENSG00000083799	CYLD
13591	ENSG00000103449	SALL1
13592	ENSG00000103460	TOX3
13593	ENSG00000177200	CHD9
13594	ENSG00000103479	RBL2
13595	ENSG00000166971	AKTIP
13596	ENSG00000103494	RPGRIP1L
13597	ENSG00000177508	IRX3
13598	ENSG00000176842	IRX5
13599	ENSG00000159387	IRX6
13600	ENSG00000087245	MMP2
13601	ENSG00000087253	LPCAT2
13602	ENSG00000256812	CAPNS2
13603	ENSG00000103546	SLC6A2
13604	ENSG00000198848	CES1
13605	ENSG00000159398	CES5A
13606	ENSG00000087258	GNAO1
13607	ENSG00000159461	AMFR
13608	ENSG00000167005	NUDT21
13609	ENSG00000087263	OGFOD1
13610	ENSG00000125124	BBS2
13611	ENSG00000102891	MT4
13612	ENSG00000087250	MT3
13613	ENSG00000125148	MT2A
13614	ENSG00000169715	MT1E
13615	ENSG00000205364	MT1M
13616	ENSG00000205362	MT1A
13617	ENSG00000169688	MT1B
13618	ENSG00000198417	MT1F
13619	ENSG00000125144	MT1G
13620	ENSG00000205358	MT1H
13621	ENSG00000187193	MT1X
13622	ENSG00000102900	NUP93
13623	ENSG00000070915	SLC12A3
13624	ENSG00000051108	HERPUD1
13625	ENSG00000087237	CETP
13626	ENSG00000140853	NLRC5
13627	ENSG00000140848	CPNE2
13628	ENSG00000172775	PSME3IP1
13629	ENSG00000159579	RSPRY1
13630	ENSG00000102931	ARL2BP
13631	ENSG00000102934	PLLP
13632	ENSG00000102962	CCL22
13633	ENSG00000006210	CX3CL1
13634	ENSG00000102970	CCL17
13635	ENSG00000005194	CIAPIN1
13636	ENSG00000088682	COQ9
13637	ENSG00000102978	POLR2C
13638	ENSG00000125170	DOK4
13639	ENSG00000135736	CCDC102A
13640	ENSG00000159618	ADGRG5
13641	ENSG00000205336	ADGRG1
13642	ENSG00000182885	ADGRG3
13643	ENSG00000159625	DRC7
13644	ENSG00000140854	KATNB1
13645	ENSG00000140859	KIFC3
13646	ENSG00000070729	CNGB1
13647	ENSG00000159648	TEPP
13648	ENSG00000166188	ZNF319
13649	ENSG00000103005	USB1
13650	ENSG00000102996	MMP15
13651	ENSG00000070761	CFAP20
13652	ENSG00000070770	CSNK2A2
13653	ENSG00000103021	CCDC113
13654	ENSG00000103023	PRSS54
13655	ENSG00000181938	GINS3
13656	ENSG00000103034	NDRG4
13657	ENSG00000103037	SETD6
13658	ENSG00000125107	CNOT1
13659	ENSG00000103042	SLC38A7
13660	ENSG00000125166	GOT2
13661	ENSG00000150394	CDH8
13662	ENSG00000140937	CDH11
13663	ENSG00000179776	CDH5
13664	ENSG00000166546	BEAN1
13665	ENSG00000166548	TK2
13666	ENSG00000217555	CKLF
13667	ENSG00000089505	CMTM1
13668	ENSG00000140932	CMTM2
13669	ENSG00000140931	CMTM3
13670	ENSG00000183723	CMTM4
13671	ENSG00000135720	DYNC1LI2
13672	ENSG00000249961	TERB1
13673	ENSG00000159593	NAE1
13674	ENSG00000168748	CA7
13675	ENSG00000172840	PDP2
13676	ENSG00000166589	CDH16
13677	ENSG00000166592	RRAD
13678	ENSG00000166595	CIAO2B
13679	ENSG00000172831	CES2
13680	ENSG00000172828	CES3
13681	ENSG00000172824	CES4A
13682	ENSG00000067955	CBFB
13683	ENSG00000125149	PHAF1
13684	ENSG00000237172	B3GNT9
13685	ENSG00000102871	TRADD
13686	ENSG00000135722	FBXL8
13687	ENSG00000102878	HSF4
13688	ENSG00000140939	NOL3
13689	ENSG00000196123	KIAA0895L
13690	ENSG00000205250	E2F4
13691	ENSG00000102890	ELMO3
13692	ENSG00000168701	TMEM208
13693	ENSG00000135723	FHOD1
13694	ENSG00000135740	SLC9A5
13695	ENSG00000196155	PLEKHG4
13696	ENSG00000168676	KCTD19
13697	ENSG00000159708	LRRC36
13698	ENSG00000159713	TPPP3
13699	ENSG00000159714	ZDHHC1
13700	ENSG00000176387	HSD11B2
13701	ENSG00000159720	ATP6V0D1
13702	ENSG00000159723	AGRP
13703	ENSG00000039523	RIPOR1
13704	ENSG00000102974	CTCF
13705	ENSG00000159753	CARMIL2
13706	ENSG00000102977	ACD
13707	ENSG00000102981	PARD6A
13708	ENSG00000124074	ENKD1
13709	ENSG00000159761	C16orf86
13710	ENSG00000141098	GFOD2
13711	ENSG00000141084	RANBP10
13712	ENSG00000102904	TSNAXIP1
13713	ENSG00000102901	CENPT
13714	ENSG00000168286	THAP11
13715	ENSG00000102898	NUTF2
13716	ENSG00000038358	EDC4
13717	ENSG00000188038	NRN1L
13718	ENSG00000159792	PSKH1
13719	ENSG00000141086	CTRL
13720	ENSG00000205220	PSMB10
13721	ENSG00000213398	LCAT
13722	ENSG00000124067	SLC12A4
13723	ENSG00000141096	DPEP3
13724	ENSG00000167261	DPEP2
13725	ENSG00000167264	DUS2
13726	ENSG00000263201	DPEP2NB
13727	ENSG00000182810	DDX28
13728	ENSG00000072736	NFATC3
13729	ENSG00000103067	ESRP2
13730	ENSG00000103066	PLA2G15
13731	ENSG00000103064	SLC7A6
13732	ENSG00000103061	SLC7A6OS
13733	ENSG00000132600	PRMT7
13734	ENSG00000103056	SMPD3
13735	ENSG00000184939	ZFP90
13736	ENSG00000062038	CDH3
13737	ENSG00000039068	CDH1
13738	ENSG00000103047	TANGO6
13739	ENSG00000103044	HAS3
13740	ENSG00000168802	CHTF8
13741	ENSG00000141076	UTP4
13742	ENSG00000168807	SNTB2
13743	ENSG00000132612	VPS4A
13744	ENSG00000213380	COG8
13745	ENSG00000258429	PDF
13746	ENSG00000132603	NIP7
13747	ENSG00000157315	TMED6
13748	ENSG00000132604	TERF2
13749	ENSG00000103018	CYB5B
13750	ENSG00000102908	NFAT5
13751	ENSG00000181019	NQO1
13752	ENSG00000141101	NOB1
13753	ENSG00000198373	WWP2
13754	ENSG00000157322	CLEC18A
13755	ENSG00000090857	PDPR
13756	ENSG00000157335	CLEC18C
13757	ENSG00000223496	EXOSC6
13758	ENSG00000090861	AARS1
13759	ENSG00000157349	DDX19B
13760	ENSG00000168872	DDX19A
13761	ENSG00000157350	ST3GAL2
13762	ENSG00000157353	FCSK
13763	ENSG00000103051	COG4
13764	ENSG00000189091	SF3B3
13765	ENSG00000157368	IL34
13766	ENSG00000132613	MTSS2
13767	ENSG00000103043	VAC14
13768	ENSG00000157423	HYDIN
13769	ENSG00000180917	CMTR2
13770	ENSG00000172137	CALB2
13771	ENSG00000260734	TLE7
13772	ENSG00000167377	ZNF23
13773	ENSG00000157429	ZNF19
13774	ENSG00000140835	CHST4
13775	ENSG00000198650	TAT
13776	ENSG00000140832	MARVELD3
13777	ENSG00000040199	PHLPP2
13778	ENSG00000166747	AP1G1
13779	ENSG00000224470	ATXN1L
13780	ENSG00000182149	IST1
13781	ENSG00000102984	ZNF821
13782	ENSG00000102967	DHODH
13783	ENSG00000140830	TXNL4B
13784	ENSG00000257017	HP
13785	ENSG00000261701	HPR
13786	ENSG00000140829	DHX38
13787	ENSG00000118557	PMFBP1
13788	ENSG00000140836	ZFHX3
13789	ENSG00000103035	PSMD7
13790	ENSG00000196436	NPIPB15
13791	ENSG00000140839	CLEC18B
13792	ENSG00000090863	GLG1
13793	ENSG00000168411	RFWD3
13794	ENSG00000168404	MLKL
13795	ENSG00000103089	FA2H
13796	ENSG00000103091	WDR59
13797	ENSG00000186187	ZNRF1
13798	ENSG00000166816	LDHD
13799	ENSG00000184517	ZFP1
13800	ENSG00000168928	CTRB2
13801	ENSG00000168925	CTRB1
13802	ENSG00000050820	BCAR1
13803	ENSG00000153774	CFDP1
13804	ENSG00000166822	TMEM170A
13805	ENSG00000183196	CHST6
13806	ENSG00000135702	CHST5
13807	ENSG00000205084	TMEM231
13808	ENSG00000034713	GABARAPL2
13809	ENSG00000065457	ADAT1
13810	ENSG00000065427	KARS1
13811	ENSG00000166848	TERF2IP
13812	ENSG00000282757	DUXB
13813	ENSG00000283755	CPHXL
13814	ENSG00000152910	CNTNAP4
13815	ENSG00000103111	MON1B
13816	ENSG00000205078	SYCE1L
13817	ENSG00000140873	ADAMTS18
13818	ENSG00000140876	NUDT7
13819	ENSG00000171724	VAT1L
13820	ENSG00000166509	CLEC3A
13821	ENSG00000186153	WWOX
13822	ENSG00000178573	MAF
13823	ENSG00000168589	DYNLRB2
13824	ENSG00000166446	CDYL2
13825	ENSG00000103121	CMC2
13826	ENSG00000166451	CENPN
13827	ENSG00000166454	ATMIN
13828	ENSG00000166455	C16orf46
13829	ENSG00000140905	GCSH
13830	ENSG00000135697	BCO1
13831	ENSG00000153815	CMIP
13832	ENSG00000197943	PLCG2
13833	ENSG00000086696	HSD17B2
13834	ENSG00000135698	MPHOSPH6
13835	ENSG00000140945	CDH13
13836	ENSG00000230989	HSBP1
13837	ENSG00000140961	OSGIN1
13838	ENSG00000103154	NECAB2
13839	ENSG00000166558	SLC38A8
13840	ENSG00000140943	MBTPS1
13841	ENSG00000103160	HSDL1
13842	ENSG00000154099	DNAAF1
13843	ENSG00000103168	TAF1C
13844	ENSG00000140955	ADAD2
13845	ENSG00000168418	KCNG4
13846	ENSG00000103175	WFDC1
13847	ENSG00000064270	ATP2C2
13848	ENSG00000140950	MEAK7
13849	ENSG00000103187	COTL1
13850	ENSG00000135686	KLHL36
13851	ENSG00000103194	USP10
13852	ENSG00000103196	CRISPLD2
13853	ENSG00000153786	ZDHHC7
13854	ENSG00000135709	KIAA0513
13855	ENSG00000153789	CIBAR2
13856	ENSG00000131149	GSE1
13857	ENSG00000131153	GINS2
13858	ENSG00000154102	C16orf74
13859	ENSG00000131148	EMC8
13860	ENSG00000131143	COX4I1
13861	ENSG00000140968	IRF8
13862	ENSG00000103241	FOXF1
13863	ENSG00000103248	MTHFSD
13864	ENSG00000176692	FOXC2
13865	ENSG00000176678	FOXL1
13866	ENSG00000260456	C16orf95
13867	ENSG00000103264	FBXO31
13868	ENSG00000140941	MAP1LC3B
13869	ENSG00000140948	ZCCHC14
13870	ENSG00000154118	JPH3
13871	ENSG00000104731	KLHDC4
13872	ENSG00000103257	SLC7A5
13873	ENSG00000174990	CA5A
13874	ENSG00000172530	BANP
13875	ENSG00000225614	ZNF469
13876	ENSG00000179588	ZFPM1
13877	ENSG00000158545	ZC3H18
13878	ENSG00000124391	IL17C
13879	ENSG00000051523	CYBA
13880	ENSG00000167508	MVD
13881	ENSG00000185669	SNAI3
13882	ENSG00000158717	RNF166
13883	ENSG00000174177	CTU2
13884	ENSG00000103335	PIEZO1
13885	ENSG00000167513	CDT1
13886	ENSG00000198931	APRT
13887	ENSG00000141012	GALNS
13888	ENSG00000167515	TRAPPC2L
13889	ENSG00000205022	PABPN1L
13890	ENSG00000129993	CBFA2T3
13891	ENSG00000176715	ACSF3
13892	ENSG00000129910	CDH15
13893	ENSG00000259803	SLC22A31
13894	ENSG00000170100	ZNF778
13895	ENSG00000167522	ANKRD11
13896	ENSG00000197912	SPG7
13897	ENSG00000167526	RPL13
13898	ENSG00000178773	CPNE7
13899	ENSG00000015413	DPEP1
13900	ENSG00000131165	CHMP1A
13901	ENSG00000167523	SPATA33
13902	ENSG00000185324	CDK10
13903	ENSG00000158792	SPATA2L
13904	ENSG00000075399	VPS9D1
13905	ENSG00000158805	ZNF276
13906	ENSG00000187741	FANCA
13907	ENSG00000204991	SPIRE2
13908	ENSG00000141002	TCF25
13909	ENSG00000258839	MC1R
13910	ENSG00000258947	TUBB3
13911	ENSG00000140995	DEF8
13912	ENSG00000003249	DBNDD1
13913	ENSG00000141013	GAS8
13914	ENSG00000126856	PRDM7
13915	ENSG00000268320	SCGB1C2
13917	ENSG00000181031	RPH3AL
13918	ENSG00000187624	C17orf97
13919	ENSG00000183688	RFLNB
13920	ENSG00000167695	TLCD3A
13921	ENSG00000179409	GEMIN4
13922	ENSG00000167699	GLOD4
13923	ENSG00000171861	MRM3
13924	ENSG00000167693	NXN
13925	ENSG00000177370	TIMM22
13926	ENSG00000159842	ABR
13927	ENSG00000205899	BHLHA9
13928	ENSG00000184811	TRARG1
13929	ENSG00000108953	YWHAE
13930	ENSG00000167193	CRK
13931	ENSG00000197879	MYO1C
13932	ENSG00000132376	INPP5K
13933	ENSG00000174238	PITPNA
13934	ENSG00000167703	SLC43A2
13935	ENSG00000074660	SCARF1
13936	ENSG00000167705	RILP
13937	ENSG00000174231	PRPF8
13938	ENSG00000185561	TLCD2
13939	ENSG00000167716	WDR81
13940	ENSG00000167711	SERPINF2
13941	ENSG00000132386	SERPINF1
13942	ENSG00000186532	SMYD4
13943	ENSG00000132383	RPA1
13944	ENSG00000185924	RTN4RL1
13945	ENSG00000108963	DPH1
13946	ENSG00000177374	HIC1
13947	ENSG00000070366	SMG6
13948	ENSG00000167720	SRR
13949	ENSG00000167721	TSR1
13950	ENSG00000141258	SGSM2
13951	ENSG00000070444	MNT
13952	ENSG00000127804	METTL16
13953	ENSG00000007168	PAFAH1B1
13954	ENSG00000132361	CLUH
13956	ENSG00000132359	RAP1GAP2
13957	ENSG00000184166	OR1D2
13958	ENSG00000172146	OR1A1
13959	ENSG00000221882	OR3A2
13960	ENSG00000180090	OR3A1
13961	ENSG00000180016	OR1E1
13962	ENSG00000159961	OR3A3
13963	ENSG00000141255	SPATA22
13964	ENSG00000108381	ASPA
13965	ENSG00000167723	TRPV3
13966	ENSG00000196689	TRPV1
13967	ENSG00000197417	SHPK
13968	ENSG00000040531	CTNS
13969	ENSG00000213977	TAX1BP3
13970	ENSG00000127774	EMC6
13971	ENSG00000083454	P2RX5
13972	ENSG00000083457	ITGAE
13973	ENSG00000177602	HASPIN
13974	ENSG00000004660	CAMKK1
13975	ENSG00000108405	P2RX1
13976	ENSG00000074370	ATP2A3
13977	ENSG00000074755	ZZEF1
13978	ENSG00000167740	CYB5D2
13979	ENSG00000185722	ANKFY1
13980	ENSG00000132388	UBE2G1
13981	ENSG00000182557	SPNS3
13982	ENSG00000183018	SPNS2
13983	ENSG00000132382	MYBBP1A
13984	ENSG00000167741	GGT6
13985	ENSG00000188176	SMTNL2
13986	ENSG00000161905	ALOX15
13987	ENSG00000141456	PELP1
13988	ENSG00000141480	ARRB2
13989	ENSG00000161920	MED11
13990	ENSG00000161921	CXCL16
13991	ENSG00000141497	ZMYND15
13992	ENSG00000142484	TM4SF5
13993	ENSG00000182853	VMO1
13994	ENSG00000182327	GLTPD2
13995	ENSG00000142507	PSMB6
13996	ENSG00000262165	C17orf114
13997	ENSG00000129219	PLD2
13998	ENSG00000141503	MINK1
13999	ENSG00000108556	CHRNE
14000	ENSG00000205710	C17orf107
14001	ENSG00000185245	GP1BA
14002	ENSG00000108528	SLC25A11
14003	ENSG00000108523	RNF167
14004	ENSG00000108518	PFN1
14005	ENSG00000108515	ENO3
14006	ENSG00000091640	SPAG7
14007	ENSG00000108509	CAMTA2
14008	ENSG00000196388	INCA1
14009	ENSG00000129250	KIF1C
14010	ENSG00000132517	SLC52A1
14011	ENSG00000180787	ZFP3
14012	ENSG00000167840	ZNF232
14013	ENSG00000129204	USP6
14014	ENSG00000180626	ZNF594
14015	ENSG00000161929	SCIMP
14016	ENSG00000029725	RABEP1
14017	ENSG00000108559	NUP88
14018	ENSG00000129197	RPAIN
14019	ENSG00000108561	C1QBP
14020	ENSG00000005100	DHX33
14021	ENSG00000072849	DERL2
14022	ENSG00000167842	MIS12
14023	ENSG00000091592	NLRP1
14024	ENSG00000179314	WSCD1
14025	ENSG00000129221	AIPL1
14026	ENSG00000129195	PIMREG
14027	ENSG00000091622	PITPNM3
14028	ENSG00000198920	KIAA0753
14029	ENSG00000129235	TXNDC17
14030	ENSG00000108590	MED31
14031	ENSG00000256806	C17orf100
14032	ENSG00000141485	SLC13A5
14033	ENSG00000132530	XAF1
14034	ENSG00000177294	FBXO39
14035	ENSG00000167858	TEKT1
14036	ENSG00000108839	ALOX12
14037	ENSG00000219200	RNASEK
14038	ENSG00000258315	C17orf49
14039	ENSG00000161940	BCL6B
14040	ENSG00000174327	SLC16A13
14041	ENSG00000174326	SLC16A11
14042	ENSG00000132514	CLEC10A
14043	ENSG00000161944	ASGR2
14044	ENSG00000141505	ASGR1
14045	ENSG00000132535	DLG4
14046	ENSG00000072778	ACADVL
14047	ENSG00000004975	DVL2
14048	ENSG00000040633	PHF23
14049	ENSG00000170296	GABARAP
14050	ENSG00000175826	CTDNEP1
14051	ENSG00000170291	ELP5
14052	ENSG00000181885	CLDN7
14053	ENSG00000181856	SLC2A4
14054	ENSG00000006047	YBX2
14055	ENSG00000132507	EIF5A
14056	ENSG00000132522	GPS2
14057	ENSG00000215041	NEURL4
14058	ENSG00000072818	ACAP1
14059	ENSG00000213859	KCTD11
14060	ENSG00000182896	TMEM95
14061	ENSG00000174292	TNK1
14062	ENSG00000187838	PLSCR3
14063	ENSG00000205544	TMEM256
14064	ENSG00000169992	NLGN2
14065	ENSG00000181323	SPEM1
14066	ENSG00000184560	SPEM2
14067	ENSG00000283439	SPEM3
14068	ENSG00000181284	TMEM102
14069	ENSG00000161958	FGF11
14070	ENSG00000170175	CHRNB1
14071	ENSG00000174282	ZBTB4
14072	ENSG00000259224	SLC35G6
14074	ENSG00000239697	TNFSF12
14075	ENSG00000161955	TNFSF13
14076	ENSG00000161956	SENP3
14077	ENSG00000161960	EIF4A1
14078	ENSG00000129226	CD68
14079	ENSG00000129255	MPDU1
14080	ENSG00000129194	SOX15
14081	ENSG00000129245	FXR2
14082	ENSG00000129214	SHBG
14083	ENSG00000141504	SAT2
14084	ENSG00000129244	ATP1B2
14085	ENSG00000141510	TP53
14086	ENSG00000108947	EFNB3
14087	ENSG00000183914	DNAH2
14088	ENSG00000132510	KDM6B
14089	ENSG00000167874	TMEM88
14090	ENSG00000183011	NAA38
14091	ENSG00000182224	CYB5D1
14092	ENSG00000170004	CHD3
14093	ENSG00000179859	RNF227
14094	ENSG00000170049	KCNAB3
14095	ENSG00000170043	TRAPPC1
14096	ENSG00000170037	CNTROB
14097	ENSG00000132518	GUCY2D
14098	ENSG00000179593	ALOX15B
14099	ENSG00000179477	ALOX12B
14100	ENSG00000179148	ALOXE3
14101	ENSG00000179111	HES7
14102	ENSG00000179094	PER1
14103	ENSG00000220205	VAMP2
14104	ENSG00000179029	TMEM107
14105	ENSG00000196544	BORCS6
14106	ENSG00000178999	AURKB
14107	ENSG00000178971	CTC1
14108	ENSG00000178921	PFAS
14109	ENSG00000125434	SLC25A35
14110	ENSG00000108961	RANGRF
14111	ENSG00000198844	ARHGEF15
14112	ENSG00000184650	ODF4
14113	ENSG00000161970	RPL26
14114	ENSG00000189051	RNF222
14115	ENSG00000166579	NDEL1
14116	ENSG00000133026	MYH10
14117	ENSG00000161973	CCDC42
14118	ENSG00000183318	SPDYE4
14119	ENSG00000185156	MFSD6L
14120	ENSG00000276231	PIK3R6
14121	ENSG00000141506	PIK3R5
14122	ENSG00000065320	NTN1
14123	ENSG00000170310	STX8
14124	ENSG00000166596	CFAP52
14125	ENSG00000154914	USP43
14126	ENSG00000184544	DHRS7C
14127	ENSG00000214978	GSG1L2
14128	ENSG00000065325	GLP2R
14129	ENSG00000109047	RCVRN
14130	ENSG00000007237	GAS7
14131	ENSG00000006788	MYH13
14132	ENSG00000133020	MYH8
14133	ENSG00000264424	MYH4
14134	ENSG00000109061	MYH1
14135	ENSG00000125414	MYH2
14136	ENSG00000109063	MYH3
14137	ENSG00000133028	SCO1
14138	ENSG00000170222	ADPRM
14139	ENSG00000187824	TMEM220
14140	ENSG00000263429	TMEM238L
14141	ENSG00000233670	PIRT
14142	ENSG00000188803	SHISA6
14143	ENSG00000007174	DNAH9
14144	ENSG00000154957	ZNF18
14145	ENSG00000065559	MAP2K4
14146	ENSG00000141052	MYOCD
14147	ENSG00000006740	ARHGAP44
14148	ENSG00000006744	ELAC2
14149	ENSG00000153976	HS3ST3A1
14150	ENSG00000006695	COX10
14151	ENSG00000223510	CDRT15
14152	ENSG00000125430	HS3ST3B1
14153	ENSG00000109099	PMP22
14154	ENSG00000125409	TEKT3
14155	ENSG00000239704	CDRT4
14156	ENSG00000175106	TVP23C
14157	ENSG00000241322	CDRT1
14158	ENSG00000221926	TRIM16
14159	ENSG00000187607	ZNF286A
14160	ENSG00000214946	TBC1D26
14161	ENSG00000170425	ADORA2B
14162	ENSG00000214941	ZSWIM7
14163	ENSG00000011295	TTC19
14164	ENSG00000141027	NCOR1
14165	ENSG00000108474	PIGL
14166	ENSG00000166582	CENPV
14167	ENSG00000170315	UBB
14168	ENSG00000187688	TRPV2
14169	ENSG00000181350	LRRC75A
14170	ENSG00000141040	ZNF287
14171	ENSG00000197566	ZNF624
14172	ENSG00000170160	CCDC144A
14173	ENSG00000240505	TNFRSF13B
14174	ENSG00000133030	MPRIP
14175	ENSG00000179598	PLD6
14176	ENSG00000154803	FLCN
14177	ENSG00000141030	COPS3
14178	ENSG00000205309	NT5M
14179	ENSG00000141026	MED9
14180	ENSG00000108551	RASD1
14181	ENSG00000133027	PEMT
14182	ENSG00000108557	RAI1
14183	ENSG00000072310	SREBF1
14184	ENSG00000175662	TOM1L2
14185	ENSG00000171962	DRC3
14186	ENSG00000171953	ATPAF2
14187	ENSG00000141034	GID4
14188	ENSG00000108591	DRG2
14189	ENSG00000091536	MYO15A
14190	ENSG00000091542	ALKBH5
14191	ENSG00000131899	LLGL1
14192	ENSG00000177731	FLII
14193	ENSG00000177427	MIEF2
14194	ENSG00000177302	TOP3A
14195	ENSG00000176994	SMCR8
14196	ENSG00000176974	SHMT1
14197	ENSG00000214860	EVPLL
14198	ENSG00000171916	LGALS9C
14199	ENSG00000189375	TBC1D28
14201	ENSG00000171931	FBXW10
14202	ENSG00000171928	TVP23B
14203	ENSG00000141127	PRPSAP2
14204	ENSG00000154025	SLC5A10
14205	ENSG00000188522	FAM83G
14206	ENSG00000154016	GRAP
14207	ENSG00000189152	GRAPL
14208	ENSG00000072134	EPN2
14209	ENSG00000108641	B9D1
14210	ENSG00000166484	MAPK7
14211	ENSG00000166482	MFAP4
14212	ENSG00000128482	RNF112
14213	ENSG00000142494	SLC47A1
14214	ENSG00000072210	ALDH3A2
14215	ENSG00000180638	SLC47A2
14216	ENSG00000108602	ALDH3A1
14217	ENSG00000083290	ULK2
14218	ENSG00000108599	AKAP10
14219	ENSG00000128487	SPECC1
14220	ENSG00000170298	LGALS9B
14221	ENSG00000214819	CDRT15L2
14222	ENSG00000124422	USP22
14223	ENSG00000109016	DHRS7B
14224	ENSG00000178307	TMEM11
14225	ENSG00000274180	NATD1
14226	ENSG00000034152	MAP2K3
14227	ENSG00000184185	KCNJ12
14228	ENSG00000260458	KCNJ18
14229	ENSG00000256618	MTRNR2L1
14230	ENSG00000109046	WSB1
14231	ENSG00000141068	KSR1
14232	ENSG00000168961	LGALS9
14233	ENSG00000007171	NOS2
14234	ENSG00000232859	LYRM9
14235	ENSG00000087095	NLK
14236	ENSG00000109084	TMEM97
14237	ENSG00000109083	IFT20
14238	ENSG00000109079	TNFAIP1
14239	ENSG00000004142	POLDIP2
14240	ENSG00000244045	TMEM199
14241	ENSG00000274529	SEBOX
14242	ENSG00000004139	SARM1
14243	ENSG00000109072	VTN
14244	ENSG00000076351	SLC46A1
14245	ENSG00000007216	SLC13A2
14246	ENSG00000109101	FOXN1
14247	ENSG00000109103	UNC119
14248	ENSG00000087111	PIGS
14249	ENSG00000109107	ALDOC
14250	ENSG00000076382	SPAG5
14251	ENSG00000167524	RSKR
14252	ENSG00000007202	KIAA0100
14253	ENSG00000132581	SDF2
14254	ENSG00000109111	SUPT6H
14255	ENSG00000167525	PROCA1
14256	ENSG00000109113	RAB34
14257	ENSG00000198242	RPL23A
14258	ENSG00000160606	TLCD1
14259	ENSG00000160602	NEK8
14260	ENSG00000076604	TRAF4
14261	ENSG00000173065	FAM222B
14262	ENSG00000132591	ERAL1
14263	ENSG00000132589	FLOT2
14264	ENSG00000167536	DHRS13
14265	ENSG00000109118	PHF12
14266	ENSG00000179761	PIPOX
14267	ENSG00000063015	SEZ6
14268	ENSG00000196535	MYO18A
14269	ENSG00000221995	TIAF1
14270	ENSG00000108255	CRYBA1
14271	ENSG00000108256	NUFIP2
14272	ENSG00000160551	TAOK1
14273	ENSG00000168792	ABHD15
14274	ENSG00000167543	TP53I13
14275	ENSG00000108262	GIT1
14276	ENSG00000198720	ANKRD13B
14277	ENSG00000167549	CORO6
14278	ENSG00000141298	SSH2
14279	ENSG00000176927	EFCAB5
14280	ENSG00000126653	NSRP1
14281	ENSG00000108576	SLC6A4
14282	ENSG00000108578	BLMH
14283	ENSG00000182271	TMIGD1
14284	ENSG00000108582	CPD
14285	ENSG00000108587	GOSR1
14286	ENSG00000176390	CRLF3
14287	ENSG00000176208	ATAD5
14288	ENSG00000172171	TEFM
14289	ENSG00000184060	ADAP2
14290	ENSG00000181481	RNF135
14291	ENSG00000196712	NF1
14292	ENSG00000126861	OMG
14293	ENSG00000185862	EVI2B
14294	ENSG00000126860	EVI2A
14295	ENSG00000131242	RAB11FIP4
14296	ENSG00000172301	COPRS
14297	ENSG00000108651	UTP6
14298	ENSG00000178691	SUZ12
14299	ENSG00000185158	LRRC37B
14300	ENSG00000126858	RHOT1
14301	ENSG00000141314	RHBDL3
14302	ENSG00000108666	C17orf75
14303	ENSG00000108671	PSMD11
14304	ENSG00000176749	CDK5R1
14305	ENSG00000176658	MYO1D
14306	ENSG00000006042	TMEM98
14307	ENSG00000141316	SPACA3
14308	ENSG00000108684	ASIC2
14309	ENSG00000108691	CCL2
14310	ENSG00000108688	CCL7
14311	ENSG00000172156	CCL11
14312	ENSG00000108700	CCL8
14313	ENSG00000181374	CCL13
14314	ENSG00000108702	CCL1
14315	ENSG00000181291	TMEM132E
14316	ENSG00000132141	CCT6B
14317	ENSG00000198783	ZNF830
14318	ENSG00000005156	LIG3
14319	ENSG00000092871	RFFL
14320	ENSG00000185379	RAD51D
14321	ENSG00000073598	FNDC8
14322	ENSG00000073536	NLE1
14323	ENSG00000141161	UNC45B
14324	ENSG00000164729	SLC35G3
14325	ENSG00000166750	SLFN5
14326	ENSG00000172716	SLFN11
14327	ENSG00000172123	SLFN12
14328	ENSG00000154760	SLFN13
14329	ENSG00000236320	SLFN14
14330	ENSG00000108733	PEX12
14331	ENSG00000006125	AP2B1
14332	ENSG00000270885	RASL10B
14333	ENSG00000270765	GAS2L2
14334	ENSG00000271447	MMP28
14335	ENSG00000270806	C17orf50
14338	ENSG00000271503	CCL5
14339	ENSG00000278023	RDM1
14340	ENSG00000275722	LYZL6
14341	ENSG00000275152	CCL16
14343	ENSG00000275718	CCL15
14344	ENSG00000274736	CCL23
14349	ENSG00000276085	CCL3L3
14351	ENSG00000274933	TBC1D3I
14352	ENSG00000260287	TBC1D3G
14353	ENSG00000274226	TBC1D3H
14355	ENSG00000273611	ZNHIT3
14356	ENSG00000278259	MYO19
14358	ENSG00000278311	GGNBP2
14359	ENSG00000278535	DHRS11
14360	ENSG00000278619	MRM1
14361	ENSG00000273706	LHX1
14362	ENSG00000275700	AATF
14363	ENSG00000278540	ACACA
14364	ENSG00000278505	C17orf78
14365	ENSG00000276234	TADA2A
14366	ENSG00000276023	DUSP14
14368	ENSG00000278053	DDX52
14369	ENSG00000275410	HNF1B
14372	ENSG00000274419	TBC1D3D
14373	ENSG00000278299	TBC1D3C
14374	ENSG00000278599	TBC1D3E
14375	ENSG00000274611	TBC1D3
14376	ENSG00000278845	MRPL45
14377	ENSG00000277399	GPR179
14378	ENSG00000274211	SOCS7
14379	ENSG00000275832	ARHGAP23
14380	ENSG00000277363	SRCIN1
14383	ENSG00000277972	CISD3
14384	ENSG00000277258	PCGF2
14385	ENSG00000277791	PSMB3
14388	ENSG00000275489	C17orf98
14389	ENSG00000125691	RPL23
14390	ENSG00000002834	LASP1
14391	ENSG00000263874	LINC00672
14392	ENSG00000204952	FBXO47
14393	ENSG00000161381	PLXDC1
14394	ENSG00000067191	CACNB1
14395	ENSG00000108298	RPL19
14396	ENSG00000141750	STAC2
14397	ENSG00000108306	FBXL20
14398	ENSG00000125686	MED1
14399	ENSG00000167258	CDK12
14400	ENSG00000171532	NEUROD2
14401	ENSG00000131771	PPP1R1B
14402	ENSG00000131748	STARD3
14403	ENSG00000173991	TCAP
14404	ENSG00000141744	PNMT
14405	ENSG00000161395	PGAP3
14406	ENSG00000141736	ERBB2
14407	ENSG00000141741	MIEN1
14408	ENSG00000141738	GRB7
14409	ENSG00000161405	IKZF3
14410	ENSG00000186075	ZPBP2
14411	ENSG00000073605	GSDMB
14412	ENSG00000172057	ORMDL3
14413	ENSG00000204913	LRRC3C
14414	ENSG00000167914	GSDMA
14415	ENSG00000108344	PSMD3
14416	ENSG00000108342	CSF3
14417	ENSG00000008838	MED24
14418	ENSG00000126351	THRA
14419	ENSG00000126368	NR1D1
14420	ENSG00000188895	MSL1
14421	ENSG00000108349	CASC3
14422	ENSG00000108352	RAPGEFL1
14423	ENSG00000171475	WIPF2
14424	ENSG00000094804	CDC6
14425	ENSG00000131759	RARA
14426	ENSG00000183153	GJD3
14427	ENSG00000131747	TOP2A
14428	ENSG00000141753	IGFBP4
14429	ENSG00000131746	TNS4
14430	ENSG00000126353	CCR7
14431	ENSG00000073584	SMARCE1
14432	ENSG00000213424	KRT222
14433	ENSG00000167916	KRT24
14434	ENSG00000204897	KRT25
14435	ENSG00000186393	KRT26
14436	ENSG00000171446	KRT27
14437	ENSG00000173908	KRT28
14438	ENSG00000186395	KRT10
14439	ENSG00000187242	KRT12
14440	ENSG00000171431	KRT20
14441	ENSG00000108244	KRT23
14442	ENSG00000196859	KRT39
14443	ENSG00000204889	KRT40
14444	ENSG00000212899	KRTAP3-3
14445	ENSG00000212900	KRTAP3-2
14446	ENSG00000212901	KRTAP3-1
14447	ENSG00000221852	KRTAP1-5
14448	ENSG00000204887	KRTAP1-4
14449	ENSG00000221880	KRTAP1-3
14450	ENSG00000188581	KRTAP1-1
14451	ENSG00000212725	KRTAP2-1
14452	ENSG00000214518	KRTAP2-2
14453	ENSG00000212724	KRTAP2-3
14454	ENSG00000213417	KRTAP2-4
14455	ENSG00000240871	KRTAP4-7
14456	ENSG00000204880	KRTAP4-8
14457	ENSG00000212722	KRTAP4-9
14458	ENSG00000212721	KRTAP4-11
14459	ENSG00000213416	KRTAP4-12
14460	ENSG00000198090	KRTAP4-6
14461	ENSG00000198271	KRTAP4-5
14462	ENSG00000171396	KRTAP4-4
14463	ENSG00000196156	KRTAP4-3
14464	ENSG00000244537	KRTAP4-2
14465	ENSG00000198443	KRTAP4-1
14466	ENSG00000239886	KRTAP9-2
14467	ENSG00000204873	KRTAP9-3
14468	ENSG00000187272	KRTAP9-8
14469	ENSG00000241595	KRTAP9-4
14470	ENSG00000198083	KRTAP9-9
14471	ENSG00000212659	KRTAP9-6
14472	ENSG00000180386	KRTAP9-7
14473	ENSG00000186860	KRTAP17-1
14474	ENSG00000006059	KRT33A
14475	ENSG00000131738	KRT33B
14476	ENSG00000131737	KRT34
14477	ENSG00000094796	KRT31
14478	ENSG00000108417	KRT37
14479	ENSG00000171360	KRT38
14480	ENSG00000108759	KRT32
14481	ENSG00000197079	KRT35
14482	ENSG00000126337	KRT36
14483	ENSG00000171401	KRT13
14484	ENSG00000171346	KRT15
14485	ENSG00000171345	KRT19
14486	ENSG00000171403	KRT9
14487	ENSG00000186847	KRT14
14488	ENSG00000186832	KRT16
14489	ENSG00000128422	KRT17
14490	ENSG00000173812	EIF1
14491	ENSG00000184502	GAST
14492	ENSG00000173805	HAP1
14493	ENSG00000173801	JUP
14494	ENSG00000141696	P3H4
14495	ENSG00000141756	FKBP10
14496	ENSG00000141698	NT5C3B
14497	ENSG00000161594	KLHL10
14498	ENSG00000178502	KLHL11
14499	ENSG00000131473	ACLY
14500	ENSG00000204815	ODAD4
14501	ENSG00000173786	CNP
14502	ENSG00000168259	DNAJC7
14503	ENSG00000168256	NKIRAS2
14504	ENSG00000187595	ZNF385C
14505	ENSG00000267221	C17orf113
14506	ENSG00000108771	DHX58
14507	ENSG00000108773	KAT2A
14508	ENSG00000260325	HSPB9
14509	ENSG00000108774	RAB5C
14510	ENSG00000089558	KCNH4
14511	ENSG00000161610	HCRT
14512	ENSG00000167925	GHDC
14513	ENSG00000173757	STAT5B
14514	ENSG00000126561	STAT5A
14515	ENSG00000168610	STAT3
14516	ENSG00000177469	CAVIN1
14517	ENSG00000033627	ATP6V0A1
14518	ENSG00000108784	NAGLU
14519	ENSG00000108786	HSD17B1
14520	ENSG00000068120	COASY
14521	ENSG00000108788	MLX
14522	ENSG00000131470	PSMC3IP
14523	ENSG00000141699	RETREG3
14524	ENSG00000131462	TUBG1
14525	ENSG00000037042	TUBG2
14526	ENSG00000068137	PLEKHH3
14527	ENSG00000184451	CCR10
14528	ENSG00000108797	CNTNAP1
14529	ENSG00000108799	EZH1
14530	ENSG00000131477	RAMP2
14531	ENSG00000131475	VPS25
14532	ENSG00000126562	WNK4
14533	ENSG00000183978	COA3
14534	ENSG00000176563	CNTD1
14535	ENSG00000126581	BECN1
14536	ENSG00000131467	PSME3
14537	ENSG00000131480	AOC2
14538	ENSG00000131471	AOC3
14539	ENSG00000131482	G6PC1
14540	ENSG00000266967	AARSD1
14541	ENSG00000267060	PTGES3L
14542	ENSG00000198863	RUNDC1
14543	ENSG00000131469	RPL27
14544	ENSG00000068079	IFI35
14545	ENSG00000108828	VAT1
14546	ENSG00000108830	RND2
14547	ENSG00000012048	BRCA1
14548	ENSG00000188554	NBR1
14549	ENSG00000184988	TMEM106A
14550	ENSG00000236383	CCDC200
14551	ENSG00000175906	ARL4D
14552	ENSG00000067596	DHX8
14553	ENSG00000175832	ETV4
14554	ENSG00000005102	MEOX1
14555	ENSG00000167941	SOST
14556	ENSG00000108861	DUSP3
14557	ENSG00000231256	CFAP97D1
14558	ENSG00000161647	MPP3
14559	ENSG00000161649	CD300LG
14560	ENSG00000108852	MPP2
14561	ENSG00000108849	PPY
14562	ENSG00000131096	PYY
14563	ENSG00000161653	NAGS
14564	ENSG00000091947	TMEM101
14565	ENSG00000161654	LSM12
14566	ENSG00000141349	G6PC3
14567	ENSG00000108840	HDAC5
14568	ENSG00000125319	HROB
14569	ENSG00000161664	ASB16
14570	ENSG00000168591	TMUB2
14571	ENSG00000087152	ATXN7L3
14572	ENSG00000108312	UBTF
14573	ENSG00000004939	SLC4A1
14574	ENSG00000108309	RUNDC3A
14575	ENSG00000013306	SLC25A39
14576	ENSG00000030582	GRN
14577	ENSG00000161682	FAM171A2
14578	ENSG00000005961	ITGA2B
14579	ENSG00000186566	GPATCH8
14580	ENSG00000180340	FZD2
14581	ENSG00000180336	MEIOC
14582	ENSG00000180329	CCDC43
14583	ENSG00000161692	DBF4B
14584	ENSG00000073670	ADAM11
14585	ENSG00000182963	GJC1
14586	ENSG00000131097	HIGD1B
14587	ENSG00000108883	EFTUD2
14588	ENSG00000167131	CCDC103
14589	ENSG00000131095	GFAP
14590	ENSG00000186185	KIF18B
14591	ENSG00000136448	NMT1
14592	ENSG00000131094	C1QL1
14593	ENSG00000172992	DCAKD
14594	ENSG00000161714	PLCD3
14595	ENSG00000181513	ACBD4
14596	ENSG00000186834	HEXIM1
14597	ENSG00000168517	HEXIM2
14598	ENSG00000184922	FMNL1
14599	ENSG00000184361	SPATA32
14600	ENSG00000006062	MAP3K14
14601	ENSG00000159314	ARHGAP27
14602	ENSG00000225190	PLEKHM1
14603	ENSG00000120088	CRHR1
14604	ENSG00000185294	SPPL2C
14605	ENSG00000186868	MAPT
14606	ENSG00000256762	STH
14607	ENSG00000120071	KANSL1
14608	ENSG00000228696	ARL17B
14609	ENSG00000176681	LRRC37A
14610	ENSG00000238083	LRRC37A2
14611	ENSG00000185829	ARL17A
14612	ENSG00000073969	NSF
14613	ENSG00000108379	WNT3
14614	ENSG00000158955	WNT9B
14615	ENSG00000108433	GOSR2
14616	ENSG00000179673	RPRML
14617	ENSG00000004897	CDC27
14618	ENSG00000198336	MYL4
14619	ENSG00000259207	ITGB3
14620	ENSG00000178852	EFCAB13
14621	ENSG00000141279	NPEPPS
14622	ENSG00000108424	KPNB1
14623	ENSG00000198933	TBKBP1
14624	ENSG00000073861	TBX21
14625	ENSG00000006025	OSBPL7
14626	ENSG00000159111	MRPL10
14627	ENSG00000141294	LRRC46
14628	ENSG00000141295	SCRN2
14629	ENSG00000189120	SP6
14630	ENSG00000167182	SP2
14631	ENSG00000108439	PNPO
14632	ENSG00000167183	PRR15L
14633	ENSG00000108465	CDK5RAP3
14634	ENSG00000005243	COPZ2
14635	ENSG00000082641	NFE2L1
14636	ENSG00000108468	CBX1
14637	ENSG00000002919	SNX11
14638	ENSG00000141293	SKAP1
14639	ENSG00000120094	HOXB1
14640	ENSG00000173917	HOXB2
14641	ENSG00000120093	HOXB3
14642	ENSG00000182742	HOXB4
14643	ENSG00000120075	HOXB5
14644	ENSG00000108511	HOXB6
14645	ENSG00000260027	HOXB7
14646	ENSG00000120068	HOXB8
14647	ENSG00000170689	HOXB9
14648	ENSG00000159182	PRAC1
14649	ENSG00000229637	PRAC2
14650	ENSG00000159184	HOXB13
14651	ENSG00000170703	TTLL6
14652	ENSG00000136436	CALCOCO2
14653	ENSG00000159199	ATP5MC1
14654	ENSG00000159202	UBE2Z
14655	ENSG00000159210	SNF8
14656	ENSG00000159224	GIP
14657	ENSG00000159217	IGF2BP1
14658	ENSG00000167080	B4GALNT2
14659	ENSG00000167083	GNGT2
14660	ENSG00000108798	ABI3
14661	ENSG00000173868	PHOSPHO1
14662	ENSG00000198740	ZNF652
14663	ENSG00000167085	PHB
14664	ENSG00000064300	NGFR
14665	ENSG00000182575	NXPH3
14666	ENSG00000121067	SPOP
14667	ENSG00000121073	SLC35B1
14668	ENSG00000121104	FAM117A
14669	ENSG00000136504	KAT7
14670	ENSG00000176358	TAC4
14671	ENSG00000108813	DLX4
14672	ENSG00000064195	DLX3
14673	ENSG00000005884	ITGA3
14674	ENSG00000005882	PDK2
14675	ENSG00000167100	SAMD14
14676	ENSG00000108819	PPP1R9B
14677	ENSG00000108823	SGCA
14678	ENSG00000108821	COL1A1
14679	ENSG00000167105	TMEM92
14680	ENSG00000015532	XYLT2
14681	ENSG00000108826	MRPL27
14682	ENSG00000154920	EME1
14683	ENSG00000108829	LRRC59
14684	ENSG00000167107	ACSF2
14685	ENSG00000136457	CHAD
14686	ENSG00000136444	RSAD1
14687	ENSG00000136449	MYCBPAP
14688	ENSG00000049283	EPN3
14689	ENSG00000006282	SPATA20
14690	ENSG00000006283	CACNA1G
14691	ENSG00000108846	ABCC3
14692	ENSG00000154945	ANKRD40
14693	ENSG00000108848	LUC7L3
14695	ENSG00000173714	WFIKKN2
14696	ENSG00000141232	TOB1
14697	ENSG00000008294	SPAG9
14698	ENSG00000239672	NME1
14699	ENSG00000243678	NME2
14700	ENSG00000011258	MBTD1
14701	ENSG00000011260	UTP18
14702	ENSG00000154975	CA10
14703	ENSG00000141200	KIF2B
14704	ENSG00000141198	TOM1L1
14705	ENSG00000166260	COX11
14706	ENSG00000108924	HLF
14707	ENSG00000108960	MMD
14708	ENSG00000261873	SMIM36
14709	ENSG00000166292	TMEM100
14710	ENSG00000141179	PCTP
14711	ENSG00000153930	ANKFN1
14712	ENSG00000183691	NOG
14713	ENSG00000214226	C17orf67
14714	ENSG00000153933	DGKE
14715	ENSG00000121060	TRIM25
14716	ENSG00000121058	COIL
14717	ENSG00000121064	SCPEP1
14718	ENSG00000121057	AKAP1
14719	ENSG00000153944	MSI2
14720	ENSG00000166329	CCDC182
14721	ENSG00000181610	MRPS23
14722	ENSG00000180891	CUEDC1
14723	ENSG00000136451	VEZF1
14724	ENSG00000136450	SRSF1
14725	ENSG00000264364	DYNLL2
14726	ENSG00000141194	OR4D1
14727	ENSG00000255713	OR4D2
14728	ENSG00000121053	EPX
14729	ENSG00000011143	MKS1
14730	ENSG00000167419	LPO
14731	ENSG00000005381	MPO
14732	ENSG00000005379	TSPOAP1
14733	ENSG00000213246	SUPT4H1
14734	ENSG00000108375	RNF43
14735	ENSG00000176160	HSF5
14736	ENSG00000108389	MTMR4
14737	ENSG00000108387	SEPTIN4
14738	ENSG00000121101	TEX14
14739	ENSG00000266826	IGBP1P2
14740	ENSG00000108384	RAD51C
14741	ENSG00000175175	PPM1E
14742	ENSG00000108395	TRIM37
14743	ENSG00000182628	SKA2
14744	ENSG00000068489	PRR11
14745	ENSG00000167447	SMG8
14746	ENSG00000153982	GDPD1
14747	ENSG00000175155	YPEL2
14748	ENSG00000108406	DHX40
14749	ENSG00000141367	CLTC
14750	ENSG00000141378	PTRH2
14751	ENSG00000062716	VMP1
14752	ENSG00000108423	TUBD1
14753	ENSG00000108443	RPS6KB1
14754	ENSG00000189050	RNFT1
14755	ENSG00000068097	HEATR6
14756	ENSG00000167434	CA4
14757	ENSG00000170832	USP32
14758	ENSG00000141371	C17orf64
14759	ENSG00000062725	APPBP2
14760	ENSG00000170836	PPM1D
14761	ENSG00000141376	BCAS3
14762	ENSG00000121068	TBX2
14763	ENSG00000121075	TBX4
14764	ENSG00000253506	NACA2
14765	ENSG00000136492	BRIP1
14766	ENSG00000108506	INTS2
14767	ENSG00000108510	MED13
14768	ENSG00000172421	EFCAB3
14769	ENSG00000087995	METTL2A
14770	ENSG00000146872	TLK2
14771	ENSG00000011028	MRC2
14772	ENSG00000173838	MARCHF10
14773	ENSG00000170921	TANC2
14774	ENSG00000008283	CYB561
14775	ENSG00000159640	ACE
14776	ENSG00000173826	KCNH6
14777	ENSG00000136485	DCAF7
14778	ENSG00000136463	TACO1
14779	ENSG00000198909	MAP3K3
14780	ENSG00000266173	STRADA
14781	ENSG00000136490	LIMD2
14782	ENSG00000108588	CCDC47
14783	ENSG00000198231	DDX42
14784	ENSG00000108592	FTSJ3
14785	ENSG00000087191	PSMC5
14786	ENSG00000108604	SMARCD2
14787	ENSG00000213218	CSH2
14788	ENSG00000136487	GH2
14789	ENSG00000136488	CSH1
14790	ENSG00000204414	CSHL1
14791	ENSG00000259384	GH1
14792	ENSG00000007312	CD79B
14793	ENSG00000007314	SCN4A
14794	ENSG00000224383	PRR29
14795	ENSG00000108622	ICAM2
14796	ENSG00000178607	ERN1
14797	ENSG00000136478	TEX2
14798	ENSG00000261371	PECAM1
14799	ENSG00000271605	MILR1
14800	ENSG00000256525	POLG2
14801	ENSG00000108654	DDX5
14802	ENSG00000258890	CEP95
14803	ENSG00000108854	SMURF2
14804	ENSG00000176809	LRRC37A3
14805	ENSG00000120063	GNA13
14806	ENSG00000108370	RGS9
14807	ENSG00000168646	AXIN2
14808	ENSG00000154240	CEP112
14809	ENSG00000091583	APOH
14810	ENSG00000154229	PRKCA
14811	ENSG00000075429	CACNG5
14812	ENSG00000075461	CACNG4
14813	ENSG00000108878	CACNG1
14814	ENSG00000198265	HELZ
14815	ENSG00000197170	PSMD12
14816	ENSG00000154217	PITPNC1
14817	ENSG00000130935	NOL11
14818	ENSG00000171634	BPTF
14819	ENSG00000186665	C17orf58
14820	ENSG00000182481	KPNA2
14821	ENSG00000196704	AMZ2
14822	ENSG00000141337	ARSG
14823	ENSG00000108932	SLC16A6
14824	ENSG00000070540	WIPI1
14825	ENSG00000108946	PRKAR1A
14826	ENSG00000108950	FAM20A
14827	ENSG00000141338	ABCA8
14828	ENSG00000154258	ABCA9
14829	ENSG00000154262	ABCA6
14830	ENSG00000154263	ABCA10
14831	ENSG00000154265	ABCA5
14832	ENSG00000153822	KCNJ16
14833	ENSG00000123700	KCNJ2
14834	ENSG00000125398	SOX9
14835	ENSG00000133195	SLC39A11
14836	ENSG00000180616	SSTR2
14837	ENSG00000166685	COG1
14838	ENSG00000133193	FAM104A
14839	ENSG00000141219	C17orf80
14840	ENSG00000187959	CPSF4L
14841	ENSG00000179604	CDC42EP4
14842	ENSG00000069188	SDK2
14843	ENSG00000172809	RPL38
14844	ENSG00000141540	TTYH2
14845	ENSG00000171595	DNAI2
14846	ENSG00000196169	KIF19
14847	ENSG00000204347	BTBD17
14848	ENSG00000170412	GPRC5C
14849	ENSG00000167851	CD300A
14850	ENSG00000178789	CD300LB
14851	ENSG00000167850	CD300C
14852	ENSG00000204345	CD300LD
14853	ENSG00000186407	CD300E
14854	ENSG00000172794	RAB37
14855	ENSG00000186074	CD300LF
14856	ENSG00000109062	SLC9A3R1
14857	ENSG00000109065	NAT9
14858	ENSG00000109066	TMEM104
14859	ENSG00000161509	GRIN2C
14860	ENSG00000161513	FDXR
14861	ENSG00000172782	FADS6
14862	ENSG00000182040	USH1G
14863	ENSG00000183034	OTOP2
14864	ENSG00000182938	OTOP3
14865	ENSG00000167861	HID1
14866	ENSG00000109089	CDR2L
14867	ENSG00000167862	MRPL58
14868	ENSG00000180901	KCTD2
14869	ENSG00000167863	ATP5PD
14870	ENSG00000170190	SLC16A5
14871	ENSG00000125449	ARMC7
14872	ENSG00000125458	NT5C
14873	ENSG00000189159	JPT1
14874	ENSG00000188612	SUMO2
14875	ENSG00000125450	NUP85
14876	ENSG00000125447	GGA3
14877	ENSG00000125445	MRPS7
14878	ENSG00000125457	MIF4GD
14879	ENSG00000125454	SLC25A19
14880	ENSG00000177885	GRB2
14881	ENSG00000177728	TMEM94
14882	ENSG00000177303	CASKIN2
14883	ENSG00000182173	TSEN54
14884	ENSG00000073350	LLGL2
14885	ENSG00000266714	MYO15B
14886	ENSG00000108469	RECQL5
14887	ENSG00000204323	SMIM5
14888	ENSG00000259120	SMIM6
14889	ENSG00000161526	SAP30BP
14890	ENSG00000132470	ITGB4
14891	ENSG00000108479	GALK1
14892	ENSG00000132475	H3-3B
14893	ENSG00000132478	UNK
14894	ENSG00000092929	UNC13D
14895	ENSG00000132471	WBP2
14896	ENSG00000132481	TRIM47
14897	ENSG00000141569	TRIM65
14898	ENSG00000204316	MRPL38
14899	ENSG00000188878	FBF1
14900	ENSG00000161533	ACOX1
14901	ENSG00000257949	TEN1
14902	ENSG00000250506	CDK3
14903	ENSG00000167880	EVPL
14904	ENSG00000167881	SRP68
14905	ENSG00000186919	ZACN
14906	ENSG00000182687	GALR2
14907	ENSG00000182473	EXOC7
14908	ENSG00000129654	FOXJ1
14909	ENSG00000141576	RNF157
14910	ENSG00000185262	UBALD2
14911	ENSG00000129646	QRICH2
14912	ENSG00000161542	PRPSAP1
14913	ENSG00000176170	SPHK1
14914	ENSG00000175931	UBE2O
14915	ENSG00000129673	AANAT
14916	ENSG00000129667	RHBDF2
14917	ENSG00000161544	CYGB
14918	ENSG00000214140	PRCD
14919	ENSG00000070731	ST6GALNAC2
14920	ENSG00000070526	ST6GALNAC1
14921	ENSG00000182534	MXRA7
14922	ENSG00000070495	JMJD6
14923	ENSG00000181038	METTL23
14924	ENSG00000161547	SRSF2
14925	ENSG00000092931	MFSD11
14926	ENSG00000167889	MGAT5B
14927	ENSG00000129657	SEC14L1
14928	ENSG00000184640	SEPTIN9
14929	ENSG00000078687	TNRC6C
14930	ENSG00000141524	TMC6
14931	ENSG00000167895	TMC8
14932	ENSG00000187997	C17orf99
14933	ENSG00000108639	SYNGR2
14934	ENSG00000167900	TK1
14935	ENSG00000183077	AFMID
14936	ENSG00000089685	BIRC5
14937	ENSG00000204278	TMEM235
14938	ENSG00000184557	SOCS3
14939	ENSG00000087157	PGS1
14940	ENSG00000187775	DNAH17
14941	ENSG00000108669	CYTH1
14942	ENSG00000055483	USP36
14943	ENSG00000035862	TIMP2
14944	ENSG00000178404	CEP295NL
14945	ENSG00000108679	LGALS3BP
14946	ENSG00000171302	CANT1
14947	ENSG00000173918	C1QTNF1
14948	ENSG00000167280	ENGASE
14949	ENSG00000167281	RBFOX3
14950	ENSG00000182156	ENPP7
14951	ENSG00000173894	CBX2
14952	ENSG00000141570	CBX8
14953	ENSG00000141582	CBX4
14954	ENSG00000167291	TBC1D16
14955	ENSG00000141519	CCDC40
14956	ENSG00000171298	GAA
14957	ENSG00000141543	EIF4A3
14958	ENSG00000141527	CARD14
14959	ENSG00000181523	SGSH
14960	ENSG00000181045	SLC26A11
14961	ENSG00000173821	RNF213
14962	ENSG00000173818	ENDOV
14963	ENSG00000171246	NPTX1
14964	ENSG00000141564	RPTOR
14965	ENSG00000176108	CHMP6
14966	ENSG00000175866	BAIAP2
14967	ENSG00000181409	AATK
14968	ENSG00000225180	PVALEF
14969	ENSG00000141577	CEP131
14970	ENSG00000167302	TEPSIN
14971	ENSG00000224877	NDUFAF8
14972	ENSG00000157637	SLC38A10
14973	ENSG00000266074	BAHCC1
14974	ENSG00000184009	ACTG1
14975	ENSG00000186765	FSCN2
14976	ENSG00000185504	FAAP100
14977	ENSG00000182446	NPLOC4
14978	ENSG00000182612	TSPAN10
14979	ENSG00000185527	PDE6G
14980	ENSG00000204237	OXLD1
14981	ENSG00000185298	CCDC137
14982	ENSG00000214087	ARL16
14983	ENSG00000185359	HGS
14984	ENSG00000262814	MRPL12
14985	ENSG00000183048	SLC25A10
14986	ENSG00000215644	GCGR
14987	ENSG00000225663	MCRIP1
14988	ENSG00000182676	PPP1R27
14989	ENSG00000185624	P4HB
14990	ENSG00000141522	ARHGDIA
14991	ENSG00000183684	ALYREF
14992	ENSG00000141552	ANAPC11
14993	ENSG00000185813	PCYT2
14994	ENSG00000187531	SIRT7
14995	ENSG00000197063	MAFG
14996	ENSG00000183010	PYCR1
14997	ENSG00000185105	MYADML2
14998	ENSG00000185269	NOTUM
14999	ENSG00000169696	ASPSCR1
15000	ENSG00000169689	CENPX
15001	ENSG00000169683	LRRC45
15002	ENSG00000169750	RAC3
15003	ENSG00000169738	DCXR
15004	ENSG00000169733	RFNG
15005	ENSG00000169727	GPS1
15006	ENSG00000169718	DUS1L
15007	ENSG00000169710	FASN
15008	ENSG00000176155	CCDC57
15009	ENSG00000141526	SLC16A3
15010	ENSG00000141551	CSNK1D
15011	ENSG00000173762	CD7
15012	ENSG00000141574	SECTM1
15013	ENSG00000182459	TEX19
15014	ENSG00000181408	UTS2R
15015	ENSG00000181396	OGFOD3
15016	ENSG00000169660	HEXD
15017	ENSG00000178927	CYBC1
15018	ENSG00000141562	NARF
15019	ENSG00000141568	FOXK2
15020	ENSG00000141580	WDR45B
15021	ENSG00000141542	RAB40B
15022	ENSG00000141560	FN3KRP
15023	ENSG00000167363	FN3K
15024	ENSG00000141556	TBCD
15025	ENSG00000141579	ZNF750
15026	ENSG00000175711	B3GNTL1
15027	ENSG00000176845	METRNL
15029	ENSG00000101557	USP14
15030	ENSG00000079134	THOC1
15031	ENSG00000158270	COLEC12
15032	ENSG00000177143	CETN1
15033	ENSG00000079101	CLUL1
15034	ENSG00000176890	TYMS
15035	ENSG00000132199	ENOSF1
15036	ENSG00000176105	YES1
15037	ENSG00000141433	ADCYAP1
15038	ENSG00000101574	METTL4
15039	ENSG00000080986	NDC80
15040	ENSG00000101596	SMCHD1
15041	ENSG00000132205	EMILIN2
15042	ENSG00000101577	LPIN2
15043	ENSG00000101605	MYOM1
15044	ENSG00000101608	MYL12A
15045	ENSG00000118680	MYL12B
15046	ENSG00000177426	TGIF1
15047	ENSG00000170579	DLGAP1
15048	ENSG00000231824	AKAIN1
15049	ENSG00000198081	ZBTB14
15050	ENSG00000082397	EPB41L3
15051	ENSG00000206432	TMEM200C
15052	ENSG00000154655	L3MBTL4
15053	ENSG00000088756	ARHGAP28
15054	ENSG00000101680	LAMA1
15055	ENSG00000173482	PTPRM
15056	ENSG00000206418	RAB12
15057	ENSG00000168502	MTCL1
15058	ENSG00000178127	NDUFV2
15059	ENSG00000101745	ANKRD12
15060	ENSG00000128791	TWSG1
15061	ENSG00000017797	RALBP1
15062	ENSG00000154845	PPP4R1
15063	ENSG00000168461	RAB31
15064	ENSG00000168454	TXNDC2
15065	ENSG00000101558	VAPA
15066	ENSG00000154856	APCDD1
15067	ENSG00000134265	NAPG
15068	ENSG00000154864	PIEZO2
15069	ENSG00000141404	GNAL
15070	ENSG00000255112	CHMP1B
15071	ENSG00000154889	MPPE1
15072	ENSG00000141401	IMPA2
15073	ENSG00000181626	ANKRD62
15074	ENSG00000176194	CIDEA
15075	ENSG00000176014	TUBB6
15076	ENSG00000141385	AFG3L2
15077	ENSG00000141391	PRELID3A
15078	ENSG00000134278	SPIRE1
15079	ENSG00000128789	PSMG2
15080	ENSG00000101624	CEP76
15081	ENSG00000175354	PTPN2
15082	ENSG00000085415	SEH1L
15083	ENSG00000101639	CEP192
15084	ENSG00000168675	LDLRAD4
15085	ENSG00000177150	FAM210A
15086	ENSG00000101654	RNMT
15087	ENSG00000176136	MC5R
15088	ENSG00000185231	MC2R
15089	ENSG00000175322	ZNF519
15090	ENSG00000183206	POTEC
15091	ENSG00000180777	ANKRD30B
15092	ENSG00000067900	ROCK1
15093	ENSG00000141449	GREB1L
15094	ENSG00000141446	ESCO1
15095	ENSG00000167088	SNRPD1
15096	ENSG00000158201	ABHD3
15097	ENSG00000101752	MIB1
15098	ENSG00000141448	GATA6
15099	ENSG00000212710	CTAGE1
15100	ENSG00000101773	RBBP8
15101	ENSG00000134508	CABLES1
15102	ENSG00000134490	TMEM241
15103	ENSG00000101782	RIOK3
15104	ENSG00000141452	RMC1
15105	ENSG00000141458	NPC1
15106	ENSG00000154065	ANKRD29
15107	ENSG00000053747	LAMA3
15108	ENSG00000168234	TTC39C
15109	ENSG00000154040	CABYR
15110	ENSG00000141447	OSBPL1A
15111	ENSG00000154059	IMPACT
15112	ENSG00000134489	HRH4
15113	ENSG00000198795	ZNF521
15114	ENSG00000141380	SS18
15115	ENSG00000154611	PSMA8
15116	ENSG00000141384	TAF4B
15117	ENSG00000134504	KCTD1
15118	ENSG00000171885	AQP4
15119	ENSG00000154080	CHST9
15120	ENSG00000170558	CDH2
15121	ENSG00000134762	DSC3
15122	ENSG00000134755	DSC2
15123	ENSG00000134765	DSC1
15124	ENSG00000134760	DSG1
15125	ENSG00000175065	DSG4
15126	ENSG00000134757	DSG3
15127	ENSG00000046604	DSG2
15128	ENSG00000118271	TTR
15129	ENSG00000118276	B4GALT6
15130	ENSG00000141437	SLC25A52
15131	ENSG00000153339	TRAPPC8
15132	ENSG00000101695	RNF125
15133	ENSG00000134758	RNF138
15134	ENSG00000141441	GAREM1
15135	ENSG00000141434	MEP1B
15136	ENSG00000197705	KLHL14
15137	ENSG00000166960	CCDC178
15138	ENSG00000141431	ASXL3
15139	ENSG00000101746	NOL4
15140	ENSG00000134769	DTNA
15141	ENSG00000166974	MAPRE2
15142	ENSG00000186812	ZNF397
15143	ENSG00000186814	ZSCAN30
15144	ENSG00000172466	ZNF24
15145	ENSG00000186496	ZNF396
15146	ENSG00000153391	INO80C
15147	ENSG00000141429	GALNT1
15148	ENSG00000141428	C18orf21
15149	ENSG00000141425	RPRD1A
15150	ENSG00000141424	SLC39A6
15151	ENSG00000134759	ELP2
15152	ENSG00000075643	MOCOS
15153	ENSG00000134775	FHOD3
15154	ENSG00000134779	TPGS2
15155	ENSG00000150477	KIAA1328
15156	ENSG00000101489	CELF4
15157	ENSG00000078142	PIK3C3
15158	ENSG00000152214	RIT2
15159	ENSG00000132872	SYT4
15160	ENSG00000152217	SETBP1
15161	ENSG00000132874	SLC14A2
15162	ENSG00000141469	SLC14A1
15163	ENSG00000197046	SIGLEC15
15164	ENSG00000152223	EPG5
15165	ENSG00000152229	PSTPIP2
15166	ENSG00000152234	ATP5F1A
15167	ENSG00000152240	HAUS1
15168	ENSG00000152242	C18orf25
15169	ENSG00000141622	RNF165
15170	ENSG00000167210	LOXHD1
15171	ENSG00000078043	PIAS2
15172	ENSG00000167216	KATNAL2
15173	ENSG00000206181	ELOA2
15174	ENSG00000167220	HDHD2
15175	ENSG00000134049	IER3IP1
15176	ENSG00000215474	SKOR2
15177	ENSG00000184828	ZBTB7C
15178	ENSG00000134030	CTIF
15179	ENSG00000101665	SMAD7
15180	ENSG00000141627	DYM
15181	ENSG00000177576	C18orf32
15182	ENSG00000265681	RPL17
15183	ENSG00000101670	LIPG
15184	ENSG00000167315	ACAA2
15185	ENSG00000167306	MYO5B
15186	ENSG00000172361	CFAP53
15187	ENSG00000141644	MBD1
15188	ENSG00000154832	CXXC1
15189	ENSG00000154839	SKA1
15190	ENSG00000141639	MAPK4
15191	ENSG00000134042	MRO
15192	ENSG00000082212	ME2
15193	ENSG00000141642	ELAC1
15194	ENSG00000141646	SMAD4
15195	ENSG00000176624	MEX3C
15196	ENSG00000187323	DCC
15197	ENSG00000134046	MBD2
15198	ENSG00000101751	POLI
15199	ENSG00000174448	STARD6
15200	ENSG00000166845	C18orf54
15201	ENSG00000178690	DYNAP
15202	ENSG00000041353	RAB27B
15203	ENSG00000166510	CCDC68
15204	ENSG00000196628	TCF4
15205	ENSG00000091164	TXNL1
15206	ENSG00000091157	WDR7
15207	ENSG00000228075	BOD1L2
15208	ENSG00000177511	ST8SIA3
15209	ENSG00000066926	FECH
15210	ENSG00000134440	NARS1
15211	ENSG00000081923	ATP8B1
15212	ENSG00000049759	NEDD4L
15213	ENSG00000198796	ALPK2
15214	ENSG00000172175	MALT1
15215	ENSG00000074657	ZNF532
15216	ENSG00000166562	SEC11C
15217	ENSG00000134443	GRP
15218	ENSG00000134438	RAX
15219	ENSG00000166569	CPLX4
15220	ENSG00000074695	LMAN1
15221	ENSG00000183287	CCBE1
15222	ENSG00000141682	PMAIP1
15223	ENSG00000166603	MC4R
15224	ENSG00000101542	CDH20
15225	ENSG00000176641	RNF152
15226	ENSG00000197563	PIGN
15227	ENSG00000134444	RELCH
15228	ENSG00000141655	TNFRSF11A
15229	ENSG00000141664	ZCCHC2
15230	ENSG00000081913	PHLPP1
15231	ENSG00000171791	BCL2
15232	ENSG00000119537	KDSR
15233	ENSG00000119541	VPS4B
15234	ENSG00000206075	SERPINB5
15235	ENSG00000166634	SERPINB12
15236	ENSG00000197641	SERPINB13
15237	ENSG00000206073	SERPINB4
15238	ENSG00000206072	SERPINB11
15239	ENSG00000057149	SERPINB3
15240	ENSG00000166396	SERPINB7
15241	ENSG00000197632	SERPINB2
15242	ENSG00000242550	SERPINB10
15243	ENSG00000221887	HMSD
15244	ENSG00000166401	SERPINB8
15245	ENSG00000081138	CDH7
15246	ENSG00000071991	CDH19
15247	ENSG00000171451	DSEL
15248	ENSG00000166479	TMX3
15249	ENSG00000150636	CCDC102B
15250	ENSG00000206052	DOK6
15251	ENSG00000176225	RTTN
15252	ENSG00000170677	SOCS6
15253	ENSG00000141668	CBLN2
15254	ENSG00000166342	NETO1
15255	ENSG00000141665	FBXO15
15256	ENSG00000075336	TIMM21
15257	ENSG00000166347	CYB5A
15258	ENSG00000206043	C18orf63
15259	ENSG00000187773	DIPK1C
15260	ENSG00000133313	CNDP2
15261	ENSG00000150656	CNDP1
15262	ENSG00000215421	ZNF407
15263	ENSG00000180011	ZADH2
15264	ENSG00000179981	TSHZ1
15265	ENSG00000206026	SMIM21
15266	ENSG00000101493	ZNF516
15267	ENSG00000130856	ZNF236
15268	ENSG00000197971	MBP
15269	ENSG00000166573	GALR1
15270	ENSG00000256463	SALL3
15271	ENSG00000166377	ATP9B
15272	ENSG00000131196	NFATC1
15273	ENSG00000060069	CTDP1
15274	ENSG00000178342	KCNG2
15275	ENSG00000122490	SLC66A2
15276	ENSG00000226742	HSBP1L1
15277	ENSG00000141759	TXNL4A
15278	ENSG00000101546	RBFA
15279	ENSG00000101544	ADNP2
15280	ENSG00000178184	PARD6G
15281	ENSG00000176695	OR4F17
15282	ENSG00000141934	PLPP2
15283	ENSG00000105556	MIER2
15284	ENSG00000105549	THEG
15285	ENSG00000183186	C2CD4C
15286	ENSG00000129946	SHC2
15287	ENSG00000181781	ODF3L2
15288	ENSG00000099866	MADCAM1
15289	ENSG00000141933	TPGS1
15290	ENSG00000099804	CDC34
15291	ENSG00000197540	GZMM
15292	ENSG00000172270	BSG
15293	ENSG00000099822	HCN2
15294	ENSG00000099821	POLRMT
15295	ENSG00000070388	FGF22
15296	ENSG00000070423	RNF126
15297	ENSG00000070404	FSTL3
15298	ENSG00000185198	PRSS57
15299	ENSG00000099864	PALM
15300	ENSG00000099812	MISP
15301	ENSG00000011304	PTBP1
15302	ENSG00000129951	PLPPR3
15303	ENSG00000172232	AZU1
15304	ENSG00000196415	PRTN3
15305	ENSG00000197561	ELANE
15306	ENSG00000197766	CFD
15307	ENSG00000175221	MED16
15308	ENSG00000198858	R3HDM4
15309	ENSG00000116014	KISS1R
15310	ENSG00000116017	ARID3A
15311	ENSG00000065268	WDR18
15312	ENSG00000116032	GRIN3B
15313	ENSG00000182087	TMEM259
15314	ENSG00000064666	CNN2
15315	ENSG00000064687	ABCA7
15316	ENSG00000180448	ARHGAP45
15317	ENSG00000099817	POLR2E
15318	ENSG00000167468	GPX4
15319	ENSG00000064932	SBNO2
15320	ENSG00000118046	STK11
15321	ENSG00000099625	CBARP
15322	ENSG00000099624	ATP5F1D
15323	ENSG00000167470	MIDN
15324	ENSG00000099622	CIRBP
15325	ENSG00000228300	FAM174C
15326	ENSG00000099617	EFNA2
15327	ENSG00000160953	PWWP3A
15328	ENSG00000115286	NDUFS7
15329	ENSG00000130005	GAMT
15330	ENSG00000071626	DAZAP1
15331	ENSG00000115268	RPS15
15332	ENSG00000115266	APC2
15333	ENSG00000119559	C19orf25
15334	ENSG00000115257	PCSK4
15335	ENSG00000115255	REEP6
15336	ENSG00000185761	ADAMTSL5
15337	ENSG00000185988	PLK5
15338	ENSG00000181588	MEX3D
15339	ENSG00000071655	MBD3
15340	ENSG00000127540	UQCR11
15341	ENSG00000071564	TCF3
15342	ENSG00000205922	ONECUT3
15343	ENSG00000130270	ATP8B3
15344	ENSG00000079313	REXO1
15345	ENSG00000129911	KLF16
15346	ENSG00000129968	ABHD17A
15347	ENSG00000227500	SCAMP4
15348	ENSG00000213638	ADAT3
15349	ENSG00000133275	CSNK1G2
15350	ENSG00000133243	BTBD2
15351	ENSG00000099875	MKNK2
15352	ENSG00000172081	MOB3A
15353	ENSG00000099840	IZUMO4
15354	ENSG00000065000	AP3D1
15355	ENSG00000104885	DOT1L
15356	ENSG00000104886	PLEKHJ1
15357	ENSG00000104897	SF3A2
15358	ENSG00000104899	AMH
15359	ENSG00000167476	JSRP1
15360	ENSG00000104904	OAZ1
15361	ENSG00000188305	PEAK3
15362	ENSG00000220008	LINGO3
15363	ENSG00000130332	LSM7
15364	ENSG00000005206	SPPL2B
15365	ENSG00000178297	TMPRSS9
15366	ENSG00000099800	TIMM13
15367	ENSG00000176619	LMNB2
15368	ENSG00000099860	GADD45B
15369	ENSG00000176533	GNG7
15370	ENSG00000176490	DIRAS1
15371	ENSG00000141873	SLC39A3
15372	ENSG00000104969	SGTA
15373	ENSG00000172009	THOP1
15374	ENSG00000172006	ZNF554
15375	ENSG00000186300	ZNF555
15376	ENSG00000172000	ZNF556
15377	ENSG00000171970	ZNF57
15378	ENSG00000175691	ZNF77
15379	ENSG00000104953	TLE6
15380	ENSG00000065717	TLE2
15381	ENSG00000104964	TLE5
15382	ENSG00000088256	GNA11
15383	ENSG00000060558	GNA15
15384	ENSG00000125910	S1PR4
15385	ENSG00000125912	NCLN
15386	ENSG00000161082	CELF5
15387	ENSG00000141905	NFIC
15388	ENSG00000095932	SMIM24
15389	ENSG00000129932	DOHH
15390	ENSG00000105325	FZR1
15391	ENSG00000161091	MFSD12
15392	ENSG00000064961	HMG20B
15393	ENSG00000179855	GIPC3
15394	ENSG00000006638	TBXA2R
15395	ENSG00000105298	CACTIN
15396	ENSG00000186111	PIP5K1C
15397	ENSG00000105289	TJP3
15398	ENSG00000011132	APBA3
15399	ENSG00000183617	MRPL54
15400	ENSG00000173976	RAX2
15401	ENSG00000007264	MATK
15402	ENSG00000105278	ZFR2
15403	ENSG00000167654	ATCAY
15404	ENSG00000077009	NMRK2
15405	ENSG00000167657	DAPK3
15406	ENSG00000167658	EEF2
15407	ENSG00000105229	PIAS4
15408	ENSG00000178951	ZBTB7A
15409	ENSG00000126934	MAP2K2
15410	ENSG00000060566	CREB3L3
15411	ENSG00000077463	SIRT6
15412	ENSG00000089847	ANKRD24
15413	ENSG00000105246	EBI3
15414	ENSG00000105248	YJU2
15415	ENSG00000105251	SHD
15416	ENSG00000167664	TMIGD2
15417	ENSG00000105255	FSD1
15418	ENSG00000178078	STAP2
15419	ENSG00000008382	MPND
15420	ENSG00000141985	SH3GL1
15421	ENSG00000167670	CHAF1A
15422	ENSG00000167671	UBXN6
15423	ENSG00000167674	HDGFL2
15424	ENSG00000167676	PLIN4
15425	ENSG00000214456	PLIN5
15426	ENSG00000171236	LRG1
15427	ENSG00000167680	SEMA6B
15428	ENSG00000185361	TNFAIP8L1
15429	ENSG00000074842	MYDGF
15430	ENSG00000142002	DPP9
15431	ENSG00000141965	FEM1A
15432	ENSG00000127666	TICAM1
15433	ENSG00000105355	PLIN3
15434	ENSG00000205784	ARRDC5
15435	ENSG00000276043	UHRF1
15436	ENSG00000127663	KDM4B
15437	ENSG00000105426	PTPRS
15438	ENSG00000105428	ZNRF4
15439	ENSG00000223573	TINCR
15440	ENSG00000130254	SAFB2
15441	ENSG00000160633	SAFB
15442	ENSG00000130255	RPL36
15443	ENSG00000174917	MICOS13
15444	ENSG00000167733	HSD11B1L
15445	ENSG00000196365	LONP1
15446	ENSG00000174898	CATSPERD
15447	ENSG00000212123	PRR22
15448	ENSG00000141994	DUS3L
15449	ENSG00000171119	NRTN
15450	ENSG00000156413	FUT6
15451	ENSG00000171124	FUT3
15452	ENSG00000130383	FUT5
15453	ENSG00000174886	NDUFA11
15454	ENSG00000187650	VMAC
15455	ENSG00000105519	CAPS
15456	ENSG00000031823	RANBP3
15457	ENSG00000087903	RFX2
15458	ENSG00000130377	ACSBG2
15459	ENSG00000130382	MLLT1
15460	ENSG00000167769	ACER1
15461	ENSG00000125656	CLPP
15462	ENSG00000125652	ALKBH7
15463	ENSG00000125650	PSPN
15464	ENSG00000125651	GTF2F1
15465	ENSG00000088247	KHSRP
15466	ENSG00000181240	SLC25A41
15467	ENSG00000125648	SLC25A23
15468	ENSG00000130545	CRB3
15469	ENSG00000205744	DENND1C
15470	ENSG00000104833	TUBB4A
15471	ENSG00000125657	TNFSF9
15472	ENSG00000125726	CD70
15473	ENSG00000125735	TNFSF14
15474	ENSG00000125730	C3
15475	ENSG00000125734	GPR108
15476	ENSG00000125733	TRIP10
15477	ENSG00000125731	SH2D3A
15478	ENSG00000141968	VAV1
15479	ENSG00000174837	ADGRE1
15480	ENSG00000196589	MBD3L2B
15481	ENSG00000237247	MBD3L5
15482	ENSG00000205718	MBD3L4
15483	ENSG00000230522	MBD3L2
15484	ENSG00000182315	MBD3L3
15485	ENSG00000130544	ZNF557
15486	ENSG00000171105	INSR
15487	ENSG00000104880	ARHGEF18
15488	ENSG00000104883	PEX11G
15489	ENSG00000198816	ZNF358
15490	ENSG00000090674	MCOLN1
15491	ENSG00000032444	PNPLA6
15492	ENSG00000076826	CAMSAP3
15493	ENSG00000076924	XAB2
15494	ENSG00000229833	PET100
15495	ENSG00000174788	PCP2
15496	ENSG00000076944	STXBP2
15497	ENSG00000104918	RETN
15498	ENSG00000183019	MCEMP1
15499	ENSG00000181029	TRAPPC5
15500	ENSG00000104921	FCER2
15501	ENSG00000182566	CLEC4G
15502	ENSG00000090659	CD209
15503	ENSG00000104938	CLEC4M
15504	ENSG00000142459	EVI5L
15505	ENSG00000183248	PRR36
15506	ENSG00000171017	LRRC8E
15507	ENSG00000076984	MAP2K7
15508	ENSG00000260001	TGFBR3L
15509	ENSG00000104976	SNAPC2
15510	ENSG00000178531	CTXN1
15511	ENSG00000104980	TIMM44
15512	ENSG00000066044	ELAVL1
15513	ENSG00000131142	CCL25
15514	ENSG00000142449	FBN3
15515	ENSG00000090661	CERS4
15516	ENSG00000167775	CD320
15517	ENSG00000267855	NDUFA7
15518	ENSG00000233927	RPS28
15519	ENSG00000186994	KANK3
15520	ENSG00000167772	ANGPTL4
15521	ENSG00000185236	RAB11B
15522	ENSG00000099785	MARCHF2
15523	ENSG00000099783	HNRNPM
15524	ENSG00000133246	PRAM1
15525	ENSG00000133250	ZNF414
15526	ENSG00000142347	MYO1F
15527	ENSG00000142303	ADAMTS10
15529	ENSG00000181786	ACTL9
15530	ENSG00000181733	OR2Z1
15531	ENSG00000167785	ZNF558
15532	ENSG00000170948	MBD3L1
15533	ENSG00000181143	MUC16
15534	ENSG00000170929	OR1M1
15535	ENSG00000170923	OR7G2
15536	ENSG00000130803	ZNF317
15537	ENSG00000188000	OR7D2
15538	ENSG00000174667	OR7D4
15539	ENSG00000237521	OR7E24
15540	ENSG00000196110	ZNF699
15541	ENSG00000188321	ZNF559
15542	ENSG00000270011	ZNF559-ZNF177
15543	ENSG00000188629	ZNF177
15544	ENSG00000174652	ZNF266
15545	ENSG00000198028	ZNF560
15546	ENSG00000130818	ZNF426
15547	ENSG00000197961	ZNF121
15548	ENSG00000171469	ZNF561
15549	ENSG00000196605	ZNF846
15550	ENSG00000127452	FBXL12
15551	ENSG00000198258	UBL5
15552	ENSG00000127445	PIN1
15553	ENSG00000105088	OLFM2
15554	ENSG00000080573	COL5A3
15555	ENSG00000080511	RDH8
15556	ENSG00000130813	SHFL
15557	ENSG00000130812	ANGPTL6
15558	ENSG00000130810	PPAN
15559	ENSG00000244165	P2RY11
15560	ENSG00000130811	EIF3G
15561	ENSG00000130816	DNMT1
15562	ENSG00000267534	S1PR2
15563	ENSG00000105364	MRPL4
15564	ENSG00000090339	ICAM1
15565	ENSG00000105376	ICAM5
15566	ENSG00000220201	ZGLP1
15567	ENSG00000267673	FDX2
15568	ENSG00000161847	RAVER1
15569	ENSG00000076662	ICAM3
15570	ENSG00000105397	TYK2
15571	ENSG00000105401	CDC37
15572	ENSG00000065989	PDE4A
15573	ENSG00000079999	KEAP1
15574	ENSG00000180739	S1PR5
15575	ENSG00000130734	ATG4D
15576	ENSG00000129347	KRI1
15577	ENSG00000129355	CDKN2D
15578	ENSG00000129354	AP1M2
15579	ENSG00000129353	SLC44A2
15580	ENSG00000129351	ILF3
15581	ENSG00000213339	QTRT1
15582	ENSG00000079805	DNM2
15583	ENSG00000099203	TMED1
15584	ENSG00000214212	C19orf38
15585	ENSG00000142453	CARM1
15586	ENSG00000130733	YIPF2
15587	ENSG00000142444	TIMM29
15588	ENSG00000127616	SMARCA4
15589	ENSG00000130164	LDLR
15590	ENSG00000161888	SPC24
15591	ENSG00000197256	KANK2
15592	ENSG00000130158	DOCK6
15593	ENSG00000130173	ANGPTL8
15594	ENSG00000130167	TSPAN16
15595	ENSG00000105514	RAB3D
15596	ENSG00000105518	TMEM205
15597	ENSG00000183401	CCDC159
15598	ENSG00000105520	PLPPR2
15599	ENSG00000173928	SWSAP1
15600	ENSG00000187266	EPOR
15601	ENSG00000205517	RGL3
15602	ENSG00000198003	ODAD3
15603	ENSG00000130175	PRKCSH
15604	ENSG00000196361	ELAVL3
15605	ENSG00000161914	ZNF653
15606	ENSG00000130159	ECSIT
15607	ENSG00000130176	CNN1
15608	ENSG00000130165	ELOF1
15609	ENSG00000198551	ZNF627
15610	ENSG00000102575	ACP5
15611	ENSG00000197933	ZNF823
15612	ENSG00000197044	ZNF441
15613	ENSG00000177599	ZNF491
15614	ENSG00000171295	ZNF440
15615	ENSG00000171291	ZNF439
15616	ENSG00000198429	ZNF69
15617	ENSG00000196757	ZNF700
15618	ENSG00000197054	ZNF763
15619	ENSG00000197647	ZNF433
15620	ENSG00000223547	ZNF844
15621	ENSG00000132010	ZNF20
15622	ENSG00000257591	ZNF625
15623	ENSG00000196646	ZNF136
15624	ENSG00000197857	ZNF44
15625	ENSG00000188868	ZNF563
15626	ENSG00000198342	ZNF442
15627	ENSG00000196466	ZNF799
15628	ENSG00000180855	ZNF443
15629	ENSG00000242852	ZNF709
15630	ENSG00000249709	ZNF564
15631	ENSG00000188033	ZNF490
15632	ENSG00000173875	ZNF791
15633	ENSG00000104774	MAN2B1
15634	ENSG00000123154	WDR83
15635	ENSG00000105583	WDR83OS
15636	ENSG00000095059	DHPS
15637	ENSG00000283980	GNG14
15638	ENSG00000132004	FBXW9
15639	ENSG00000105576	TNPO2
15640	ENSG00000123144	TRIR
15641	ENSG00000198356	GET3
15642	ENSG00000039987	BEST2
15643	ENSG00000095066	HOOK2
15644	ENSG00000171223	JUNB
15645	ENSG00000167815	PRDX2
15646	ENSG00000284491	THSD8
15647	ENSG00000104889	RNASEH2A
15648	ENSG00000132026	RTBDN
15649	ENSG00000105613	MAST1
15650	ENSG00000105612	DNASE2
15651	ENSG00000105610	KLF1
15652	ENSG00000105607	GCDH
15653	ENSG00000161860	SYCE2
15654	ENSG00000179115	FARSA
15655	ENSG00000179218	CALR
15656	ENSG00000179262	RAD23A
15657	ENSG00000179271	GADD45GIP1
15658	ENSG00000179284	DAND5
15659	ENSG00000008441	NFIX
15660	ENSG00000104903	LYL1
15661	ENSG00000104907	TRMT1
15662	ENSG00000160877	NACC1
15663	ENSG00000104915	STX10
15664	ENSG00000160888	IER2
15665	ENSG00000141837	CACNA1A
15666	ENSG00000104957	YJU2B
15667	ENSG00000037757	MRI1
15668	ENSG00000104979	C19orf53
15669	ENSG00000132003	ZSWIM4
15670	ENSG00000187556	NANOS3
15671	ENSG00000132016	BRME1
15672	ENSG00000132024	CC2D1A
15673	ENSG00000132000	PODNL1
15674	ENSG00000132017	DCAF15
15675	ENSG00000132005	RFX1
15676	ENSG00000171136	RLN3
15677	ENSG00000104998	IL27RA
15678	ENSG00000187867	PALM3
15679	ENSG00000141854	MISP3
15680	ENSG00000188032	C19orf67
15681	ENSG00000141858	SAMD1
15682	ENSG00000072062	PRKACA
15683	ENSG00000105011	ASF1B
15684	ENSG00000072071	ADGRL1
15685	ENSG00000123146	ADGRE5
15686	ENSG00000123136	DDX39A
15687	ENSG00000123143	PKN1
15688	ENSG00000160951	PTGER1
15689	ENSG00000123159	GIPC1
15690	ENSG00000132002	DNAJB1
15691	ENSG00000099797	TECR
15692	ENSG00000099795	NDUFB7
15693	ENSG00000187912	CLEC17A
15694	ENSG00000131355	ADGRE3
15695	ENSG00000160961	ZNF333
15696	ENSG00000127507	ADGRE2
15697	ENSG00000127530	OR7C1
15698	ENSG00000188269	OR7A5
15699	ENSG00000127515	OR7A10
15700	ENSG00000185385	OR7A17
15701	ENSG00000105143	SLC1A6
15702	ENSG00000160994	CCDC105
15703	ENSG00000105141	CASP14
15704	ENSG00000094661	OR1I1
15705	ENSG00000105137	SYDE1
15706	ENSG00000105135	ILVBL
15707	ENSG00000074181	NOTCH3
15708	ENSG00000105131	EPHX3
15709	ENSG00000141867	BRD4
15710	ENSG00000105127	AKAP8
15711	ENSG00000011243	AKAP8L
15712	ENSG00000011451	WIZ
15713	ENSG00000105122	RASAL3
15714	ENSG00000161031	PGLYRP2
15715	ENSG00000171954	CYP4F22
15716	ENSG00000186526	CYP4F8
15717	ENSG00000186529	CYP4F3
15718	ENSG00000186204	CYP4F12
15719	ENSG00000171942	OR10H2
15720	ENSG00000172519	OR10H5
15721	ENSG00000186723	OR10H1
15722	ENSG00000186115	CYP4F2
15723	ENSG00000171903	CYP4F11
15724	ENSG00000176231	OR10H4
15725	ENSG00000167460	TPM4
15726	ENSG00000167461	RAB8A
15727	ENSG00000196684	HSH2D
15728	ENSG00000141977	CIB3
15729	ENSG00000105058	FAM32A
15730	ENSG00000127528	KLF2
15731	ENSG00000127527	EPS15L1
15732	ENSG00000269058	CALR3
15733	ENSG00000105072	C19orf44
15734	ENSG00000085872	CHERP
15735	ENSG00000127526	SLC35E1
15736	ENSG00000105085	MED26
15737	ENSG00000214046	SMIM7
15738	ENSG00000072954	TMEM38A
15739	ENSG00000188039	NWD1
15740	ENSG00000127511	SIN3B
15741	ENSG00000127533	F2RL3
15742	ENSG00000160111	CPAMD8
15743	ENSG00000131351	HAUS8
15744	ENSG00000099331	MYO9B
15745	ENSG00000053501	USE1
15746	ENSG00000099330	OCEL1
15747	ENSG00000160113	NR2F6
15748	ENSG00000130307	USHBP1
15749	ENSG00000105393	BABAM1
15750	ENSG00000160117	ANKLE1
15751	ENSG00000127220	ABHD8
15752	ENSG00000130312	MRPL34
15753	ENSG00000130311	DDA1
15754	ENSG00000074855	ANO8
15755	ENSG00000130299	GTPBP3
15756	ENSG00000130300	PLVAP
15757	ENSG00000130303	BST2
15758	ENSG00000141971	MVB12A
15759	ENSG00000188051	TMEM221
15760	ENSG00000171773	NXNL1
15761	ENSG00000130304	SLC27A1
15762	ENSG00000130313	PGLS
15763	ENSG00000167483	NIBAN3
15764	ENSG00000130309	COLGALT1
15765	ENSG00000130477	UNC13A
15766	ENSG00000130479	MAP1S
15767	ENSG00000130475	FCHO1
15768	ENSG00000179913	B3GNT3
15769	ENSG00000248099	INSL3
15770	ENSG00000105639	JAK3
15771	ENSG00000105640	RPL18A
15772	ENSG00000105641	SLC5A5
15773	ENSG00000007080	CCDC124
15774	ENSG00000105642	KCNN1
15775	ENSG00000105643	ARRDC2
15776	ENSG00000096996	IL12RB1
15777	ENSG00000099308	MAST3
15778	ENSG00000105647	PIK3R2
15779	ENSG00000216490	IFI30
15780	ENSG00000254858	MPV17L2
15781	ENSG00000105649	RAB3A
15782	ENSG00000105650	PDE4C
15783	ENSG00000130518	IQCN
15784	ENSG00000130522	JUND
15785	ENSG00000130520	LSM4
15786	ENSG00000130517	PGPEP1
15787	ENSG00000130513	GDF15
15788	ENSG00000175489	LRRC25
15789	ENSG00000130511	SSBP4
15790	ENSG00000105655	ISYNA1
15791	ENSG00000105656	ELL
15792	ENSG00000105701	FKBP8
15793	ENSG00000105700	KXD1
15794	ENSG00000221983	UBA52
15795	ENSG00000006016	CRLF1
15796	ENSG00000006015	REX1BD
15797	ENSG00000105696	TMEM59L
15798	ENSG00000167487	KLHL26
15799	ENSG00000105662	CRTC1
15800	ENSG00000105664	COMP
15801	ENSG00000005007	UPF1
15802	ENSG00000223802	CERS1
15803	ENSG00000105669	COPE
15804	ENSG00000105671	DDX49
15805	ENSG00000051128	HOMER3
15806	ENSG00000064607	SUGP2
15807	ENSG00000105676	ARMC6
15808	ENSG00000181035	SLC25A42
15809	ENSG00000064545	TMEM161A
15810	ENSG00000213999	MEF2B
15811	ENSG00000254901	BORCS8
15812	ENSG00000064490	RFXANK
15813	ENSG00000184162	NR2C2AP
15814	ENSG00000130287	NCAN
15815	ENSG00000187664	HAPLN4
15816	ENSG00000213996	TM6SF2
15817	ENSG00000105705	SUGP1
15818	ENSG00000129933	MAU2
15819	ENSG00000167491	GATAD2A
15820	ENSG00000178093	TSSK6
15821	ENSG00000186010	NDUFA13
15822	ENSG00000250067	YJEFN3
15823	ENSG00000160161	CILP2
15824	ENSG00000105717	PBX4
15825	ENSG00000064547	LPAR2
15826	ENSG00000089639	GMIP
15827	ENSG00000105726	ATP13A1
15828	ENSG00000181896	ZNF101
15829	ENSG00000105708	ZNF14
15830	ENSG00000081665	ZNF506
15831	ENSG00000256771	ZNF253
15832	ENSG00000184635	ZNF93
15833	ENSG00000197124	ZNF682
15834	ENSG00000213988	ZNF90
15835	ENSG00000256229	ZNF486
15836	ENSG00000237440	ZNF737
15837	ENSG00000188171	ZNF626
15838	ENSG00000160229	ZNF66
15839	ENSG00000105750	ZNF85
15840	ENSG00000118620	ZNF430
15841	ENSG00000160352	ZNF714
15842	ENSG00000182141	ZNF708
15843	ENSG00000172687	ZNF738
15844	ENSG00000196268	ZNF493
15845	ENSG00000197013	ZNF429
15846	ENSG00000197020	ZNF100
15847	ENSG00000198521	ZNF43
15848	ENSG00000160321	ZNF208
15849	ENSG00000197134	ZNF257
15851	ENSG00000197360	ZNF98
15852	ENSG00000229676	ZNF492
15853	ENSG00000213973	ZNF99
15855	ENSG00000269067	ZNF728
15856	ENSG00000183850	ZNF730
15857	ENSG00000196081	ZNF724
15858	ENSG00000167232	ZNF91
15859	ENSG00000197372	ZNF675
15860	ENSG00000196172	ZNF681
15862	ENSG00000213967	ZNF726
15863	ENSG00000213096	ZNF254
15864	ENSG00000169021	UQCRFS1
15865	ENSG00000187135	VSTM2B
15866	ENSG00000105171	POP4
15867	ENSG00000166289	PLEKHF1
15868	ENSG00000131943	C19orf12
15869	ENSG00000105173	CCNE1
15870	ENSG00000105176	URI1
15871	ENSG00000198597	ZNF536
15872	ENSG00000121297	TSHZ3
15873	ENSG00000168813	ZNF507
15874	ENSG00000178904	DPY19L3
15875	ENSG00000105185	PDCD5
15876	ENSG00000105186	ANKRD27
15877	ENSG00000186326	RGS9BP
15878	ENSG00000213965	NUDT19
15879	ENSG00000173809	TDRD12
15880	ENSG00000021488	SLC7A9
15881	ENSG00000121289	CEP89
15882	ENSG00000131944	FAAP24
15883	ENSG00000131941	RHPN2
15884	ENSG00000076650	GPATCH1
15885	ENSG00000166359	WDR88
15886	ENSG00000130881	LRP3
15887	ENSG00000130876	SLC7A10
15888	ENSG00000245848	CEBPA
15889	ENSG00000153879	CEBPG
15890	ENSG00000124299	PEPD
15891	ENSG00000124302	CHST8
15892	ENSG00000153885	KCTD15
15893	ENSG00000257103	LSM14A
15894	ENSG00000166398	GARRE1
15895	ENSG00000105220	GPI
15896	ENSG00000126249	PDCD2L
15897	ENSG00000126261	UBA2
15898	ENSG00000205209	SCGB2B2
15899	ENSG00000089335	ZNF302
15900	ENSG00000197841	ZNF181
15901	ENSG00000153896	ZNF599
15902	ENSG00000168661	ZNF30
15903	ENSG00000180884	ZNF792
15904	ENSG00000089351	GRAMD1A
15905	ENSG00000105711	SCN1B
15906	ENSG00000105707	HPN
15907	ENSG00000089356	FXYD3
15908	ENSG00000153902	LGI4
15909	ENSG00000266964	FXYD1
15910	ENSG00000221946	FXYD7
15911	ENSG00000089327	FXYD5
15912	ENSG00000177558	FAM187B
15913	ENSG00000105699	LSR
15914	ENSG00000105698	USF2
15915	ENSG00000105697	HAMP
15916	ENSG00000105695	MAG
15917	ENSG00000012124	CD22
15918	ENSG00000126266	FFAR1
15919	ENSG00000185897	FFAR3
15920	ENSG00000126251	GPR42
15921	ENSG00000126262	FFAR2
15922	ENSG00000188508	KRTDAP
15923	ENSG00000161249	DMKN
15924	ENSG00000189001	SBSN
15925	ENSG00000105679	GAPDHS
15926	ENSG00000105677	TMEM147
15927	ENSG00000105675	ATP4A
15928	ENSG00000283758	PMIS2
15929	ENSG00000249115	HAUS5
15930	ENSG00000126254	RBM42
15931	ENSG00000105672	ETV2
15932	ENSG00000126267	COX6B1
15933	ENSG00000105668	UPK1A
15934	ENSG00000011590	ZBTB32
15935	ENSG00000272333	KMT2B
15936	ENSG00000126246	IGFLR1
15937	ENSG00000161265	U2AF1L4
15938	ENSG00000205155	PSENEN
15939	ENSG00000267796	LIN37
15940	ENSG00000004776	HSPB6
15941	ENSG00000167595	PROSER3
15942	ENSG00000004777	ARHGAP33
15943	ENSG00000250799	PRODH2
15944	ENSG00000161270	NPHS1
15945	ENSG00000126259	KIRREL2
15946	ENSG00000105290	APLP1
15947	ENSG00000167604	NFKBID
15948	ENSG00000126264	HCST
15949	ENSG00000011600	TYROBP
15950	ENSG00000126243	LRFN3
15951	ENSG00000205138	SDHAF1
15952	ENSG00000181392	SYNE4
15953	ENSG00000239382	ALKBH6
15954	ENSG00000105270	CLIP3
15955	ENSG00000161277	THAP8
15956	ENSG00000075702	WDR62
15957	ENSG00000105261	OVOL3
15958	ENSG00000105258	POLR2I
15959	ENSG00000105254	TBCB
15960	ENSG00000126247	CAPNS1
15961	ENSG00000161281	COX7A1
15962	ENSG00000196357	ZNF565
15963	ENSG00000167635	ZNF146
15964	ENSG00000142065	ZFP14
15965	ENSG00000181007	ZFP82
15966	ENSG00000186017	ZNF566
15967	ENSG00000254004	ZNF260
15968	ENSG00000186020	ZNF529
15969	ENSG00000161298	ZNF382
15970	ENSG00000197808	ZNF461
15971	ENSG00000189042	ZNF567
15972	ENSG00000267041	ZNF850
15973	ENSG00000197863	ZNF790
15974	ENSG00000251247	ZNF345
15975	ENSG00000185869	ZNF829
15976	ENSG00000198453	ZNF568
15977	ENSG00000197050	ZNF420
15978	ENSG00000196967	ZNF585A
15979	ENSG00000245680	ZNF585B
15980	ENSG00000188283	ZNF383
15981	ENSG00000181666	ZNF875
15982	ENSG00000189164	ZNF527
15983	ENSG00000196437	ZNF569
15984	ENSG00000171827	ZNF570
15985	ENSG00000188227	ZNF793
15986	ENSG00000171817	ZNF540
15987	ENSG00000180479	ZNF571
15988	ENSG00000120784	ZFP30
15989	ENSG00000196381	ZNF781
15990	ENSG00000198182	ZNF607
15991	ENSG00000189144	ZNF573
15992	ENSG00000171804	WDR87
15993	ENSG00000105738	SIPA1L3
15994	ENSG00000011332	DPF1
15995	ENSG00000167642	SPINT2
15996	ENSG00000167641	PPP1R14A
15997	ENSG00000167645	YIF1B
15998	ENSG00000099337	KCNK6
15999	ENSG00000099338	CATSPERG
16000	ENSG00000099341	PSMD8
16001	ENSG00000179168	GGN
16002	ENSG00000188766	SPRED3
16003	ENSG00000130244	FAM98C
16004	ENSG00000171777	RASGRP4
16005	ENSG00000196218	RYR1
16006	ENSG00000104814	MAP4K1
16007	ENSG00000178982	EIF3K
16008	ENSG00000130402	ACTN4
16009	ENSG00000182472	CAPN12
16010	ENSG00000205076	LGALS7
16011	ENSG00000178934	LGALS7B
16012	ENSG00000171747	LGALS4
16013	ENSG00000104823	ECH1
16014	ENSG00000104824	HNRNPL
16015	ENSG00000187994	RINL
16016	ENSG00000068903	SIRT2
16017	ENSG00000104825	NFKBIB
16018	ENSG00000262484	CCER2
16019	ENSG00000104835	SARS2
16020	ENSG00000128626	MRPS12
16021	ENSG00000269190	FBXO17
16022	ENSG00000161243	FBXO27
16023	ENSG00000183760	ACP7
16024	ENSG00000130669	PAK4
16025	ENSG00000188505	NCCRP1
16026	ENSG00000179751	SYCN
16027	ENSG00000197110	IFNL3
16028	ENSG00000183709	IFNL2
16029	ENSG00000182393	IFNL1
16030	ENSG00000128011	LRFN1
16031	ENSG00000130755	GMFG
16032	ENSG00000179134	SAMD4B
16033	ENSG00000006712	PAF1
16034	ENSG00000063322	MED29
16035	ENSG00000128016	ZFP36
16036	ENSG00000090924	PLEKHG2
16037	ENSG00000105193	RPS16
16038	ENSG00000196235	SUPT5H
16039	ENSG00000105197	TIMM50
16040	ENSG00000090932	DLL3
16041	ENSG00000186838	SELENOV
16042	ENSG00000176401	EID2B
16043	ENSG00000176396	EID2
16044	ENSG00000105198	LGALS13
16045	ENSG00000249861	LGALS16
16046	ENSG00000006659	LGALS14
16047	ENSG00000105205	CLC
16048	ENSG00000213921	LEUTX
16049	ENSG00000105204	DYRK1B
16050	ENSG00000105202	FBL
16051	ENSG00000275395	FCGBP
16052	ENSG00000013275	PSMC4
16053	ENSG00000187187	ZNF546
16054	ENSG00000128000	ZNF780B
16055	ENSG00000197782	ZNF780A
16056	ENSG00000130758	MAP3K10
16057	ENSG00000174521	TTC9B
16058	ENSG00000105219	CCNP
16059	ENSG00000105221	AKT2
16060	ENSG00000160392	C19orf47
16061	ENSG00000105223	PLD3
16062	ENSG00000160396	HIPK4
16063	ENSG00000105227	PRX
16064	ENSG00000197019	SERTAD1
16065	ENSG00000167565	SERTAD3
16066	ENSG00000090013	BLVRB
16067	ENSG00000160460	SPTBN4
16068	ENSG00000160410	SHKBP1
16069	ENSG00000090006	LTBP4
16070	ENSG00000105245	NUMBL
16071	ENSG00000123815	COQ8B
16072	ENSG00000086544	ITPKC
16073	ENSG00000188493	C19orf54
16074	ENSG00000077312	SNRPA
16075	ENSG00000261857	MIA
16076	ENSG00000167578	RAB4B
16077	ENSG00000269858	EGLN2
16078	ENSG00000255974	CYP2A6
16079	ENSG00000198077	CYP2A7
16080	ENSG00000197408	CYP2B6
16081	ENSG00000197838	CYP2A13
16082	ENSG00000197446	CYP2F1
16083	ENSG00000167600	CYP2S1
16084	ENSG00000167601	AXL
16085	ENSG00000105323	HNRNPUL1
16086	ENSG00000105329	TGFB1
16087	ENSG00000142039	CCDC97
16088	ENSG00000142046	TMEM91
16089	ENSG00000123810	B9D2
16090	ENSG00000077348	EXOSC5
16091	ENSG00000248098	BCKDHA
16092	ENSG00000177191	B3GNT8
16093	ENSG00000105341	DMAC2
16094	ENSG00000204978	ERICH4
16095	ENSG00000007129	CEACAM21
16096	ENSG00000105352	CEACAM4
16097	ENSG00000007306	CEACAM7
16098	ENSG00000105388	CEACAM5
16099	ENSG00000086548	CEACAM6
16100	ENSG00000170956	CEACAM3
16101	ENSG00000273111	LYPD4
16102	ENSG00000142025	DMRTC2
16103	ENSG00000105372	RPS19
16104	ENSG00000105369	CD79A
16105	ENSG00000076928	ARHGEF1
16106	ENSG00000268041	ERFL
16107	ENSG00000105404	RABAC1
16108	ENSG00000105409	ATP1A3
16109	ENSG00000105737	GRIK5
16110	ENSG00000105732	ZNF574
16111	ENSG00000028277	POU2F2
16112	ENSG00000160570	DEDD2
16113	ENSG00000167625	ZNF526
16114	ENSG00000105723	GSK3A
16115	ENSG00000105722	ERF
16116	ENSG00000079432	CIC
16117	ENSG00000079462	PAFAH1B3
16118	ENSG00000188368	PRR19
16119	ENSG00000167619	TMEM145
16120	ENSG00000105429	MEGF8
16121	ENSG00000105427	CNFN
16122	ENSG00000079435	LIPE
16123	ENSG00000189377	CXCL17
16124	ENSG00000079385	CEACAM1
16125	ENSG00000124469	CEACAM8
16126	ENSG00000221826	PSG3
16127	ENSG00000124467	PSG8
16128	ENSG00000231924	PSG1
16129	ENSG00000170848	PSG6
16130	ENSG00000221878	PSG7
16131	ENSG00000243130	PSG11
16132	ENSG00000242221	PSG2
16133	ENSG00000204941	PSG5
16134	ENSG00000243137	PSG4
16135	ENSG00000183668	PSG9
16136	ENSG00000204936	CD177
16137	ENSG00000131126	TEX101
16138	ENSG00000124466	LYPD3
16139	ENSG00000176531	PHLDB3
16140	ENSG00000105755	ETHE1
16141	ENSG00000176472	ZNF575
16142	ENSG00000073050	XRCC1
16143	ENSG00000234465	PINLYP
16144	ENSG00000167378	IRGQ
16145	ENSG00000124444	ZNF576
16146	ENSG00000226763	SRRM5
16147	ENSG00000131116	ZNF428
16148	ENSG00000105767	CADM4
16149	ENSG00000011422	PLAUR
16150	ENSG00000124449	IRGC
16151	ENSG00000105771	SMG9
16152	ENSG00000104783	KCNN4
16153	ENSG00000159871	LYPD5
16154	ENSG00000167637	ZNF283
16155	ENSG00000176222	ZNF404
16156	ENSG00000124459	ZNF45
16157	ENSG00000159905	ZNF221
16158	ENSG00000204920	ZNF155
16159	ENSG00000159882	ZNF230
16160	ENSG00000159885	ZNF222
16161	ENSG00000178386	ZNF223
16162	ENSG00000186026	ZNF284
16163	ENSG00000267680	ZNF224
16164	ENSG00000256294	ZNF225
16165	ENSG00000263002	ZNF234
16166	ENSG00000167380	ZNF226
16167	ENSG00000131115	ZNF227
16168	ENSG00000159917	ZNF235
16169	ENSG00000159915	ZNF233
16170	ENSG00000062370	ZNF112
16171	ENSG00000267508	ZNF285
16172	ENSG00000278318	ZNF229
16173	ENSG00000167384	ZNF180
16174	ENSG00000273777	CEACAM20
16175	ENSG00000216588	IGSF23
16176	ENSG00000073008	PVR
16177	ENSG00000186567	CEACAM19
16178	ENSG00000213892	CEACAM16
16179	ENSG00000069399	BCL3
16180	ENSG00000142273	CBLC
16181	ENSG00000187244	BCAM
16182	ENSG00000130202	NECTIN2
16183	ENSG00000130204	TOMM40
16184	ENSG00000130203	APOE
16185	ENSG00000130208	APOC1
16186	ENSG00000267467	APOC4
16187	ENSG00000234906	APOC2
16188	ENSG00000104853	CLPTM1
16189	ENSG00000104856	RELB
16190	ENSG00000104859	CLASRP
16191	ENSG00000170684	ZNF296
16192	ENSG00000142252	GEMIN7
16193	ENSG00000007047	MARK4
16194	ENSG00000104866	PPP1R37
16195	ENSG00000179846	NKPD1
16196	ENSG00000007255	TRAPPC6A
16197	ENSG00000189114	BLOC1S3
16198	ENSG00000283632	EXOC3L2
16199	ENSG00000104879	CKM
16200	ENSG00000104892	KLC3
16201	ENSG00000104884	ERCC2
16202	ENSG00000104881	PPP1R13L
16203	ENSG00000117877	POLR1G
16204	ENSG00000012061	ERCC1
16205	ENSG00000125740	FOSB
16206	ENSG00000125744	RTN2
16207	ENSG00000213889	PPM1N
16208	ENSG00000125753	VASP
16209	ENSG00000125741	OPA3
16210	ENSG00000177464	GPR4
16211	ENSG00000125746	EML2
16212	ENSG00000010310	GIPR
16213	ENSG00000125743	SNRPD2
16214	ENSG00000011478	QPCTL
16215	ENSG00000177051	FBXO46
16216	ENSG00000237452	MEIOSIN
16217	ENSG00000177045	SIX5
16218	ENSG00000104936	DMPK
16219	ENSG00000185800	DMWD
16220	ENSG00000104941	RSPH6A
16221	ENSG00000125755	SYMPK
16222	ENSG00000170608	FOXA3
16223	ENSG00000170604	IRF2BP1
16224	ENSG00000176182	MYPOP
16225	ENSG00000188425	NANOS2
16226	ENSG00000104967	NOVA2
16227	ENSG00000104983	CCDC61
16228	ENSG00000008438	PGLYRP1
16229	ENSG00000204869	IGFL4
16230	ENSG00000188624	IGFL3
16231	ENSG00000204866	IGFL2
16232	ENSG00000188293	IGFL1
16233	ENSG00000124440	HIF3A
16234	ENSG00000011485	PPP5C
16235	ENSG00000169515	CCDC8
16236	ENSG00000277531	PNMA8C
16237	ENSG00000182013	PNMA8A
16238	ENSG00000204851	PNMA8B
16239	ENSG00000160014	CALM3
16240	ENSG00000160013	PTGIR
16241	ENSG00000167414	GNG8
16242	ENSG00000197380	DACT3
16243	ENSG00000105287	PRKD2
16244	ENSG00000090372	STRN4
16245	ENSG00000181027	FKRP
16246	ENSG00000105281	SLC1A5
16247	ENSG00000042753	AP2S1
16248	ENSG00000160007	ARHGAP35
16249	ENSG00000130751	NPAS1
16250	ENSG00000130748	TMEM160
16251	ENSG00000130749	ZC3H4
16252	ENSG00000142230	SAE1
16253	ENSG00000105327	BBC3
16254	ENSG00000105321	CCDC9
16255	ENSG00000257704	INAFM1
16256	ENSG00000197405	C5AR1
16257	ENSG00000134830	C5AR2
16258	ENSG00000134815	DHX34
16259	ENSG00000105419	MEIS3
16260	ENSG00000118160	SLC8A2
16261	ENSG00000118162	KPTN
16262	ENSG00000105402	NAPA
16263	ENSG00000118156	ZNF541
16264	ENSG00000063169	BICRA
16265	ENSG00000024422	EHD2
16266	ENSG00000105373	NOP53
16267	ENSG00000178980	SELENOW
16268	ENSG00000178928	TPRX1
16269	ENSG00000105392	CRX
16270	ENSG00000105398	SULT2A1
16271	ENSG00000188334	BSPH1
16272	ENSG00000169393	ELSPBP1
16273	ENSG00000105507	CABP5
16274	ENSG00000105499	PLA2G4C
16275	ENSG00000105486	LIG1
16276	ENSG00000185453	ZSWIM9
16277	ENSG00000105483	CARD8
16278	ENSG00000178150	ZNF114
16279	ENSG00000105479	ODAD1
16280	ENSG00000142227	EMP3
16281	ENSG00000161558	TMEM143
16282	ENSG00000105467	SYNGR4
16283	ENSG00000105438	KDELR1
16284	ENSG00000105464	GRIN2D
16285	ENSG00000105447	GRWD1
16286	ENSG00000182324	KCNJ14
16287	ENSG00000105443	CYTH2
16288	ENSG00000142235	LMTK3
16289	ENSG00000105523	FAM83E
16290	ENSG00000177202	SPACA4
16291	ENSG00000063177	RPL18
16292	ENSG00000063176	SPHK2
16293	ENSG00000105516	DBP
16294	ENSG00000063180	CA11
16295	ENSG00000142233	NTN5
16296	ENSG00000176920	FUT2
16297	ENSG00000176909	MAMSTR
16298	ENSG00000105538	RASIP1
16299	ENSG00000182264	IZUMO1
16300	ENSG00000174951	FUT1
16301	ENSG00000105550	FGF21
16302	ENSG00000105552	BCAT2
16303	ENSG00000087076	HSD17B14
16304	ENSG00000105559	PLEKHA4
16305	ENSG00000087074	PPP1R15A
16306	ENSG00000104804	TULP2
16307	ENSG00000104805	NUCB1
16308	ENSG00000104808	DHDH
16309	ENSG00000087088	BAX
16310	ENSG00000087086	FTL
16311	ENSG00000104812	GYS1
16312	ENSG00000183207	RUVBL2
16313	ENSG00000104826	LHB
16314	ENSG00000267631	CGB1
16315	ENSG00000225950	NTF4
16316	ENSG00000104848	KCNA7
16317	ENSG00000104852	SNRNP70
16318	ENSG00000104863	LIN7B
16319	ENSG00000221916	C19orf73
16320	ENSG00000177380	PPFIA3
16321	ENSG00000130528	HRC
16322	ENSG00000130529	TRPM4
16323	ENSG00000063127	SLC6A16
16324	ENSG00000104894	CD37
16325	ENSG00000074219	TEAD2
16326	ENSG00000104901	DKKL1
16327	ENSG00000161609	KASH5
16328	ENSG00000142538	PTH2
16329	ENSG00000261949	GFY
16330	ENSG00000104888	SLC17A7
16331	ENSG00000104872	PIH1D1
16332	ENSG00000161618	ALDH16A1
16333	ENSG00000090554	FLT3LG
16334	ENSG00000142541	RPL13A
16335	ENSG00000142534	RPS11
16336	ENSG00000104870	FCGRT
16337	ENSG00000142552	RCN3
16338	ENSG00000142546	NOSIP
16339	ENSG00000126460	PRRG2
16340	ENSG00000126464	PRR12
16341	ENSG00000126458	RRAS
16342	ENSG00000126461	SCAF1
16343	ENSG00000126456	IRF3
16344	ENSG00000126453	BCL2L12
16345	ENSG00000126457	PRMT1
16346	ENSG00000224420	ADM5
16347	ENSG00000169169	CPT1C
16348	ENSG00000196961	AP2A1
16349	ENSG00000010361	FUZ
16350	ENSG00000104973	MED25
16351	ENSG00000104960	PTOV1
16352	ENSG00000039650	PNKP
16353	ENSG00000204673	AKT1S1
16354	ENSG00000104946	TBC1D17
16355	ENSG00000213024	NUP62
16356	ENSG00000169136	ATF5
16357	ENSG00000161640	SIGLEC11
16358	ENSG00000105053	VRK3
16359	ENSG00000142528	ZNF473
16360	ENSG00000161652	IZUMO2
16361	ENSG00000105357	MYH14
16362	ENSG00000131398	KCNC3
16363	ENSG00000131408	NR1H2
16364	ENSG00000131400	NAPSA
16365	ENSG00000062822	POLD1
16366	ENSG00000269404	SPIB
16367	ENSG00000086967	MYBPC2
16368	ENSG00000142530	FAM71E1
16369	ENSG00000161671	EMC10
16370	ENSG00000161677	JOSD2
16371	ENSG00000204653	ASPDH
16372	ENSG00000131409	LRRC4B
16373	ENSG00000213023	SYT3
16374	ENSG00000235034	C19orf81
16375	ENSG00000161681	SHANK1
16376	ENSG00000105472	CLEC11A
16377	ENSG00000142511	GPR32
16378	ENSG00000142513	ACP4
16379	ENSG00000167748	KLK1
16380	ENSG00000174562	KLK15
16381	ENSG00000142515	KLK3
16382	ENSG00000167751	KLK2
16383	ENSG00000167749	KLK4
16384	ENSG00000167754	KLK5
16385	ENSG00000167755	KLK6
16386	ENSG00000169035	KLK7
16387	ENSG00000129455	KLK8
16388	ENSG00000213022	KLK9
16389	ENSG00000129451	KLK10
16390	ENSG00000167757	KLK11
16391	ENSG00000186474	KLK12
16392	ENSG00000167759	KLK13
16393	ENSG00000129437	KLK14
16394	ENSG00000142544	CTU1
16395	ENSG00000129450	SIGLEC9
16396	ENSG00000168995	SIGLEC7
16397	ENSG00000105383	CD33
16398	ENSG00000179213	SIGLECL1
16399	ENSG00000142549	IGLON5
16400	ENSG00000186806	VSIG10L
16401	ENSG00000105379	ETFB
16402	ENSG00000160318	CLDND2
16403	ENSG00000105374	NKG7
16404	ENSG00000105370	LIM2
16405	ENSG00000262874	C19orf84
16406	ENSG00000142512	SIGLEC10
16407	ENSG00000105366	SIGLEC8
16408	ENSG00000213822	CEACAM18
16409	ENSG00000254521	SIGLEC12
16410	ENSG00000105492	SIGLEC6
16411	ENSG00000105497	ZNF175
16412	ENSG00000268500	SIGLEC5
16413	ENSG00000254415	SIGLEC14
16414	ENSG00000182310	SPACA6
16415	ENSG00000105509	HAS1
16416	ENSG00000171051	FPR1
16417	ENSG00000171049	FPR2
16418	ENSG00000187474	FPR3
16419	ENSG00000161551	ZNF577
16420	ENSG00000198093	ZNF649
16421	ENSG00000176024	ZNF613
16422	ENSG00000256683	ZNF350
16423	ENSG00000197619	ZNF615
16424	ENSG00000142556	ZNF614
16425	ENSG00000256087	ZNF432
16426	ENSG00000197608	ZNF841
16427	ENSG00000204611	ZNF616
16428	ENSG00000196267	ZNF836
16429	ENSG00000105568	PPP2R1A
16430	ENSG00000196214	ZNF766
16431	ENSG00000198464	ZNF480
16432	ENSG00000167554	ZNF610
16433	ENSG00000221923	ZNF880
16434	ENSG00000167555	ZNF528
16435	ENSG00000198633	ZNF534
16436	ENSG00000258405	ZNF578
16437	ENSG00000198482	ZNF808
16438	ENSG00000167562	ZNF701
16439	ENSG00000167766	ZNF83
16440	ENSG00000213020	ZNF611
16441	ENSG00000189190	ZNF600
16442	ENSG00000198538	ZNF28
16443	ENSG00000204604	ZNF468
16444	ENSG00000182986	ZNF320
16445	ENSG00000213793	ZNF888
16446	ENSG00000180257	ZNF816
16447	ENSG00000269526	ERVV-1
16448	ENSG00000268964	ERVV-2
16449	ENSG00000170949	ZNF160
16450	ENSG00000170954	ZNF415
16451	ENSG00000197937	ZNF347
16452	ENSG00000197497	ZNF665
16453	ENSG00000197928	ZNF677
16454	ENSG00000196131	VN1R2
16455	ENSG00000228567	VN1R4
16456	ENSG00000213799	ZNF845
16457	ENSG00000203326	ZNF525
16458	ENSG00000196417	ZNF765
16459	ENSG00000160336	ZNF761
16460	ENSG00000198346	ZNF813
16461	ENSG00000130844	ZNF331
16462	ENSG00000204595	DPRX
16463	ENSG00000142405	NLRP12
16464	ENSG00000179820	MYADM
16465	ENSG00000126583	PRKCG
16466	ENSG00000105605	CACNG7
16467	ENSG00000142408	CACNG8
16468	ENSG00000130433	CACNG6
16469	ENSG00000189068	VSTM1
16470	ENSG00000248385	TARM1
16471	ENSG00000170909	OSCAR
16472	ENSG00000170906	NDUFA3
16473	ENSG00000105619	TFPT
16474	ENSG00000105618	PRPF31
16475	ENSG00000088038	CNOT3
16476	ENSG00000105617	LENG1
16477	ENSG00000167608	TMC4
16478	ENSG00000125505	MBOAT7
16479	ENSG00000170892	TSEN34
16480	ENSG00000170889	RPS9
16481	ENSG00000204577	LILRB3
16482	ENSG00000244482	LILRA6
16483	ENSG00000105609	LILRB5
16484	ENSG00000131042	LILRB2
16485	ENSG00000187116	LILRA5
16486	ENSG00000239961	LILRA4
16488	ENSG00000167614	TTYH1
16489	ENSG00000167615	LENG8
16490	ENSG00000275183	LENG9
16491	ENSG00000167617	CDC42EP5
16492	ENSG00000167618	LAIR2
16494	ENSG00000239998	LILRA2
16495	ENSG00000104974	LILRA1
16496	ENSG00000104972	LILRB1
16497	ENSG00000186818	LILRB4
16498	ENSG00000242019	KIR3DL3
16499	ENSG00000243772	KIR2DL3
16501	ENSG00000125498	KIR2DL1
16503	ENSG00000189013	KIR2DL4
16504	ENSG00000167633	KIR3DL1
16506	ENSG00000240403	KIR3DL2
16507	ENSG00000186431	FCAR
16508	ENSG00000189430	NCR1
16509	ENSG00000167634	NLRP7
16510	ENSG00000022556	NLRP2
16511	ENSG00000088053	GP6
16512	ENSG00000160439	RDH13
16513	ENSG00000131037	EPS8L1
16514	ENSG00000125503	PPP1R12C
16515	ENSG00000105048	TNNT1
16516	ENSG00000129991	TNNI3
16517	ENSG00000167646	DNAAF3
16518	ENSG00000129990	SYT5
16519	ENSG00000080031	PTPRH
16520	ENSG00000180089	TMEM86B
16521	ENSG00000105063	PPP6R1
16522	ENSG00000133265	HSPBP1
16523	ENSG00000160469	BRSK1
16524	ENSG00000180061	TMEM150B
16525	ENSG00000133247	KMT5C
16526	ENSG00000160471	COX6B2
16527	ENSG00000180043	FAM71E2
16528	ENSG00000095752	IL11
16529	ENSG00000160472	TMEM190
16530	ENSG00000233493	TMEM238
16531	ENSG00000108107	RPL28
16532	ENSG00000108106	UBE2S
16533	ENSG00000187902	SHISA7
16534	ENSG00000063241	ISOC2
16535	ENSG00000283567	C19orf85
16536	ENSG00000197483	ZNF628
16537	ENSG00000090971	NAT14
16538	ENSG00000179954	SSC5D
16539	ENSG00000187550	SBK2
16540	ENSG00000231274	SBK3
16541	ENSG00000218891	ZNF579
16542	ENSG00000179943	FIZ1
16543	ENSG00000171443	ZNF524
16544	ENSG00000261221	ZNF865
16545	ENSG00000179922	ZNF784
16546	ENSG00000213015	ZNF580
16547	ENSG00000171425	ZNF581
16548	ENSG00000173581	CCDC106
16549	ENSG00000063244	U2AF2
16550	ENSG00000185792	NLRP9
16551	ENSG00000223638	RFPL4A
16552	ENSG00000229292	RFPL4AL1
16553	ENSG00000179873	NLRP11
16554	ENSG00000160505	NLRP4
16555	ENSG00000173572	NLRP13
16556	ENSG00000179709	NLRP8
16557	ENSG00000171487	NLRP5
16558	ENSG00000142409	ZNF787
16559	ENSG00000167685	ZNF444
16560	ENSG00000197487	GALP
16561	ENSG00000197213	ZSCAN5B
16562	ENSG00000131848	ZSCAN5A
16563	ENSG00000267710	EDDM13
16564	ENSG00000018869	ZNF582
16565	ENSG00000198440	ZNF583
16566	ENSG00000198046	ZNF667
16567	ENSG00000196263	ZNF471
16568	ENSG00000196867	ZFP28
16569	ENSG00000197016	ZNF470
16570	ENSG00000197951	ZNF71
16571	ENSG00000268182	SMIM17
16572	ENSG00000127903	ZNF835
16573	ENSG00000269699	ZIM2
16574	ENSG00000198300	PEG3
16575	ENSG00000131864	USP29
16576	ENSG00000141946	ZIM3
16577	ENSG00000258873	DUXA
16578	ENSG00000083844	ZNF264
16579	ENSG00000105146	AURKC
16580	ENSG00000204524	ZNF805
16581	ENSG00000197714	ZNF460
16582	ENSG00000178229	ZNF543
16583	ENSG00000131845	ZNF304
16584	ENSG00000152433	ZNF547
16585	ENSG00000256060	TRAPPC2B
16586	ENSG00000188785	ZNF548
16587	ENSG00000186272	ZNF17
16588	ENSG00000186230	ZNF749
16589	ENSG00000178201	VN1R1
16590	ENSG00000197128	ZNF772
16591	ENSG00000105136	ZNF419
16592	ENSG00000152439	ZNF773
16593	ENSG00000121406	ZNF549
16594	ENSG00000251369	ZNF550
16595	ENSG00000083817	ZNF416
16596	ENSG00000171649	ZIK1
16597	ENSG00000183647	ZNF530
16598	ENSG00000213762	ZNF134
16599	ENSG00000121417	ZNF211
16600	ENSG00000180532	ZSCAN4
16601	ENSG00000204519	ZNF551
16602	ENSG00000179909	ZNF154
16603	ENSG00000083814	ZNF671
16604	ENSG00000152443	ZNF776
16605	ENSG00000083828	ZNF586
16606	ENSG00000178935	ZNF552
16607	ENSG00000269343	ZNF587B
16608	ENSG00000204514	ZNF814
16609	ENSG00000198466	ZNF587
16610	ENSG00000173480	ZNF417
16611	ENSG00000196724	ZNF418
16612	ENSG00000152454	ZNF256
16613	ENSG00000177025	C19orf18
16614	ENSG00000166704	ZNF606
16615	ENSG00000152467	ZSCAN1
16616	ENSG00000176293	ZNF135
16617	ENSG00000121413	ZSCAN18
16618	ENSG00000181894	ZNF329
16619	ENSG00000171606	ZNF274
16620	ENSG00000198131	ZNF544
16621	ENSG00000278129	ZNF8
16622	ENSG00000142396	ERVK3-1
16623	ENSG00000182318	ZSCAN22
16624	ENSG00000121410	A1BG
16625	ENSG00000174586	ZNF497
16626	ENSG00000152475	ZNF837
16627	ENSG00000083845	RPS5
16628	ENSG00000171574	ZNF584
16629	ENSG00000131849	ZNF132
16630	ENSG00000249471	ZNF324B
16631	ENSG00000083812	ZNF324
16632	ENSG00000083838	ZNF446
16633	ENSG00000083807	SLC27A5
16634	ENSG00000119574	ZBTB45
16635	ENSG00000130726	TRIM28
16636	ENSG00000130724	CHMP2A
16637	ENSG00000130725	UBE2M
16638	ENSG00000099326	MZF1
16639	ENSG00000178591	DEFB125
16640	ENSG00000125788	DEFB126
16641	ENSG00000088782	DEFB127
16642	ENSG00000185982	DEFB128
16643	ENSG00000125903	DEFB129
16644	ENSG00000186458	DEFB132
16645	ENSG00000196476	C20orf96
16646	ENSG00000247315	ZCCHC3
16647	ENSG00000177732	SOX12
16648	ENSG00000125841	NRSN2
16649	ENSG00000101255	TRIB3
16650	ENSG00000125826	RBCK1
16651	ENSG00000125875	TBC1D20
16652	ENSG00000125878	TCF15
16653	ENSG00000271303	SRXN1
16654	ENSG00000215397	SCRT2
16655	ENSG00000101276	SLC52A3
16656	ENSG00000125898	FAM110A
16657	ENSG00000101280	ANGPT4
16658	ENSG00000101282	RSPO4
16659	ENSG00000125818	PSMF1
16660	ENSG00000125895	TMEM74B
16661	ENSG00000215595	C20orf202
16662	ENSG00000244588	RAD21L1
16663	ENSG00000101298	SNPH
16664	ENSG00000125775	SDCBP2
16665	ENSG00000088832	FKBP1A
16666	ENSG00000088833	NSFL1C
16667	ENSG00000196209	SIRPB2
16668	ENSG00000125900	SIRPD
16669	ENSG00000101307	SIRPB1
16670	ENSG00000089012	SIRPG
16671	ENSG00000198053	SIRPA
16672	ENSG00000101327	PDYN
16673	ENSG00000125834	STK35
16674	ENSG00000125780	TGM3
16675	ENSG00000166948	TGM6
16676	ENSG00000125835	SNRPB
16677	ENSG00000088876	ZNF343
16678	ENSG00000149488	TMC2
16679	ENSG00000101361	NOP56
16680	ENSG00000101365	IDH3B
16681	ENSG00000088881	EBF4
16682	ENSG00000088882	CPXM1
16683	ENSG00000258713	C20orf141
16684	ENSG00000198326	TMEM239
16685	ENSG00000132635	PCED1A
16686	ENSG00000215305	VPS16
16687	ENSG00000132670	PTPRA
16688	ENSG00000125901	MRPS26
16689	ENSG00000101405	OXT
16690	ENSG00000101200	AVP
16691	ENSG00000185019	UBOX5
16692	ENSG00000215251	FASTKD5
16693	ENSG00000088899	LZTS3
16694	ENSG00000198171	DDRGK1
16695	ENSG00000125877	ITPA
16696	ENSG00000088836	SLC4A11
16697	ENSG00000088854	DNAAF9
16698	ENSG00000088812	ATRN
16699	ENSG00000125861	GFRA4
16700	ENSG00000149451	ADAM33
16701	ENSG00000088827	SIGLEC1
16702	ENSG00000132622	HSPA12B
16703	ENSG00000101220	C20orf27
16704	ENSG00000101222	SPEF1
16705	ENSG00000125817	CENPB
16706	ENSG00000101224	CDC25B
16707	ENSG00000125843	AP5S1
16708	ENSG00000088888	MAVS
16709	ENSG00000125779	PANK2
16710	ENSG00000101236	RNF24
16711	ENSG00000088826	SMOX
16712	ENSG00000171873	ADRA1D
16713	ENSG00000171867	PRNP
16714	ENSG00000171864	PRND
16715	ENSG00000101265	RASSF2
16716	ENSG00000089057	SLC23A2
16717	ENSG00000089063	TMEM230
16718	ENSG00000132646	PCNA
16719	ENSG00000101290	CDS2
16720	ENSG00000101292	PROKR2
16721	ENSG00000125772	GPCPD1
16722	ENSG00000171984	SHLD1
16723	ENSG00000089199	CHGB
16724	ENSG00000089195	TRMT6
16725	ENSG00000125885	MCM8
16726	ENSG00000088766	CRLS1
16727	ENSG00000125872	LRRN4
16728	ENSG00000101311	FERMT1
16729	ENSG00000125845	BMP2
16730	ENSG00000101323	HAO1
16731	ENSG00000125827	TMX4
16732	ENSG00000182621	PLCB1
16733	ENSG00000101333	PLCB4
16734	ENSG00000125869	LAMP5
16735	ENSG00000101349	PAK5
16736	ENSG00000132623	ANKEF1
16737	ENSG00000132639	SNAP25
16738	ENSG00000125863	MKKS
16739	ENSG00000149346	SLX4IP
16740	ENSG00000101384	JAG1
16741	ENSG00000132640	BTBD3
16742	ENSG00000172296	SPTLC3
16743	ENSG00000101230	ISM1
16744	ENSG00000089123	TASP1
16745	ENSG00000089048	ESF1
16746	ENSG00000101247	NDUFAF5
16747	ENSG00000101251	SEL1L2
16748	ENSG00000172264	MACROD2
16749	ENSG00000125848	FLRT3
16750	ENSG00000089177	KIF16B
16751	ENSG00000125870	SNRPB2
16752	ENSG00000125879	OTOR
16753	ENSG00000125851	PCSK2
16754	ENSG00000125864	BFSP1
16755	ENSG00000125868	DSTN
16756	ENSG00000125844	RRBP1
16757	ENSG00000125888	BANF2
16758	ENSG00000089006	SNX5
16759	ENSG00000125850	OVOL2
16760	ENSG00000125871	MGME1
16761	ENSG00000149474	KAT14
16762	ENSG00000232838	PET117
16763	ENSG00000125846	ZNF133
16764	ENSG00000089091	DZANK1
16765	ENSG00000132664	POLR3F
16766	ENSG00000089050	RBBP9
16767	ENSG00000101310	SEC23B
16768	ENSG00000232388	SMIM26
16769	ENSG00000125821	DTD1
16770	ENSG00000132631	SCP2D1
16771	ENSG00000185052	SLC24A3
16772	ENSG00000132669	RIN2
16773	ENSG00000173418	NAA20
16774	ENSG00000101343	CRNKL1
16775	ENSG00000089101	CFAP61
16776	ENSG00000173404	INSM1
16777	ENSG00000188559	RALGAPA2
16778	ENSG00000088970	KIZ
16779	ENSG00000088930	XRN2
16780	ENSG00000125816	NKX2-4
16781	ENSG00000125820	NKX2-2
16782	ENSG00000125813	PAX1
16783	ENSG00000125798	FOXA2
16784	ENSG00000132671	SSTR4
16785	ENSG00000178726	THBD
16786	ENSG00000125810	CD93
16787	ENSG00000132661	NXT1
16788	ENSG00000125812	GZF1
16789	ENSG00000125814	NAPB
16790	ENSG00000125823	CSTL1
16791	ENSG00000125831	CST11
16792	ENSG00000125815	CST8
16793	ENSG00000101435	CST9L
16794	ENSG00000173335	CST9
16795	ENSG00000101439	CST3
16796	ENSG00000101441	CST4
16797	ENSG00000170373	CST1
16798	ENSG00000170369	CST2
16799	ENSG00000170367	CST5
16800	ENSG00000149435	GGTLC1
16801	ENSG00000101463	SYNDIG1
16802	ENSG00000077984	CST7
16803	ENSG00000101474	APMAP
16804	ENSG00000154930	ACSS1
16805	ENSG00000100987	VSX1
16806	ENSG00000197586	ENTPD6
16807	ENSG00000100994	PYGB
16808	ENSG00000100997	ABHD12
16809	ENSG00000101003	GINS1
16810	ENSG00000101004	NINL
16811	ENSG00000170191	NANP
16812	ENSG00000130684	ZNF337
16813	ENSG00000131068	DEFB118
16814	ENSG00000180483	DEFB119
16815	ENSG00000204548	DEFB121
16816	ENSG00000180424	DEFB123
16817	ENSG00000180383	DEFB124
16818	ENSG00000088320	REM1
16819	ENSG00000101294	HM13
16821	ENSG00000125968	ID1
16822	ENSG00000131055	COX4I2
16823	ENSG00000171552	BCL2L1
16824	ENSG00000088325	TPX2
16825	ENSG00000101306	MYLK2
16826	ENSG00000179772	FOXS1
16827	ENSG00000149599	DUSP15
16828	ENSG00000131044	TTLL9
16829	ENSG00000088356	PDRG1
16830	ENSG00000260903	XKR7
16831	ENSG00000101331	CCM2L
16832	ENSG00000101336	HCK
16833	ENSG00000101337	TM9SF4
16834	ENSG00000126003	PLAGL2
16835	ENSG00000101346	POFUT1
16836	ENSG00000101350	KIF3B
16837	ENSG00000171456	ASXL1
16838	ENSG00000197183	NOL4L
16840	ENSG00000149600	COMMD7
16841	ENSG00000088305	DNMT3B
16842	ENSG00000101367	MAPRE1
16843	ENSG00000215529	EFCAB8
16844	ENSG00000167098	SUN5
16845	ENSG00000078898	BPIFB2
16846	ENSG00000186190	BPIFB3
16847	ENSG00000186191	BPIFB4
16848	ENSG00000131050	BPIFA2
16849	ENSG00000131059	BPIFA3
16850	ENSG00000198183	BPIFA1
16851	ENSG00000125999	BPIFB1
16852	ENSG00000101391	CDK5RAP1
16853	ENSG00000101400	SNTA1
16854	ENSG00000078699	CBFA2T2
16855	ENSG00000125967	NECAB3
16856	ENSG00000149609	C20orf144
16858	ENSG00000101412	E2F1
16859	ENSG00000101417	PXMP4
16860	ENSG00000131061	ZNF341
16861	ENSG00000101421	CHMP4B
16862	ENSG00000125970	RALY
16863	ENSG00000125977	EIF2S2
16864	ENSG00000101440	ASIP
16865	ENSG00000101444	AHCY
16866	ENSG00000078747	ITCH
16867	ENSG00000125971	DYNLRB1
16868	ENSG00000101460	MAP1LC3A
16869	ENSG00000101464	PIGU
16870	ENSG00000198646	NCOA6
16871	ENSG00000078804	TP53INP2
16872	ENSG00000131067	GGT7
16873	ENSG00000131069	ACSS2
16874	ENSG00000100983	GSS
16875	ENSG00000078814	MYH7B
16876	ENSG00000100991	TRPC4AP
16877	ENSG00000088298	EDEM2
16878	ENSG00000101000	PROCR
16879	ENSG00000126005	MMP24OS
16880	ENSG00000125966	MMP24
16881	ENSG00000242372	EIF6
16882	ENSG00000125998	FAM83C
16883	ENSG00000101019	UQCC1
16884	ENSG00000125965	GDF5
16885	ENSG00000126001	CEP250
16886	ENSG00000125975	C20orf173
16887	ENSG00000125991	ERGIC3
16888	ENSG00000061656	SPAG4
16889	ENSG00000214078	CPNE1
16890	ENSG00000244462	RBM12
16891	ENSG00000244005	NFS1
16892	ENSG00000125995	ROMO1
16893	ENSG00000131051	RBM39
16894	ENSG00000025293	PHF20
16895	ENSG00000171222	SCAND1
16896	ENSG00000149646	CNBD2
16897	ENSG00000088367	EPB41L1
16898	ENSG00000131043	AAR2
16899	ENSG00000080845	DLGAP4
16900	ENSG00000101335	MYL9
16901	ENSG00000118707	TGIF2
16902	ENSG00000101084	RAB5IF
16903	ENSG00000101082	SLA2
16904	ENSG00000101079	NDRG3
16905	ENSG00000149636	DSN1
16906	ENSG00000149639	SOGA1
16907	ENSG00000101342	TLDC2
16908	ENSG00000101347	SAMHD1
16909	ENSG00000080839	RBL1
16910	ENSG00000101353	MROH8
16911	ENSG00000118705	RPN2
16912	ENSG00000118702	GHRH
16913	ENSG00000101363	MANBAL
16914	ENSG00000197122	SRC
16915	ENSG00000166619	BLCAP
16916	ENSG00000053438	NNAT
16917	ENSG00000132792	CTNNBL1
16918	ENSG00000132821	VSTM2L
16919	ENSG00000101407	TTI1
16920	ENSG00000101413	RPRD1B
16921	ENSG00000198959	TGM2
16922	ENSG00000149633	KIAA1755
16923	ENSG00000101425	BPI
16924	ENSG00000129988	LBP
16925	ENSG00000170471	RALGAPB
16926	ENSG00000182035	ADIG
16927	ENSG00000124143	ARHGAP40
16928	ENSG00000101438	SLC32A1
16929	ENSG00000101442	ACTR5
16930	ENSG00000101445	PPP1R16B
16931	ENSG00000101447	FAM83D
16932	ENSG00000101452	DHX35
16933	ENSG00000204103	MAFB
16934	ENSG00000198900	TOP1
16935	ENSG00000124181	PLCG1
16936	ENSG00000174306	ZHX3
16937	ENSG00000132793	LPIN3
16938	ENSG00000183798	EMILIN3
16939	ENSG00000124177	CHD6
16940	ENSG00000196090	PTPRT
16941	ENSG00000124193	SRSF6
16942	ENSG00000185513	L3MBTL1
16943	ENSG00000101049	SGK2
16944	ENSG00000101052	IFT52
16945	ENSG00000101057	MYBL2
16946	ENSG00000124196	GTSF1L
16947	ENSG00000124191	TOX2
16948	ENSG00000149596	JPH2
16949	ENSG00000132823	OSER1
16950	ENSG00000124194	GDAP1L1
16951	ENSG00000197296	FITM2
16952	ENSG00000101074	R3HDML
16953	ENSG00000101076	HNF4A
16954	ENSG00000124120	TTPAL
16955	ENSG00000132824	SERINC3
16956	ENSG00000168734	PKIG
16957	ENSG00000196839	ADA
16958	ENSG00000064205	CCN5
16959	ENSG00000124249	KCNK15
16960	ENSG00000101098	RIMS4
16961	ENSG00000166913	YWHAB
16962	ENSG00000101104	PABPC1L
16963	ENSG00000025772	TOMM34
16964	ENSG00000101109	STK4
16965	ENSG00000124134	KCNS1
16966	ENSG00000175121	WFDC5
16967	ENSG00000168703	WFDC12
16968	ENSG00000124102	PI3
16969	ENSG00000124233	SEMG1
16970	ENSG00000124157	SEMG2
16971	ENSG00000124107	SLPI
16972	ENSG00000124159	MATN4
16973	ENSG00000124232	RBPJL
16974	ENSG00000124145	SDC4
16975	ENSG00000204070	SYS1
16976	ENSG00000124251	TP53TG5
16977	ENSG00000244274	DBNDD2
16978	ENSG00000124155	PIGT
16979	ENSG00000101443	WFDC2
16980	ENSG00000101446	SPINT3
16981	ENSG00000243543	WFDC6
16982	ENSG00000101448	EPPIN
16983	ENSG00000158901	WFDC8
16984	ENSG00000180205	WFDC9
16985	ENSG00000180305	WFDC10A
16986	ENSG00000180083	WFDC11
16987	ENSG00000182931	WFDC10B
16988	ENSG00000168634	WFDC13
16989	ENSG00000149651	SPINT4
16990	ENSG00000124116	WFDC3
16991	ENSG00000101457	DNTTIP1
16992	ENSG00000175063	UBE2C
16993	ENSG00000101470	TNNC2
16994	ENSG00000124104	SNX21
16995	ENSG00000101473	ACOT8
16996	ENSG00000132801	ZSWIM3
16997	ENSG00000168612	ZSWIM1
16998	ENSG00000149634	SPATA25
16999	ENSG00000124257	NEURL2
17000	ENSG00000064601	CTSA
17001	ENSG00000100979	PLTP
17002	ENSG00000100982	PCIF1
17003	ENSG00000198026	ZNF335
17004	ENSG00000100985	MMP9
17005	ENSG00000124140	SLC12A5
17006	ENSG00000124160	NCOA5
17007	ENSG00000101017	CD40
17008	ENSG00000149654	CDH22
17009	ENSG00000080189	SLC35C2
17010	ENSG00000062598	ELMO2
17011	ENSG00000198185	ZNF334
17012	ENSG00000149635	OCSTAMP
17013	ENSG00000158296	SLC13A3
17014	ENSG00000172315	TP53RK
17015	ENSG00000197496	SLC2A10
17016	ENSG00000064655	EYA2
17017	ENSG00000101040	ZMYND8
17018	ENSG00000124151	NCOA3
17019	ENSG00000196562	SULF2
17020	ENSG00000124126	PREX1
17021	ENSG00000124198	ARFGEF2
17022	ENSG00000124207	CSE1L
17023	ENSG00000124214	STAU1
17024	ENSG00000124228	DDX27
17025	ENSG00000124201	ZNFX1
17026	ENSG00000158445	KCNB1
17027	ENSG00000124212	PTGIS
17028	ENSG00000158470	B4GALT5
17029	ENSG00000197818	SLC9A8
17030	ENSG00000158480	SPATA2
17031	ENSG00000124226	RNF114
17032	ENSG00000124216	SNAI1
17033	ENSG00000244687	UBE2V1
17034	ENSG00000240849	PEDS1
17035	ENSG00000172216	CEBPB
17036	ENSG00000196396	PTPN1
17037	ENSG00000042062	RIPOR3
17038	ENSG00000124171	PARD6B
17039	ENSG00000124243	BCAS4
17040	ENSG00000101126	ADNP
17041	ENSG00000000419	DPM1
17042	ENSG00000124217	MOCS3
17043	ENSG00000026559	KCNG1
17044	ENSG00000101096	NFATC2
17045	ENSG00000054793	ATP9A
17046	ENSG00000101115	SALL4
17047	ENSG00000020256	ZFP64
17048	ENSG00000182463	TSHZ2
17049	ENSG00000171940	ZNF217
17050	ENSG00000064787	BCAS1
17051	ENSG00000019186	CYP24A1
17052	ENSG00000101132	PFDN4
17053	ENSG00000101134	DOK5
17054	ENSG00000054803	CBLN4
17055	ENSG00000124098	FAM210B
17056	ENSG00000087586	AURKA
17057	ENSG00000101138	CSTF1
17058	ENSG00000087589	CASS4
17059	ENSG00000022277	RTF2
17060	ENSG00000124091	GCNT7
17061	ENSG00000124103	FAM209A
17062	ENSG00000213714	FAM209B
17063	ENSG00000087510	TFAP2C
17064	ENSG00000101144	BMP7
17065	ENSG00000054796	SPO11
17066	ENSG00000101146	RAE1
17067	ENSG00000256222	MTRNR2L3
17068	ENSG00000132819	RBM38
17070	ENSG00000124092	CTCFL
17071	ENSG00000124253	PCK1
17072	ENSG00000124256	ZBP1
17073	ENSG00000124225	PMEPA1
17074	ENSG00000124237	C20orf85
17075	ENSG00000124209	RAB22A
17076	ENSG00000124164	VAPB
17077	ENSG00000198768	APCDD1L
17078	ENSG00000124222	STX16
17079	ENSG00000215440	NPEPL1
17080	ENSG00000087460	GNAS
17081	ENSG00000101158	NELFCD
17082	ENSG00000101160	CTSZ
17083	ENSG00000101162	TUBB1
17084	ENSG00000124172	ATP5F1E
17085	ENSG00000101166	PRELID3B
17086	ENSG00000124203	ZNF831
17087	ENSG00000124205	EDN3
17088	ENSG00000087495	PHACTR3
17089	ENSG00000196074	SYCP2
17090	ENSG00000196227	FAM217B
17091	ENSG00000132825	PPP1R3D
17092	ENSG00000124215	CDH26
17093	ENSG00000179242	CDH4
17094	ENSG00000130699	TAF4
17095	ENSG00000149657	LSM14B
17096	ENSG00000101182	PSMA7
17097	ENSG00000184402	SS18L1
17098	ENSG00000101181	MTG2
17099	ENSG00000101180	HRH3
17100	ENSG00000130703	OSBPL2
17101	ENSG00000130706	ADRM1
17102	ENSG00000130702	LAMA5
17103	ENSG00000171858	RPS21
17104	ENSG00000149679	CABLES2
17105	ENSG00000130701	RBBP8NL
17106	ENSG00000130700	GATA5
17107	ENSG00000101187	SLCO4A1
17108	ENSG00000101188	NTSR1
17109	ENSG00000101189	MRGBP
17110	ENSG00000060491	OGFR
17111	ENSG00000092758	COL9A3
17112	ENSG00000101190	TCFL5
17113	ENSG00000101191	DIDO1
17114	ENSG00000101193	GID8
17115	ENSG00000101194	SLC17A9
17116	ENSG00000125533	BHLHE23
17117	ENSG00000149658	YTHDF1
17118	ENSG00000101197	BIRC7
17119	ENSG00000101198	NKAIN4
17120	ENSG00000101199	ARFGAP1
17121	ENSG00000101203	COL20A1
17122	ENSG00000101204	CHRNA4
17123	ENSG00000075043	KCNQ2
17124	ENSG00000101210	EEF1A2
17125	ENSG00000125534	PPDPF
17126	ENSG00000101213	PTK6
17127	ENSG00000125508	SRMS
17128	ENSG00000125531	FNDC11
17129	ENSG00000130589	HELZ2
17130	ENSG00000101216	GMEB2
17131	ENSG00000197457	STMN3
17132	ENSG00000258366	RTEL1
17133	ENSG00000243509	TNFRSF6B
17134	ENSG00000101246	ARFRP1
17135	ENSG00000197114	ZGPAT
17136	ENSG00000203896	LIME1
17137	ENSG00000125520	SLC2A4RG
17138	ENSG00000130584	ZBTB46
17139	ENSG00000101150	TPD52L2
17140	ENSG00000101152	DNAJC5
17141	ENSG00000198276	UCKL1
17142	ENSG00000196700	ZNF512B
17143	ENSG00000130590	SAMD10
17144	ENSG00000101161	PRPF6
17145	ENSG00000196421	C20orf204
17146	ENSG00000203883	SOX18
17147	ENSG00000171703	TCEA2
17148	ENSG00000171700	RGS19
17149	ENSG00000125510	OPRL1
17150	ENSG00000171695	LKAAEAR1
17151	ENSG00000196132	MYT1
17152	ENSG00000125522	NPBWR2
17153	ENSG00000203880	PCMTD2
17154	ENSG00000280071	GATD3B
17155	ENSG00000275993	SIK1B
17156	ENSG00000274276	CBSL
17157	ENSG00000275895	U2AF1L5
17158	ENSG00000276076	CRYAA2
17159	ENSG00000273590	SMIM11B
17160	ENSG00000277277	FAM243B
17161	ENSG00000278961	SMIM34B
17162	ENSG00000276289	KCNE1B
17163	ENSG00000274391	TPTE
17164	ENSG00000166351	POTED
17165	ENSG00000188992	LIPI
17166	ENSG00000185272	RBM11
17167	ENSG00000155304	HSPA13
17168	ENSG00000155307	SAMSN1
17169	ENSG00000180530	NRIP1
17170	ENSG00000155313	USP25
17171	ENSG00000154639	CXADR
17172	ENSG00000154640	BTG3
17173	ENSG00000154642	C21orf91
17174	ENSG00000154645	CHODL
17175	ENSG00000154646	TMPRSS15
17176	ENSG00000154654	NCAM2
17177	ENSG00000154719	MRPL39
17178	ENSG00000154721	JAM2
17179	ENSG00000154723	ATP5PF
17180	ENSG00000154727	GABPA
17181	ENSG00000142192	APP
17182	ENSG00000166265	CYYR1
17183	ENSG00000154734	ADAMTS1
17184	ENSG00000154736	ADAMTS5
17185	ENSG00000156239	N6AMT1
17186	ENSG00000198862	LTN1
17187	ENSG00000156253	RWDD2B
17188	ENSG00000156256	USP16
17189	ENSG00000156261	CCT8
17190	ENSG00000156265	MAP3K7CL
17191	ENSG00000156273	BACH1
17192	ENSG00000171189	GRIK1
17193	ENSG00000156282	CLDN17
17194	ENSG00000156284	CLDN8
17195	ENSG00000188694	KRTAP24-1
17197	ENSG00000197683	KRTAP26-1
17198	ENSG00000206107	KRTAP27-1
17199	ENSG00000182816	KRTAP13-2
17200	ENSG00000198390	KRTAP13-1
17201	ENSG00000240432	KRTAP13-3
17202	ENSG00000186971	KRTAP13-4
17203	ENSG00000186970	KRTAP15-1
17204	ENSG00000184351	KRTAP19-1
17206	ENSG00000244025	KRTAP19-3
17207	ENSG00000186967	KRTAP19-4
17208	ENSG00000186977	KRTAP19-5
17209	ENSG00000186925	KRTAP19-6
17210	ENSG00000244362	KRTAP19-7
17211	ENSG00000206106	KRTAP22-2
17212	ENSG00000212938	KRTAP6-3
17213	ENSG00000186930	KRTAP6-2
17215	ENSG00000184724	KRTAP6-1
17216	ENSG00000244624	KRTAP20-1
17217	ENSG00000206105	KRTAP20-4
17218	ENSG00000184032	KRTAP20-2
17220	ENSG00000231068	KRTAP21-3
17221	ENSG00000187026	KRTAP21-2
17222	ENSG00000187005	KRTAP21-1
17223	ENSG00000183640	KRTAP8-1
17224	ENSG00000274749	KRTAP7-1
17225	ENSG00000182591	KRTAP11-1
17226	ENSG00000206102	KRTAP19-8
17227	ENSG00000156299	TIAM1
17228	ENSG00000142168	SOD1
17229	ENSG00000156304	SCAF4
17230	ENSG00000142149	HUNK
17231	ENSG00000159055	MIS18A
17232	ENSG00000170262	MRAP
17233	ENSG00000142207	URB1
17234	ENSG00000166979	EVA1C
17235	ENSG00000242220	TCP10L
17236	ENSG00000159079	CFAP298
17237	ENSG00000159082	SYNJ1
17238	ENSG00000159086	PAXBP1
17239	ENSG00000205929	C21orf62
17240	ENSG00000205927	OLIG2
17241	ENSG00000184221	OLIG1
17242	ENSG00000159110	IFNAR2
17243	ENSG00000243646	IL10RB
17244	ENSG00000142166	IFNAR1
17245	ENSG00000159128	IFNGR2
17246	ENSG00000142188	TMEM50B
17247	ENSG00000177692	DNAJC28
17248	ENSG00000159131	GART
17249	ENSG00000159140	SON
17250	ENSG00000159147	DONSON
17251	ENSG00000205758	CRYZL1
17252	ENSG00000241837	ATP5PO
17253	ENSG00000243927	MRPS6
17254	ENSG00000198743	SLC5A3
17255	ENSG00000159197	KCNE2
17256	ENSG00000205670	SMIM11A
17257	ENSG00000222018	FAM243A
17258	ENSG00000243627	SMIM34A
17259	ENSG00000180509	KCNE1
17260	ENSG00000159200	RCAN1
17261	ENSG00000159212	CLIC6
17262	ENSG00000159216	RUNX1
17263	ENSG00000185917	SETD4
17264	ENSG00000159228	CBR1
17265	ENSG00000159231	CBR3
17266	ENSG00000142197	DOP1B
17267	ENSG00000159256	MORC3
17268	ENSG00000159259	CHAF1B
17269	ENSG00000159261	CLDN14
17270	ENSG00000159263	SIM2
17271	ENSG00000159267	HLCS
17272	ENSG00000183145	RIPPLY3
17273	ENSG00000185808	PIGP
17274	ENSG00000182670	TTC3
17275	ENSG00000157538	VPS26C
17276	ENSG00000157551	KCNJ15
17277	ENSG00000157554	ERG
17278	ENSG00000157557	ETS2
17279	ENSG00000183527	PSMG1
17280	ENSG00000205581	HMGN1
17281	ENSG00000182093	GET1
17282	ENSG00000157578	LCA5L
17283	ENSG00000185437	SH3BGR
17284	ENSG00000183067	IGSF5
17285	ENSG00000183036	PCP4
17286	ENSG00000171587	DSCAM
17287	ENSG00000182240	BACE2
17288	ENSG00000183844	FAM3B
17289	ENSG00000183486	MX2
17290	ENSG00000157601	MX1
17291	ENSG00000184012	TMPRSS2
17292	ENSG00000183421	RIPK4
17293	ENSG00000141956	PRDM15
17294	ENSG00000157617	C2CD2
17295	ENSG00000173276	ZBTB21
17296	ENSG00000177398	UMODL1
17297	ENSG00000160179	ABCG1
17298	ENSG00000160180	TFF3
17299	ENSG00000160181	TFF2
17300	ENSG00000160182	TFF1
17301	ENSG00000160183	TMPRSS3
17302	ENSG00000160185	UBASH3A
17303	ENSG00000160188	RSPH1
17304	ENSG00000160190	SLC37A1
17305	ENSG00000160191	PDE9A
17306	ENSG00000160193	WDR4
17307	ENSG00000160194	NDUFV3
17309	ENSG00000160199	PKNOX1
17310	ENSG00000160200	CBS
17311	ENSG00000160201	U2AF1
17312	ENSG00000160202	CRYAA
17313	ENSG00000142178	SIK1
17314	ENSG00000160207	HSF2BP
17315	ENSG00000234289	H2BS1
17316	ENSG00000160208	RRP1B
17317	ENSG00000160209	PDXK
17318	ENSG00000160213	CSTB
17319	ENSG00000160214	RRP1
17320	ENSG00000160216	AGPAT3
17321	ENSG00000160218	TRAPPC10
17322	ENSG00000241945	PWP2
17323	ENSG00000160221	GATD3A
17324	ENSG00000160223	ICOSLG
17325	ENSG00000142182	DNMT3L
17326	ENSG00000160224	AIRE
17327	ENSG00000141959	PFKL
17328	ENSG00000160226	CFAP410
17329	ENSG00000142185	TRPM2
17330	ENSG00000160233	LRRC3
17331	ENSG00000175894	TSPEAR
17332	ENSG00000215455	KRTAP10-1
17333	ENSG00000205445	KRTAP10-2
17334	ENSG00000212935	KRTAP10-3
17335	ENSG00000215454	KRTAP10-4
17336	ENSG00000241123	KRTAP10-5
17337	ENSG00000188155	KRTAP10-6
17338	ENSG00000272804	KRTAP10-7
17339	ENSG00000187766	KRTAP10-8
17340	ENSG00000221837	KRTAP10-9
17341	ENSG00000221859	KRTAP10-10
17342	ENSG00000243489	KRTAP10-11
17343	ENSG00000212933	KRTAP12-4
17344	ENSG00000205439	KRTAP12-3
17345	ENSG00000221864	KRTAP12-2
17346	ENSG00000187175	KRTAP12-1
17347	ENSG00000189169	KRTAP10-12
17348	ENSG00000184787	UBE2G2
17349	ENSG00000184900	SUMO3
17350	ENSG00000183255	PTTG1IP
17351	ENSG00000160255	ITGB2
17352	ENSG00000160256	SLX9
17353	ENSG00000197381	ADARB1
17354	ENSG00000186866	POFUT2
17355	ENSG00000182871	COL18A1
17356	ENSG00000173638	SLC19A1
17357	ENSG00000183570	PCBP3
17358	ENSG00000142156	COL6A1
17359	ENSG00000142173	COL6A2
17360	ENSG00000160282	FTCD
17361	ENSG00000160284	SPATC1L
17362	ENSG00000160285	LSS
17363	ENSG00000160294	MCM3AP
17364	ENSG00000182362	YBEY
17365	ENSG00000160298	C21orf58
17366	ENSG00000160299	PCNT
17367	ENSG00000160305	DIP2A
17368	ENSG00000160307	S100B
17369	ENSG00000160310	PRMT2
17370	ENSG00000198062	POTEH
17371	ENSG00000198445	CCT8L2
17372	ENSG00000172967	XKR3
17373	ENSG00000215568	GAB4
17374	ENSG00000177663	IL17RA
17375	ENSG00000183307	TMEM121B
17376	ENSG00000069998	HDHD5
17377	ENSG00000093072	ADA2
17378	ENSG00000099954	CECR2
17379	ENSG00000182902	SLC25A18
17380	ENSG00000131100	ATP6V1E1
17381	ENSG00000099968	BCL2L13
17382	ENSG00000015475	BID
17383	ENSG00000243156	MICAL3
17384	ENSG00000183785	TUBA8
17385	ENSG00000184979	USP18
17386	ENSG00000274252	GGTLC3
17387	ENSG00000278558	TMEM191B
17388	ENSG00000275793	RIMBP3
17389	ENSG00000183628	DGCR6
17390	ENSG00000100033	PRODH
17391	ENSG00000070413	DGCR2
17392	ENSG00000100056	ESS2
17393	ENSG00000063515	GSC2
17394	ENSG00000100075	SLC25A1
17395	ENSG00000070371	CLTCL1
17396	ENSG00000100084	HIRA
17397	ENSG00000242259	C22orf39
17398	ENSG00000185608	MRPL40
17399	ENSG00000070010	UFD1
17400	ENSG00000093009	CDC45
17401	ENSG00000184113	CLDN5
17402	ENSG00000184702	SEPTIN5
17403	ENSG00000203618	GP1BB
17404	ENSG00000184058	TBX1
17405	ENSG00000185838	GNB1L
17406	ENSG00000215012	RTL10
17407	ENSG00000184470	TXNRD2
17408	ENSG00000093010	COMT
17409	ENSG00000099889	ARVCF
17410	ENSG00000183597	TANGO2
17411	ENSG00000128191	DGCR8
17412	ENSG00000099899	TRMT2A
17413	ENSG00000099901	RANBP1
17414	ENSG00000099904	ZDHHC8
17415	ENSG00000234409	CCDC188
17416	ENSG00000040608	RTN4R
17417	ENSG00000128185	DGCR6L
17418	ENSG00000185252	ZNF74
17419	ENSG00000244486	SCARF2
17420	ENSG00000099910	KLHL22
17421	ENSG00000099917	MED15
17422	ENSG00000241973	PI4KA
17423	ENSG00000099937	SERPIND1
17424	ENSG00000099940	SNAP29
17425	ENSG00000099942	CRKL
17426	ENSG00000183773	AIFM3
17427	ENSG00000099949	LZTR1
17428	ENSG00000184436	THAP7
17429	ENSG00000099957	P2RX6
17430	ENSG00000099960	SLC7A4
17431	ENSG00000133475	GGT2
17432	ENSG00000274600	RIMBP3B
17433	ENSG00000169635	HIC2
17434	ENSG00000206140	TMEM191C
17435	ENSG00000183246	RIMBP3C
17436	ENSG00000185651	UBE2L3
17437	ENSG00000161179	YDJC
17438	ENSG00000161180	CCDC116
17439	ENSG00000128228	SDF2L1
17440	ENSG00000100023	PPIL2
17441	ENSG00000100027	YPEL1
17442	ENSG00000100030	MAPK1
17443	ENSG00000100034	PPM1F
17444	ENSG00000100038	TOP3B
17445	ENSG00000169575	VPREB1
17446	ENSG00000275004	ZNF280B
17447	ENSG00000169548	ZNF280A
17448	ENSG00000185686	PRAME
17449	ENSG00000100121	GGTLC2
17450	ENSG00000100218	RSPH14
17451	ENSG00000128266	GNAZ
17452	ENSG00000100228	RAB36
17453	ENSG00000186716	BCR
17454	ENSG00000128322	IGLL1
17455	ENSG00000189269	DRICH1
17456	ENSG00000159496	RGL4
17457	ENSG00000187792	ZNF70
17458	ENSG00000128218	VPREB3
17459	ENSG00000169314	C22orf15
17460	ENSG00000250479	CHCHD10
17461	ENSG00000099953	MMP11
17462	ENSG00000099956	SMARCB1
17463	ENSG00000099958	DERL3
17464	ENSG00000133460	SLC2A11
17465	ENSG00000240972	MIF
17466	ENSG00000133433	GSTT2B
17467	ENSG00000099974	DDTL
17468	ENSG00000099977	DDT
17471	ENSG00000099991	CABIN1
17472	ENSG00000099994	SUSD2
17473	ENSG00000099998	GGT5
17474	ENSG00000100014	SPECC1L
17475	ENSG00000128271	ADORA2A
17476	ENSG00000100024	UPB1
17477	ENSG00000138867	GUCD1
17478	ENSG00000100028	SNRPD3
17479	ENSG00000178026	LRRC75B
17480	ENSG00000100031	GGT1
17481	ENSG00000184571	PIWIL3
17482	ENSG00000167037	SGSM1
17483	ENSG00000206069	TMEM211
17484	ENSG00000197077	KIAA1671
17485	ENSG00000100053	CRYBB3
17486	ENSG00000244752	CRYBB2
17487	ENSG00000100077	GRK3
17488	ENSG00000133454	MYO18B
17489	ENSG00000100095	SEZ6L
17490	ENSG00000128203	ASPHD2
17491	ENSG00000100099	HPS4
17492	ENSG00000100104	SRRD
17493	ENSG00000100109	TFIP11
17494	ENSG00000128294	TPST2
17495	ENSG00000100122	CRYBB1
17496	ENSG00000196431	CRYBA4
17497	ENSG00000169184	MN1
17498	ENSG00000180957	PITPNB
17499	ENSG00000100154	TTC28
17500	ENSG00000183765	CHEK2
17501	ENSG00000100209	HSCB
17502	ENSG00000159873	CCDC117
17503	ENSG00000100219	XBP1
17504	ENSG00000183579	ZNRF3
17505	ENSG00000100249	C22orf31
17506	ENSG00000183762	KREMEN1
17507	ENSG00000186998	EMID1
17508	ENSG00000100263	RHBDD3
17509	ENSG00000182944	EWSR1
17510	ENSG00000185340	GAS2L1
17511	ENSG00000100276	RASL10A
17512	ENSG00000100280	AP1B1
17513	ENSG00000128250	RFPL1
17514	ENSG00000100285	NEFH
17515	ENSG00000100296	THOC5
17516	ENSG00000184117	NIPSNAP1
17517	ENSG00000186575	NF2
17518	ENSG00000100314	CABP7
17519	ENSG00000100319	ZMAT5
17520	ENSG00000184076	UQCR10
17521	ENSG00000100325	ASCC2
17522	ENSG00000100330	MTMR3
17523	ENSG00000176635	HORMAD2
17524	ENSG00000128342	LIF
17525	ENSG00000099985	OSM
17526	ENSG00000239282	CASTOR1
17527	ENSG00000099992	TBC1D10A
17528	ENSG00000099995	SF3A1
17529	ENSG00000187860	CCDC157
17530	ENSG00000099999	RNF215
17531	ENSG00000100003	SEC14L2
17532	ENSG00000242114	MTFP1
17533	ENSG00000100012	SEC14L3
17534	ENSG00000133488	SEC14L4
17535	ENSG00000214491	SEC14L6
17536	ENSG00000128242	GAL3ST1
17537	ENSG00000100029	PES1
17538	ENSG00000185339	TCN2
17539	ENSG00000100036	SLC35E4
17540	ENSG00000167065	DUSP18
17541	ENSG00000184792	OSBP2
17542	ENSG00000133422	MORC2
17544	ENSG00000183963	SMTN
17545	ENSG00000198832	SELENOM
17546	ENSG00000185133	INPP5J
17547	ENSG00000100078	PLA2G3
17548	ENSG00000138942	RNF185
17549	ENSG00000182541	LIMK2
17550	ENSG00000100100	PIK3IP1
17551	ENSG00000100105	PATZ1
17552	ENSG00000185721	DRG1
17553	ENSG00000184708	EIF4ENIF1
17554	ENSG00000198089	SFI1
17555	ENSG00000241878	PISD
17556	ENSG00000183530	PRR14L
17557	ENSG00000100150	DEPDC5
17558	ENSG00000128245	YWHAH
17559	ENSG00000100170	SLC5A1
17560	ENSG00000205856	C22orf42
17561	ENSG00000128253	RFPL2
17562	ENSG00000100191	SLC5A4
17563	ENSG00000128276	RFPL3
17564	ENSG00000100220	RTCB
17565	ENSG00000184459	BPIFC
17566	ENSG00000100225	FBXO7
17567	ENSG00000185666	SYN3
17568	ENSG00000100234	TIMP3
17569	ENSG00000133424	LARGE1
17570	ENSG00000175329	ISX
17571	ENSG00000100281	HMGXB4
17572	ENSG00000100284	TOM1
17573	ENSG00000100292	HMOX1
17574	ENSG00000100297	MCM5
17575	ENSG00000100302	RASD2
17576	ENSG00000198125	MB
17577	ENSG00000221963	APOL6
17578	ENSG00000128313	APOL5
17579	ENSG00000100320	RBFOX2
17580	ENSG00000128284	APOL3
17581	ENSG00000100336	APOL4
17582	ENSG00000128335	APOL2
17583	ENSG00000100342	APOL1
17584	ENSG00000100345	MYH9
17585	ENSG00000100348	TXN2
17586	ENSG00000100350	FOXRED2
17587	ENSG00000100353	EIF3D
17588	ENSG00000166862	CACNG2
17589	ENSG00000100360	IFT27
17590	ENSG00000100362	PVALB
17591	ENSG00000100365	NCF4
17592	ENSG00000100368	CSF2RB
17593	ENSG00000185264	TEX33
17594	ENSG00000128311	TST
17595	ENSG00000128309	MPST
17596	ENSG00000100379	KCTD17
17597	ENSG00000187045	TMPRSS6
17598	ENSG00000100385	IL2RB
17599	ENSG00000133466	C1QTNF6
17600	ENSG00000278195	SSTR3
17601	ENSG00000128340	RAC2
17602	ENSG00000100055	CYTH4
17603	ENSG00000166897	ELFN2
17604	ENSG00000100060	MFNG
17605	ENSG00000100065	CARD10
17606	ENSG00000128283	CDC42EP1
17607	ENSG00000100083	GGA1
17608	ENSG00000100092	SH3BP1
17609	ENSG00000241360	PDXP
17610	ENSG00000100097	LGALS1
17611	ENSG00000273899	NOL12
17612	ENSG00000100106	TRIOBP
17613	ENSG00000189060	H1-0
17614	ENSG00000100116	GCAT
17615	ENSG00000100124	ANKRD54
17616	ENSG00000100129	EIF3L
17617	ENSG00000100139	MICALL1
17618	ENSG00000128346	C22orf23
17619	ENSG00000100142	POLR2F
17620	ENSG00000100146	SOX10
17621	ENSG00000100151	PICK1
17622	ENSG00000100156	SLC16A8
17623	ENSG00000128298	BAIAP2L2
17624	ENSG00000184381	PLA2G6
17625	ENSG00000185022	MAFF
17626	ENSG00000198792	TMEM184B
17627	ENSG00000213923	CSNK1E
17628	ENSG00000168135	KCNJ4
17629	ENSG00000100196	KDELR3
17630	ENSG00000100201	DDX17
17631	ENSG00000100206	DMC1
17632	ENSG00000184949	FAM227A
17633	ENSG00000100211	CBY1
17634	ENSG00000100216	TOMM22
17635	ENSG00000100221	JOSD1
17636	ENSG00000100226	GTPBP1
17637	ENSG00000100242	SUN2
17638	ENSG00000100246	DNAL4
17639	ENSG00000221890	NPTXR
17640	ENSG00000183741	CBX6
17641	ENSG00000128383	APOBEC3A
17642	ENSG00000179750	APOBEC3B
17643	ENSG00000244509	APOBEC3C
17644	ENSG00000243811	APOBEC3D
17645	ENSG00000128394	APOBEC3F
17646	ENSG00000239713	APOBEC3G
17647	ENSG00000100298	APOBEC3H
17648	ENSG00000100307	CBX7
17649	ENSG00000100311	PDGFB
17650	ENSG00000100316	RPL3
17651	ENSG00000100321	SYNGR1
17652	ENSG00000100324	TAB1
17653	ENSG00000128268	MGAT3
17654	ENSG00000100335	MIEF1
17655	ENSG00000128272	ATF4
17656	ENSG00000187051	RPS19BP1
17657	ENSG00000100346	CACNA1I
17658	ENSG00000176177	ENTHD1
17659	ENSG00000100351	GRAP2
17660	ENSG00000239900	ADSL
17661	ENSG00000100359	SGSM3
17662	ENSG00000196588	MRTFA
17663	ENSG00000128285	MCHR1
17664	ENSG00000100372	SLC25A17
17665	ENSG00000100380	ST13
17666	ENSG00000196236	XPNPEP3
17667	ENSG00000172404	DNAJB7
17668	ENSG00000100387	RBX1
17669	ENSG00000100393	EP300
17670	ENSG00000100395	L3MBTL2
17671	ENSG00000100399	CHADL
17672	ENSG00000100401	RANGAP1
17673	ENSG00000100403	ZC3H7B
17674	ENSG00000167074	TEF
17675	ENSG00000183864	TOB2
17676	ENSG00000100412	ACO2
17677	ENSG00000100410	PHF5A
17678	ENSG00000100413	POLR3H
17679	ENSG00000172346	CSDC2
17680	ENSG00000100417	PMM1
17681	ENSG00000100418	DESI1
17682	ENSG00000196419	XRCC6
17683	ENSG00000100138	SNU13
17684	ENSG00000167077	MEI1
17685	ENSG00000100147	CCDC134
17686	ENSG00000198911	SREBF2
17687	ENSG00000234965	SHISA8
17688	ENSG00000159958	TNFRSF13C
17689	ENSG00000100162	CENPM
17691	ENSG00000100167	SEPTIN3
17692	ENSG00000183066	WBP2NL
17693	ENSG00000198951	NAGA
17694	ENSG00000177096	PHETA2
17695	ENSG00000183172	SMDT1
17696	ENSG00000184983	NDUFA6
17697	ENSG00000100197	CYP2D6
17698	ENSG00000100207	TCF20
17699	ENSG00000235568	NFAM1
17700	ENSG00000189306	RRP7A
17701	ENSG00000183569	SERHL2
17702	ENSG00000100227	POLDIP3
17703	ENSG00000100243	CYB5R3
17704	ENSG00000249222	ATP5MGL
17705	ENSG00000128274	A4GALT
17706	ENSG00000242247	ARFGAP3
17707	ENSG00000100266	PACSIN2
17708	ENSG00000100271	TTLL1
17709	ENSG00000100290	BIK
17710	ENSG00000100294	MCAT
17711	ENSG00000100300	TSPO
17712	ENSG00000100304	TTLL12
17713	ENSG00000159307	SCUBE1
17714	ENSG00000186732	MPPED1
17715	ENSG00000186976	EFCAB6
17716	ENSG00000130540	SULT4A1
17717	ENSG00000100341	PNPLA5
17718	ENSG00000100344	PNPLA3
17719	ENSG00000100347	SAMM50
17720	ENSG00000188677	PARVB
17721	ENSG00000138964	PARVG
17722	ENSG00000138944	SHISAL1
17723	ENSG00000188636	RTL6
17724	ENSG00000186654	PRR5
17725	ENSG00000241484	ARHGAP8
17726	ENSG00000056487	PHF21B
17727	ENSG00000093000	NUP50
17728	ENSG00000100364	KIAA0930
17729	ENSG00000100373	UPK3A
17730	ENSG00000100376	FAM118A
17731	ENSG00000077935	SMC1B
17732	ENSG00000128408	RIBC2
17733	ENSG00000077942	FBLN1
17734	ENSG00000130638	ATXN10
17735	ENSG00000188064	WNT7B
17736	ENSG00000186951	PPARA
17737	ENSG00000205643	CDPF1
17738	ENSG00000130943	PKDREJ
17739	ENSG00000075234	TTC38
17740	ENSG00000075218	GTSE1
17741	ENSG00000100416	TRMU
17742	ENSG00000075275	CELSR1
17743	ENSG00000075240	GRAMD4
17744	ENSG00000100422	CERK
17745	ENSG00000054611	TBC1D22A
17746	ENSG00000219438	TAFA5
17747	ENSG00000100425	BRD1
17748	ENSG00000100426	ZBED4
17749	ENSG00000182858	ALG12
17750	ENSG00000184164	CRELD2
17751	ENSG00000198355	PIM3
17752	ENSG00000188263	IL17REL
17753	ENSG00000100427	MLC1
17754	ENSG00000073146	MOV10L1
17755	ENSG00000073150	PANX2
17756	ENSG00000170638	TRABD
17757	ENSG00000073169	SELENOO
17758	ENSG00000128159	TUBGCP6
17759	ENSG00000100429	HDAC10
17760	ENSG00000188130	MAPK12
17761	ENSG00000185386	MAPK11
17762	ENSG00000196576	PLXNB2
17763	ENSG00000205593	DENND6B
17764	ENSG00000100239	PPP6R2
17765	ENSG00000100241	SBF1
17766	ENSG00000128165	ADM2
17767	ENSG00000100253	MIOX
17768	ENSG00000100258	LMF2
17769	ENSG00000025770	NCAPH2
17770	ENSG00000284194	SCO2
17771	ENSG00000177989	ODF3B
17772	ENSG00000130487	KLHDC7B
17773	ENSG00000217442	SYCE3
17774	ENSG00000205560	CPT1B
17775	ENSG00000100288	CHKB
17776	ENSG00000008735	MAPK8IP2
17777	ENSG00000100299	ARSA
17778	ENSG00000251322	SHANK3
17779	ENSG00000100312	ACR
17780	ENSG00000079974	RABL2B
17781	ENSG00000182378	PLCXD1
17782	ENSG00000178605	GTPBP6
17783	ENSG00000167393	PPP2R3B
17784	ENSG00000185960	SHOX
17785	ENSG00000205755	CRLF2
17786	ENSG00000198223	CSF2RA
17787	ENSG00000185291	IL3RA
17788	ENSG00000169100	SLC25A6
17789	ENSG00000169093	ASMTL
17790	ENSG00000182162	P2RY8
17791	ENSG00000197976	AKAP17A
17792	ENSG00000196433	ASMT
17793	ENSG00000169084	DHRSX
17794	ENSG00000214717	ZBED1
17795	ENSG00000002586	CD99
17796	ENSG00000124343	XG
17797	ENSG00000056998	GYG2
17798	ENSG00000006756	ARSD
17799	ENSG00000157399	ARSL
17800	ENSG00000205667	ARSH
17801	ENSG00000062096	ARSF
17802	ENSG00000101825	MXRA5
17803	ENSG00000183943	PRKX
17804	ENSG00000146938	NLGN4X
17805	ENSG00000169059	VCX3A
17806	ENSG00000130021	PUDP
17807	ENSG00000101846	STS
17808	ENSG00000182583	VCX
17809	ENSG00000006757	PNPLA4
17810	ENSG00000177504	VCX2
17811	ENSG00000205642	VCX3B
17812	ENSG00000011201	ANOS1
17813	ENSG00000183304	FAM9A
17814	ENSG00000177138	FAM9B
17815	ENSG00000101849	TBL1X
17816	ENSG00000101850	GPR143
17817	ENSG00000146950	SHROOM2
17818	ENSG00000234469	CLDN34
17819	ENSG00000047644	WWC3
17820	ENSG00000073464	CLCN4
17821	ENSG00000101871	MID1
17822	ENSG00000004961	HCCS
17823	ENSG00000047648	ARHGAP6
17824	ENSG00000125363	AMELX
17825	ENSG00000005302	MSL3
17826	ENSG00000169933	FRMPD4
17827	ENSG00000101911	PRPS2
17828	ENSG00000196664	TLR7
17829	ENSG00000101916	TLR8
17830	ENSG00000205542	TMSB4X
17831	ENSG00000187268	FAM9C
17832	ENSG00000123594	ATXN3L
17833	ENSG00000198759	EGFL6
17834	ENSG00000176896	TCEANC
17835	ENSG00000123595	RAB9A
17836	ENSG00000196459	TRAPPC2
17837	ENSG00000046651	OFD1
17838	ENSG00000046653	GPM6B
17839	ENSG00000046647	GEMIN8
17840	ENSG00000101958	GLRA2
17841	ENSG00000181544	FANCB
17842	ENSG00000130150	MOSPD2
17843	ENSG00000102048	ASB9
17844	ENSG00000165192	ASB11
17845	ENSG00000165195	PIGA
17846	ENSG00000165197	VEGFD
17847	ENSG00000087842	PIR
17848	ENSG00000102010	BMX
17849	ENSG00000130234	ACE2
17850	ENSG00000147003	CLTRN
17851	ENSG00000169239	CA5B
17852	ENSG00000169249	ZRSR2
17853	ENSG00000182287	AP1S2
17854	ENSG00000126010	GRPR
17855	ENSG00000182798	MAGEB17
17856	ENSG00000047230	CTPS2
17857	ENSG00000169906	S100G
17858	ENSG00000169895	SYAP1
17859	ENSG00000086712	TXLNG
17860	ENSG00000102054	RBBP7
17861	ENSG00000169891	REPS2
17862	ENSG00000188158	NHS
17863	ENSG00000047634	SCML1
17864	ENSG00000131831	RAI2
17865	ENSG00000177324	BEND2
17866	ENSG00000102098	SCML2
17867	ENSG00000102104	RS1
17868	ENSG00000086717	PPEF1
17869	ENSG00000044446	PHKA2
17870	ENSG00000173698	ADGRG2
17871	ENSG00000131828	PDHA1
17872	ENSG00000180815	MAP3K15
17873	ENSG00000147010	SH3KBP1
17874	ENSG00000173681	BCLAF3
17875	ENSG00000184368	MAP7D2
17876	ENSG00000173674	EIF1AX
17877	ENSG00000177189	RPS6KA3
17878	ENSG00000149970	CNKSR2
17879	ENSG00000185915	KLHL34
17880	ENSG00000091482	SMPX
17881	ENSG00000012174	MBTPS2
17882	ENSG00000230797	YY2
17883	ENSG00000102172	SMS
17884	ENSG00000102174	PHEX
17885	ENSG00000175809	CBLL2
17886	ENSG00000184735	DDX53
17887	ENSG00000123131	PRDX4
17888	ENSG00000123130	ACOT9
17889	ENSG00000130066	SAT1
17890	ENSG00000184831	APOO
17891	ENSG00000165182	CXorf58
17892	ENSG00000174010	KLHL15
17893	ENSG00000130741	EIF2S3
17894	ENSG00000005889	ZFX
17897	ENSG00000102230	PCYT1B
17898	ENSG00000101868	POLA1
17899	ENSG00000004848	ARX
17900	ENSG00000176774	MAGEB18
17901	ENSG00000176746	MAGEB6
17902	ENSG00000188408	MAGEB5
17903	ENSG00000224960	PPP4R3C
17904	ENSG00000189186	DCAF8L2
17905	ENSG00000177689	MAGEB10
17906	ENSG00000226372	DCAF8L1
17907	ENSG00000169306	IL1RAPL1
17908	ENSG00000099399	MAGEB2
17909	ENSG00000198798	MAGEB3
17910	ENSG00000120289	MAGEB4
17911	ENSG00000214107	MAGEB1
17912	ENSG00000169297	NR0B1
17913	ENSG00000120280	TASL
17914	ENSG00000198814	GK
17915	ENSG00000157625	TAB3
17916	ENSG00000132446	FTHL17
17917	ENSG00000198947	DMD
17918	ENSG00000185448	FAM47A
17919	ENSG00000147027	TMEM47
17920	ENSG00000189132	FAM47B
17921	ENSG00000189023	MAGEB16
17922	ENSG00000165164	CFAP47
17923	ENSG00000198173	FAM47C
17924	ENSG00000130962	PRRG1
17925	ENSG00000147036	LANCL3
17926	ENSG00000047597	XK
17927	ENSG00000165168	CYBB
17928	ENSG00000165169	DYNLT3
17929	ENSG00000187516	H2AP
17931	ENSG00000147041	SYTL5
17932	ENSG00000101955	SRPX
17933	ENSG00000156313	RPGR
17934	ENSG00000036473	OTC
17935	ENSG00000156298	TSPAN7
17936	ENSG00000165175	MID1IP1
17937	ENSG00000183337	BCOR
17938	ENSG00000182220	ATP6AP2
17939	ENSG00000238205	MPC1L
17940	ENSG00000185753	CXorf38
17941	ENSG00000180182	MED14
17942	ENSG00000124486	USP9X
17943	ENSG00000215301	DDX3X
17944	ENSG00000188937	NYX
17945	ENSG00000147044	CASK
17946	ENSG00000171659	GPR34
17947	ENSG00000171657	GPR82
17948	ENSG00000102055	PPP1R2C
17949	ENSG00000189221	MAOA
17950	ENSG00000069535	MAOB
17951	ENSG00000124479	NDP
17952	ENSG00000183690	EFHC2
17953	ENSG00000069509	FUNDC1
17954	ENSG00000189037	DUSP21
17955	ENSG00000147050	KDM6A
17956	ENSG00000147113	DIPK2B
17957	ENSG00000147121	KRBOX4
17958	ENSG00000251192	ZNF674
17959	ENSG00000147119	CHST7
17960	ENSG00000065923	SLC9A7
17961	ENSG00000102218	RP2
17962	ENSG00000102221	JADE3
17963	ENSG00000130988	RGN
17964	ENSG00000147123	NDUFB11
17965	ENSG00000182872	RBM10
17966	ENSG00000130985	UBA1
17967	ENSG00000102225	CDK16
17968	ENSG00000102226	USP11
17969	ENSG00000147117	ZNF157
17970	ENSG00000147124	ZNF41
17971	ENSG00000078061	ARAF
17972	ENSG00000008056	SYN1
17973	ENSG00000102265	TIMP1
17974	ENSG00000126759	CFP
17975	ENSG00000126767	ELK1
17976	ENSG00000126756	UXT
17977	ENSG00000197779	ZNF81
17978	ENSG00000147118	ZNF182
17979	ENSG00000221994	ZNF630
17980	ENSG00000171489	SPACA5
17981	ENSG00000171478	SPACA5B
17982	ENSG00000165583	SSX5
17983	ENSG00000126752	SSX1
17984	ENSG00000165584	SSX3
17985	ENSG00000268009	SSX4
17986	ENSG00000269791	SSX4B
17987	ENSG00000017483	SLC38A5
17988	ENSG00000068438	FTSJ1
17989	ENSG00000102312	PORCN
17990	ENSG00000147155	EBP
17991	ENSG00000068354	TBC1D25
17992	ENSG00000102317	RBM3
17993	ENSG00000101940	WDR13
17994	ENSG00000015285	WAS
17995	ENSG00000101945	SUV39H1
17996	ENSG00000171433	GLOD5
17997	ENSG00000102145	GATA1
17998	ENSG00000094631	HDAC6
17999	ENSG00000187682	ERAS
18000	ENSG00000102109	PCSK1N
18001	ENSG00000102103	PQBP1
18002	ENSG00000126768	TIMM17B
18003	ENSG00000102100	SLC35A2
18004	ENSG00000102096	PIM2
18005	ENSG00000068308	OTUD5
18006	ENSG00000102057	KCND1
18007	ENSG00000068400	GRIPAP1
18008	ENSG00000068323	TFE3
18009	ENSG00000147144	CCDC120
18010	ENSG00000243279	PRAF2
18011	ENSG00000196998	WDR45
18012	ENSG00000068394	GPKOW
18013	ENSG00000269313	MAGIX
18014	ENSG00000102007	PLP2
18015	ENSG00000012211	PRICKLE3
18016	ENSG00000102003	SYP
18017	ENSG00000102001	CACNA1F
18018	ENSG00000101997	CCDC22
18019	ENSG00000049768	FOXP3
18020	ENSG00000049769	PPP1R3F
18021	ENSG00000215274	GAGE10
18022	ENSG00000224659	GAGE12J
18023	ENSG00000274274	GAGE13
18027	ENSG00000224902	GAGE12H
18028	ENSG00000189064	GAGE2A
18029	ENSG00000205777	GAGE1
18030	ENSG00000068985	PAGE1
18031	ENSG00000101951	PAGE4
18032	ENSG00000273820	USP27X
18033	ENSG00000171365	CLCN5
18034	ENSG00000147081	AKAP4
18035	ENSG00000147082	CCNB3
18036	ENSG00000274588	DGKK
18037	ENSG00000158352	SHROOM4
18038	ENSG00000130385	BMP15
18039	ENSG00000122824	NUDT10
18040	ENSG00000187690	EZHIP
18041	ENSG00000196368	NUDT11
18042	ENSG00000224109	CENPVL3
18043	ENSG00000283093	CENPVL2
18044	ENSG00000223591	CENPVL1
18045	ENSG00000189369	GSPT2
18046	ENSG00000179222	MAGED1
18047	ENSG00000187243	MAGED4B
18048	ENSG00000154545	MAGED4
18049	ENSG00000155622	XAGE2
18050	ENSG00000204379	XAGE1A
18051	ENSG00000204382	XAGE1B
18052	ENSG00000187754	SSX7
18053	ENSG00000241476	SSX2
18054	ENSG00000268447	SSX2B
18055	ENSG00000204363	SPANXN5
18056	ENSG00000171405	XAGE5
18057	ENSG00000171402	XAGE3
18058	ENSG00000179304	FAM156B
18059	ENSG00000268350	FAM156A
18060	ENSG00000184194	GPR173
18061	ENSG00000184205	TSPYL2
18062	ENSG00000232593	KANTR
18063	ENSG00000126012	KDM5C
18064	ENSG00000124313	IQSEC2
18065	ENSG00000072501	SMC1A
18066	ENSG00000158423	RIBC1
18067	ENSG00000072506	HSD17B10
18068	ENSG00000086758	HUWE1
18069	ENSG00000172943	PHF8
18070	ENSG00000184083	FAM120C
18071	ENSG00000196632	WNK3
18072	ENSG00000158526	TSR2
18073	ENSG00000102302	FGD1
18074	ENSG00000130119	GNL3L
18075	ENSG00000102313	ITIH6
18076	ENSG00000102316	MAGED2
18077	ENSG00000067445	TRO
18078	ENSG00000158571	PFKFB1
18079	ENSG00000169188	APEX2
18080	ENSG00000158578	ALAS2
18081	ENSG00000238269	PAGE2B
18082	ENSG00000234068	PAGE2
18083	ENSG00000182518	FAM104B
18084	ENSG00000256045	MTRNR2L10
18085	ENSG00000158639	PAGE5
18086	ENSG00000204279	PAGE3
18087	ENSG00000187601	MAGEH1
18088	ENSG00000247746	USP51
18089	ENSG00000189299	FOXR2
18090	ENSG00000083750	RRAGB
18091	ENSG00000102349	KLF8
18092	ENSG00000188021	UBQLN2
18093	ENSG00000204272	NBDY
18094	ENSG00000204271	SPIN3
18095	ENSG00000186787	SPIN2B
18096	ENSG00000147059	SPIN2A
18097	ENSG00000165591	FAAH2
18098	ENSG00000198455	ZXDB
18099	ENSG00000215174	NLRP2B
18100	ENSG00000198205	ZXDA
18101	ENSG00000186767	SPIN4
18102	ENSG00000131089	ARHGEF9
18103	ENSG00000184675	AMER1
18104	ENSG00000198881	ASB12
18105	ENSG00000102043	MTMR8
18106	ENSG00000126970	ZC4H2
18107	ENSG00000102053	ZC3H12B
18108	ENSG00000001497	LAS1L
18109	ENSG00000147065	MSN
18110	ENSG00000155659	VSIG4
18111	ENSG00000089472	HEPH
18112	ENSG00000131080	EDA2R
18113	ENSG00000169083	AR
18114	ENSG00000079482	OPHN1
18115	ENSG00000181704	YIPF6
18116	ENSG00000130052	STARD8
18117	ENSG00000090776	EFNB1
18118	ENSG00000181191	PJA1
18119	ENSG00000130054	NALF2
18120	ENSG00000158813	EDA
18121	ENSG00000147160	AWAT2
18122	ENSG00000189401	OTUD6A
18123	ENSG00000089289	IGBP1
18124	ENSG00000184210	DGAT2L6
18125	ENSG00000204195	AWAT1
18126	ENSG00000186912	P2RY4
18127	ENSG00000120500	ARR3
18128	ENSG00000147127	RAB41
18129	ENSG00000120509	PDZD11
18130	ENSG00000090889	KIF4A
18131	ENSG00000130055	GDPD2
18132	ENSG00000082458	DLG3
18133	ENSG00000120498	TEX11
18134	ENSG00000165349	SLC7A3
18135	ENSG00000147164	SNX12
18136	ENSG00000184481	FOXO4
18137	ENSG00000204165	CXorf65
18138	ENSG00000147168	IL2RG
18139	ENSG00000184634	MED12
18140	ENSG00000196338	NLGN3
18141	ENSG00000169562	GJB1
18142	ENSG00000147130	ZMYM3
18143	ENSG00000147140	NONO
18144	ENSG00000147166	ITGB1BP2
18145	ENSG00000147133	TAF1
18146	ENSG00000147162	OGT
18147	ENSG00000147174	GCNA
18148	ENSG00000186810	CXCR3
18149	ENSG00000215115	CXorf49
18150	ENSG00000215113	CXorf49B
18151	ENSG00000204131	NHSL2
18152	ENSG00000242732	RTL5
18153	ENSG00000102309	PIN4
18154	ENSG00000186871	ERCC6L
18155	ENSG00000198034	RPS4X
18156	ENSG00000125931	CITED1
18157	ENSG00000147099	HDAC8
18158	ENSG00000067177	PHKA1
18159	ENSG00000184911	DMRTC1B
18160	ENSG00000268994	FAM236B
18161	ENSG00000225396	FAM236D
18162	ENSG00000269502	DMRTC1
18163	ENSG00000283594	FAM236C
18164	ENSG00000275520	FAM236A
18165	ENSG00000184388	PABPC1L2B
18166	ENSG00000186288	PABPC1L2A
18167	ENSG00000186462	NAP1L2
18168	ENSG00000131264	CDX4
18169	ENSG00000204116	CHIC1
18170	ENSG00000187969	ZCCHC13
18171	ENSG00000147100	SLC16A2
18172	ENSG00000131263	RLIM
18173	ENSG00000050030	NEXMIF
18174	ENSG00000131269	ABCB7
18175	ENSG00000094841	UPRT
18176	ENSG00000102383	ZDHHC15
18177	ENSG00000186675	MAGEE2
18178	ENSG00000102390	PBDC1
18179	ENSG00000198934	MAGEE1
18180	ENSG00000196468	FGF16
18181	ENSG00000085224	ATRX
18182	ENSG00000102158	MAGT1
18183	ENSG00000131174	COX7B
18184	ENSG00000165240	ATP7A
18185	ENSG00000102144	PGK1
18186	ENSG00000226784	PGAM4
18187	ENSG00000187325	TAF9B
18188	ENSG00000173198	CYSLTR1
18189	ENSG00000179300	RTL3
18190	ENSG00000147145	LPAR4
18191	ENSG00000078589	P2RY10
18192	ENSG00000147138	GPR174
18193	ENSG00000078596	ITM2A
18194	ENSG00000122145	TBX22
18195	ENSG00000174016	TENT5D
18196	ENSG00000165288	BRWD3
18197	ENSG00000198157	HMGN5
18198	ENSG00000131171	SH3BGRL
18199	ENSG00000196767	POU3F4
18200	ENSG00000183035	CYLC1
18201	ENSG00000072133	RPS6KA6
18202	ENSG00000165259	HDX
18203	ENSG00000155008	APOOL
18204	ENSG00000184788	SATL1
18205	ENSG00000147180	ZNF711
18206	ENSG00000124429	POF1B
18207	ENSG00000188419	CHM
18208	ENSG00000126733	DACH2
18209	ENSG00000102271	KLHL4
18210	ENSG00000147183	CPXCR1
18211	ENSG00000153779	TGIF2LX
18212	ENSG00000174740	PABPC5
18213	ENSG00000102290	PCDH11X
18214	ENSG00000186310	NAP1L3
18215	ENSG00000179083	FAM133A
18216	ENSG00000147202	DIAPH2
18217	ENSG00000204086	RPA4
18218	ENSG00000165194	PCDH19
18219	ENSG00000000005	TNMD
18220	ENSG00000000003	TSPAN6
18221	ENSG00000102359	SRPX2
18222	ENSG00000102362	SYTL4
18223	ENSG00000101811	CSTF2
18224	ENSG00000007952	NOX1
18225	ENSG00000182489	XKRX
18226	ENSG00000174225	ARL13A
18227	ENSG00000188917	TRMT2B
18228	ENSG00000126950	TMEM35A
18229	ENSG00000102384	CENPI
18230	ENSG00000102385	DRP2
18231	ENSG00000102387	TAF7L
18232	ENSG00000126953	TIMM8A
18233	ENSG00000010671	BTK
18234	ENSG00000241343	RPL36A
18235	ENSG00000126945	HNRNPH2
18236	ENSG00000196440	ARMCX4
18237	ENSG00000126947	ARMCX1
18238	ENSG00000198960	ARMCX6
18239	ENSG00000102401	ARMCX3
18240	ENSG00000184867	ARMCX2
18241	ENSG00000166432	ZMAT1
18242	ENSG00000184905	TCEAL2
18243	ENSG00000204071	TCEAL6
18244	ENSG00000184515	BEX5
18245	ENSG00000269405	NXF2
18246	ENSG00000269437	NXF2B
18247	ENSG00000158164	TMSB15A
18248	ENSG00000125962	ARMCX5
18250	ENSG00000198932	GPRASP1
18251	ENSG00000158301	GPRASP2
18252	ENSG00000198908	BHLHB9
18253	ENSG00000102128	RAB40AL
18254	ENSG00000133169	BEX1
18255	ENSG00000147206	NXF3
18256	ENSG00000102409	BEX4
18257	ENSG00000180964	TCEAL8
18258	ENSG00000204065	TCEAL5
18259	ENSG00000133134	BEX2
18260	ENSG00000182916	TCEAL7
18261	ENSG00000185222	TCEAL9
18262	ENSG00000166681	BEX3
18263	ENSG00000172476	RAB40A
18264	ENSG00000133142	TCEAL4
18265	ENSG00000196507	TCEAL3
18266	ENSG00000172465	TCEAL1
18267	ENSG00000123562	MORF4L2
18268	ENSG00000179363	TMEM31
18269	ENSG00000123560	PLP1
18270	ENSG00000123570	RAB9B
18271	ENSG00000158427	TMSB15B
18272	ENSG00000123569	H2BW1
18273	ENSG00000101812	H2BW2
18274	ENSG00000269743	SLC25A53
18275	ENSG00000166707	ZCCHC18
18276	ENSG00000123575	FAM199X
18277	ENSG00000123576	ESX1
18278	ENSG00000189108	IL1RAPL2
18279	ENSG00000268629	TEX13A
18280	ENSG00000123572	NRK
18281	ENSG00000123561	SERPINA7
18282	ENSG00000157502	PWWP3B
18283	ENSG00000147231	RADX
18284	ENSG00000133135	RNF128
18285	ENSG00000133138	TBC1D8B
18286	ENSG00000133131	MORC4
18287	ENSG00000147223	RIPPLY1
18288	ENSG00000165376	CLDN2
18289	ENSG00000089682	RBM41
18290	ENSG00000198088	NUP62CL
18291	ENSG00000080572	DNAAF6
18292	ENSG00000147234	FRMPD3
18293	ENSG00000147224	PRPS1
18294	ENSG00000157514	TSC22D3
18295	ENSG00000170935	NCBP2L
18296	ENSG00000080561	MID2
18297	ENSG00000170925	TEX13B
18298	ENSG00000101842	VSIG1
18299	ENSG00000101843	PSMD10
18300	ENSG00000101844	ATG4A
18301	ENSG00000197565	COL4A6
18302	ENSG00000188153	COL4A5
18303	ENSG00000101890	GUCY2F
18304	ENSG00000101888	NXT2
18305	ENSG00000176076	KCNE5
18306	ENSG00000068366	ACSL4
18307	ENSG00000157600	TMEM164
18308	ENSG00000101935	AMMECR1
18310	ENSG00000243978	RTL9
18312	ENSG00000101938	CHRDL1
18313	ENSG00000077264	PAK3
18314	ENSG00000077274	CAPN6
18315	ENSG00000077279	DCX
18316	ENSG00000260802	SERTM2
18317	ENSG00000101901	ALG13
18318	ENSG00000072315	TRPC5
18319	ENSG00000204025	TRPC5OS
18320	ENSG00000187823	RTL4
18321	ENSG00000182508	LHFPL1
18322	ENSG00000126016	AMOT
18323	ENSG00000147246	HTR2C
18324	ENSG00000123496	IL13RA2
18325	ENSG00000130224	LRCH2
18326	ENSG00000175718	RBMXL3
18327	ENSG00000102021	LUZP4
18328	ENSG00000102024	PLS3
18329	ENSG00000180772	AGTR2
18330	ENSG00000268104	SLC6A14
18331	ENSG00000204019	CT83
18332	ENSG00000003096	KLHL13
18333	ENSG00000131725	WDR44
18334	ENSG00000147251	DOCK11
18335	ENSG00000131724	IL13RA1
18336	ENSG00000174460	ZCCHC12
18337	ENSG00000175556	LONRF3
18338	ENSG00000250423	KIAA1210
18339	ENSG00000101856	PGRMC1
18340	ENSG00000077713	SLC25A43
18341	ENSG00000005022	SLC25A5
18342	ENSG00000018610	STEEP1
18343	ENSG00000077721	UBE2A
18344	ENSG00000186416	NKRF
18345	ENSG00000125354	SEPTIN6
18346	ENSG00000187808	SOWAHD
18347	ENSG00000198918	RPL39
18348	ENSG00000125351	UPF3B
18349	ENSG00000125352	RNF113A
18350	ENSG00000125356	NDUFA1
18351	ENSG00000186471	AKAP14
18352	ENSG00000101882	NKAP
18353	ENSG00000203989	RHOXF2B
18354	ENSG00000101883	RHOXF1
18355	ENSG00000131721	RHOXF2
18356	ENSG00000177485	ZBTB33
18357	ENSG00000125355	TMEM255A
18358	ENSG00000101892	ATP1B4
18359	ENSG00000005893	LAMP2
18360	ENSG00000232119	MCTS1
18361	ENSG00000171155	C1GALT1C1
18362	ENSG00000236446	CT47B1
18365	ENSG00000226023	CT47A6
18367	ENSG00000182890	GLUD2
18368	ENSG00000125675	GRIA3
18369	ENSG00000125676	THOC2
18370	ENSG00000101966	XIAP
18371	ENSG00000101972	STAG2
18372	ENSG00000183918	SH2D1A
18373	ENSG00000282419	TEX13D
18374	ENSG00000009694	TENM1
18375	ENSG00000282815	TEX13C
18376	ENSG00000198354	DCAF12L2
18377	ENSG00000198889	DCAF12L1
18378	ENSG00000183631	PRR32
18379	ENSG00000123165	ACTRT1
18380	ENSG00000102038	SMARCA1
18381	ENSG00000122126	OCRL
18382	ENSG00000171388	APLN
18383	ENSG00000122121	XPNPEP2
18384	ENSG00000122122	SASH3
18385	ENSG00000188706	ZDHHC9
18386	ENSG00000156697	UTP14A
18387	ENSG00000085185	BCORL1
18388	ENSG00000102034	ELF4
18389	ENSG00000156709	AIFM1
18390	ENSG00000134594	RAB33A
18391	ENSG00000056277	ZNF280C
18392	ENSG00000102078	SLC25A14
18393	ENSG00000147262	GPR119
18394	ENSG00000134597	RBMX2
18395	ENSG00000165675	ENOX2
18396	ENSG00000147256	ARHGAP36
18397	ENSG00000147255	IGSF1
18398	ENSG00000134602	STK26
18399	ENSG00000165694	FRMD7
18400	ENSG00000123728	RAP2C
18401	ENSG00000171004	HS6ST2
18402	ENSG00000134588	USP26
18403	ENSG00000183434	TFDP3
18404	ENSG00000076716	GPC4
18405	ENSG00000147257	GPC3
18406	ENSG00000203952	CCDC160
18407	ENSG00000156531	PHF6
18408	ENSG00000165704	HPRT1
18409	ENSG00000170965	PLAC1
18410	ENSG00000156504	PABIR2
18411	ENSG00000156500	PABIR3
18412	ENSG00000101928	MOSPD1
18413	ENSG00000184785	SMIM10
18414	ENSG00000212747	RTL8B
18415	ENSG00000134590	RTL8C
18416	ENSG00000203950	RTL8A
18417	ENSG00000196972	SMIM10L2B
18418	ENSG00000224107	ETDB
18419	ENSG00000169551	CT55
18420	ENSG00000186376	ZNF75D
18421	ENSG00000238210	ETDA
18422	ENSG00000173275	ZNF449
18423	ENSG00000178947	SMIM10L2A
18424	ENSG00000165359	INTS6L
18425	ENSG00000268940	CT45A1
18426	ENSG00000269096	CT45A3
18427	ENSG00000228836	CT45A5
18428	ENSG00000278289	CT45A6
18429	ENSG00000271449	CT45A2
18430	ENSG00000273696	CT45A7
18431	ENSG00000270946	CT45A9
18432	ENSG00000269586	CT45A10
18433	ENSG00000181433	SAGE1
18434	ENSG00000169446	MMGT1
18435	ENSG00000198689	SLC9A6
18436	ENSG00000022267	FHL1
18437	ENSG00000129680	MAP7D3
18438	ENSG00000156920	ADGRG4
18439	ENSG00000102239	BRS3
18440	ENSG00000102241	HTATSF1
18441	ENSG00000102243	VGLL1
18442	ENSG00000102245	CD40LG
18443	ENSG00000129675	ARHGEF6
18444	ENSG00000147274	RBMX
18445	ENSG00000165370	GPR101
18446	ENSG00000156925	ZIC3
18447	ENSG00000101981	F9
18448	ENSG00000101977	MCF2
18449	ENSG00000101974	ATP11C
18450	ENSG00000203933	CXorf66
18451	ENSG00000134595	SOX3
18452	ENSG00000227234	SPANXB1
18453	ENSG00000182195	LDOC1
18454	ENSG00000198573	SPANXC
18455	ENSG00000198021	SPANXA1
18456	ENSG00000203926	SPANXA2
18457	ENSG00000196406	SPANXD
18458	ENSG00000165509	MAGEC3
18459	ENSG00000155495	MAGEC1
18460	ENSG00000046774	MAGEC2
18461	ENSG00000189326	SPANXN4
18462	ENSG00000189252	SPANXN3
18463	ENSG00000179542	SLITRK4
18464	ENSG00000268988	SPANXN2
18465	ENSG00000203923	SPANXN1
18466	ENSG00000185985	SLITRK2
18468	ENSG00000224440	CXorf51A
18469	ENSG00000102081	FMR1
18470	ENSG00000176988	FMR1NB
18471	ENSG00000155966	AFF2
18472	ENSG00000010404	IDS
18473	ENSG00000197620	EOLA1
18474	ENSG00000283697	HSFX3
18475	ENSG00000267978	MAGEA9B
18476	ENSG00000268738	HSFX2
18477	ENSG00000269556	TMEM185A
18478	ENSG00000185247	MAGEA11
18479	ENSG00000171116	HSFX1
18480	ENSG00000123584	MAGEA9
18481	ENSG00000156009	MAGEA8
18482	ENSG00000197021	EOLA2
18483	ENSG00000283463	HSFX4
18484	ENSG00000013619	MAMLD1
18485	ENSG00000171100	MTM1
18486	ENSG00000063601	MTMR1
18487	ENSG00000102181	CD99L2
18488	ENSG00000029993	HMGB3
18489	ENSG00000102195	GPR50
18490	ENSG00000160131	VMA21
18491	ENSG00000166049	PASD1
18492	ENSG00000130032	PRRG3
18493	ENSG00000147378	FATE1
18494	ENSG00000183862	CNGA2
18495	ENSG00000147381	MAGEA4
18496	ENSG00000102287	GABRE
18497	ENSG00000124260	MAGEA10
18498	ENSG00000011677	GABRA3
18499	ENSG00000268089	GABRQ
18500	ENSG00000221867	MAGEA3
18501	ENSG00000268902	CSAG2
18502	ENSG00000183305	MAGEA2B
18503	ENSG00000198930	CSAG1
18504	ENSG00000213401	MAGEA12
18505	ENSG00000268606	MAGEA2
18506	ENSG00000268916	CSAG3
18507	ENSG00000197172	MAGEA6
18508	ENSG00000147400	CETN2
18509	ENSG00000147383	NSDHL
18510	ENSG00000147394	ZNF185
18511	ENSG00000198883	PNMA5
18512	ENSG00000183837	PNMA3
18513	ENSG00000235961	PNMA6A
18514	ENSG00000198681	MAGEA1
18515	ENSG00000225110	PNMA6F
18516	ENSG00000063587	ZNF275
18517	ENSG00000214897	PNMA6E
18518	ENSG00000189420	ZFP92
18519	ENSG00000183479	TREX2
18520	ENSG00000213397	HAUS7
18521	ENSG00000182492	BGN
18522	ENSG00000067842	ATP2B3
18523	ENSG00000262919	CCNQ
18524	ENSG00000130829	DUSP9
18525	ENSG00000130822	PNCK
18526	ENSG00000130821	SLC6A8
18527	ENSG00000185825	BCAP31
18528	ENSG00000101986	ABCD1
18529	ENSG00000198753	PLXNB3
18530	ENSG00000184343	SRPK3
18531	ENSG00000067829	IDH3G
18532	ENSG00000180879	SSR4
18533	ENSG00000067840	PDZD4
18534	ENSG00000198910	L1CAM
18535	ENSG00000126895	AVPR2
18536	ENSG00000089820	ARHGAP4
18537	ENSG00000102030	NAA10
18538	ENSG00000172534	HCFC1
18539	ENSG00000177854	TMEM187
18540	ENSG00000184216	IRAK1
18541	ENSG00000169057	MECP2
18542	ENSG00000102076	OPN1LW
18543	ENSG00000268221	OPN1MW
18546	ENSG00000278057	TEX28
18547	ENSG00000007350	TKTL1
18548	ENSG00000196924	FLNA
18549	ENSG00000102119	EMD
18550	ENSG00000147403	RPL10
18551	ENSG00000013563	DNASE1L1
18552	ENSG00000102125	TAFAZZIN
18553	ENSG00000071553	ATP6AP1
18554	ENSG00000203879	GDI1
18555	ENSG00000071859	FAM50A
18556	ENSG00000130827	PLXNA3
18557	ENSG00000196976	LAGE3
18558	ENSG00000102178	UBL4A
18559	ENSG00000126903	SLC10A3
18560	ENSG00000071889	FAM3A
18561	ENSG00000160211	G6PD
18562	ENSG00000269335	IKBKG
18563	ENSG00000268651	CTAG1A
18564	ENSG00000184033	CTAG1B
18565	ENSG00000126890	CTAG2
18566	ENSG00000160219	GAB3
18567	ENSG00000130826	DKC1
18568	ENSG00000130830	MPP1
18569	ENSG00000203870	SMIM9
18570	ENSG00000185010	F8
18571	ENSG00000274183	H2AB1
18573	ENSG00000165775	FUNDC2
18574	ENSG00000182712	CMC4
18575	ENSG00000214827	MTCP1
18576	ENSG00000185515	BRCC3
18577	ENSG00000155959	VBP1
18578	ENSG00000155961	RAB39B
18579	ENSG00000155962	CLIC2
18580	ENSG00000277858	H2AB2
18582	ENSG00000277150	F8A3
18583	ENSG00000277745	H2AB3
18584	ENSG00000185973	TMLHE
18585	ENSG00000168939	SPRY3
18586	ENSG00000124333	VAMP7
18587	ENSG00000124334	IL9R
18588	ENSG00000184895	SRY
18589	ENSG00000129824	RPS4Y1
18590	ENSG00000067646	ZFY
18591	ENSG00000176679	TGIF2LY
18592	ENSG00000099715	PCDH11Y
18593	ENSG00000168757	TSPY2
18594	ENSG00000099721	AMELY
18595	ENSG00000092377	TBL1Y
18596	ENSG00000233803	TSPY4
18597	ENSG00000229549	TSPY8
18598	ENSG00000228927	TSPY3
18599	ENSG00000258992	TSPY1
18600	ENSG00000236424	TSPY10
18601	ENSG00000114374	USP9Y
18602	ENSG00000067048	DDX3Y
18603	ENSG00000183878	UTY
18604	ENSG00000154620	TMSB4Y
18605	ENSG00000129864	VCY
18606	ENSG00000129862	VCY1B
18607	ENSG00000165246	NLGN4Y
18608	ENSG00000172468	HSFY1
18609	ENSG00000169953	HSFY2
18610	ENSG00000012817	KDM5D
18611	ENSG00000198692	EIF1AY
18613	ENSG00000234414	RBMY1A1
18614	ENSG00000244395	RBMY1D
18615	ENSG00000242389	RBMY1E
18616	ENSG00000169807	PRY2
18617	ENSG00000169800	RBMY1F
18618	ENSG00000226941	RBMY1J
18619	ENSG00000169789	PRY
18620	ENSG00000183753	BPY2
18621	ENSG00000188120	DAZ1
18622	ENSG00000205944	DAZ2
18626	ENSG00000187191	DAZ3
18627	ENSG00000205916	DAZ4
18628	ENSG00000185894	BPY2C
18629	ENSG00000172288	CDY1
